{"type":"FeatureCollection","features":[{"type":"Feature","geometry":{"type":"Polygon","coordinates":[[[-53.94787977750971,-31.953920466107057],[-53.96002430839892,-31.95532109199804],[-53.971698116082685,-31.941505608820773],[-53.97128049557843,-31.93643246882188],[-53.965264890935934,-31.936940758223905],[-53.96096310741981,-31.931026997631005],[-53.96260295405986,-31.9224672814834],[-53.968775636802775,-31.9225203686806],[-53.96914850945904,-31.91810777879805],[-54.002217988643245,-31.9146760861475],[-54.004895076773806,-31.908005785442857],[-54.01397907695148,-31.908323166965182],[-54.01055911639902,-31.904803738444887],[-54.0167628906208,-31.90373687169294],[-54.014366803383574,-31.900836008684667],[-54.030793213854416,-31.8985231782839],[-54.030891301711335,-31.895053221478218],[-54.053320537980156,-31.90553409210039],[-54.059409397577554,-31.9195300620268],[-54.068233353159904,-31.92251791595843],[-54.07346230270998,-31.91877513352867],[-54.089202078948475,-31.935380119032654],[-54.10802328281935,-31.91917710339771],[-54.10527203496287,-31.912982117725136],[-54.110523217337075,-31.90791261941206],[-54.141660046014294,-31.89511349083173],[-54.145367920764464,-31.883395070166088],[-54.216702716822056,-31.830056042420697],[-54.22723233284746,-31.805563454892727],[-54.224231885835614,-31.796947629367526],[-54.214647290227624,-31.7933115518639],[-54.23062928912604,-31.755962346318537],[-54.22159173689777,-31.747752494067555],[-54.21288087821143,-31.726468669884987],[-54.20605271619858,-31.723501318368747],[-54.20695842530342,-31.71786365605151],[-54.19238225722757,-31.710648250819137],[-54.18978190864178,-31.697242338634272],[-54.18402037018628,-31.700320578141834],[-54.179038130487704,-31.697336778248655],[-54.17824837864776,-31.68072566216959],[-54.1698502441654,-31.677851756011165],[-54.16962333176047,-31.670265647499594],[-54.15477130654188,-31.65634323266169],[-54.154715898327716,-31.645889988549154],[-54.14379661869473,-31.64017407330767],[-54.13342062162463,-31.64167861478118],[-54.11273666852786,-31.630257562622813],[-54.11414872335636,-31.626341172675478],[-54.100957631173216,-31.610590094988044],[-54.09966764163823,-31.597237488923895],[-54.09128491239853,-31.594720870842053],[-54.074490505788795,-31.571934233870195],[-54.07312015518148,-31.560512599018466],[-54.04569880243084,-31.541764280003804],[-54.04086415831632,-31.52080428697239],[-54.03479148086534,-31.519476951193884],[-54.02374235799574,-31.48872006116581],[-54.01827287421278,-31.488552120859328],[-54.01236733435654,-31.479321463291225],[-53.99271825493158,-31.475224085387204],[-53.970576579338314,-31.481278536892418],[-53.96022019545657,-31.47950888170662],[-53.94929505883304,-31.485372934113393],[-53.93775300688767,-31.481384124672473],[-53.93244478053949,-31.465179828448846],[-53.92361778447995,-31.465205149739706],[-53.92183397343328,-31.454037187044086],[-53.91214498840272,-31.453456608560156],[-53.90386587434576,-31.444224785959513],[-53.89443521101464,-31.447481554773237],[-53.8511213525857,-31.43795190348767],[-53.84027474140543,-31.41400942096512],[-53.843156355356264,-31.410486908080223],[-53.82964350920895,-31.40240564149614],[-53.817332330566444,-31.405766859762643],[-53.809017903582784,-31.39884456475871],[-53.803259371491166,-31.38177151617582],[-53.807553674748945,-31.374427343875663],[-53.802666564746346,-31.366293831535355],[-53.81067410557526,-31.34589708837859],[-53.80018771240331,-31.339866995596044],[-53.78705219214371,-31.344646189632428],[-53.77195052918392,-31.335846118348417],[-53.775119427285695,-31.31765292158623],[-53.76747298559283,-31.31231907969167],[-53.74597378981286,-31.319969629492306],[-53.73739443293042,-31.32807592969212],[-53.716876216087805,-31.324910655318032],[-53.68598317400989,-31.337543944311903],[-53.67217959964751,-31.330746526778686],[-53.65550937044481,-31.334655239846025],[-53.64048506610977,-31.342002841972974],[-53.637831370498894,-31.353035516560425],[-53.626967844696466,-31.358769616292985],[-53.62533318854697,-31.380002382341956],[-53.61044786388106,-31.386616322307077],[-53.596299787657934,-31.387104422973785],[-53.58773677135532,-31.3818429901183],[-53.581248865914155,-31.389767005531933],[-53.56203125862886,-31.395715647696964],[-53.559011613506975,-31.39376344168527],[-53.56205161903182,-31.38767990918533],[-53.55291392854194,-31.37551644407781],[-53.53758365031337,-31.385964583795825],[-53.53668736151673,-31.402020814785647],[-53.517433696865226,-31.409247706609335],[-53.51310585913074,-31.419105880287198],[-53.51676082439154,-31.429983076731933],[-53.503634826200496,-31.444183791066216],[-53.50853498819825,-31.459905046698662],[-53.50290019320371,-31.474268605638386],[-53.50757428941493,-31.48532502512169],[-53.50453531761438,-31.498054833126798],[-53.513507169096506,-31.528751715440027],[-53.51044111037344,-31.53556381252277],[-53.49812665408062,-31.53687676388695],[-53.48928067779835,-31.549720466208473],[-53.50495102572852,-31.557746403741866],[-53.50057423522764,-31.56922459704017],[-53.519788112360786,-31.593091908448187],[-53.521938497803134,-31.60291931952215],[-53.511814015112954,-31.612045126591248],[-53.50689697604394,-31.63153481184566],[-53.52105303897214,-31.639239704716598],[-53.5215464647314,-31.65051313868181],[-53.53864103231932,-31.656953689607896],[-53.54729523059728,-31.673470553361085],[-53.56573696081334,-31.68811330961908],[-53.55757215038055,-31.693682663495004],[-53.552152037352464,-31.705859976224428],[-53.560186752777014,-31.71286834017036],[-53.5615136799043,-31.721657922314364],[-53.57528425372062,-31.73096910786256],[-53.599118545221295,-31.728887769377888],[-53.6026228313809,-31.75422456152173],[-53.61224767560793,-31.766663161599435],[-53.59912294618635,-31.800917710985125],[-53.60398015830289,-31.812543891107026],[-53.58902797799596,-31.822512182104777],[-53.55033759083972,-31.830307696675476],[-53.53640687929594,-31.84715433320374],[-53.53486998805676,-31.861006519862883],[-53.539760927638845,-31.864015594167295],[-53.53492233275294,-31.87985439045826],[-53.517193510220686,-31.88362791582021],[-53.51266693051149,-31.900493980234042],[-53.49506995465655,-31.898647997186174],[-53.480308222788175,-31.91378640811661],[-53.45758754827181,-31.918190525929134],[-53.43264275241209,-31.895667603066784],[-53.42030780320806,-31.895875414847076],[-53.41433381928993,-31.90175322466786],[-53.40362503795001,-31.92507267858024],[-53.406669952944036,-31.933165240932674],[-53.44491567838734,-31.965057110246516],[-53.44218802109936,-31.9845976643225],[-53.4670316304224,-31.998570817327735],[-53.469100344489235,-32.00489093373322],[-53.45739719553344,-32.01219850637016],[-53.45707589992742,-32.02599903981102],[-53.46896351551072,-32.03060104257165],[-53.474723168895686,-32.0402029761447],[-53.47392434691993,-32.051437564763546],[-53.48331659423227,-32.07352378537128],[-53.466440714899086,-32.08943031014183],[-53.46589769175897,-32.104029580587074],[-53.44009207944595,-32.11304706776649],[-53.410022998829604,-32.13395802636542],[-53.411160071458404,-32.15618508181135],[-53.40746772598903,-32.15947533210958],[-53.3954445305159,-32.15953947810033],[-53.38463088352486,-32.172335216587335],[-53.35532823620359,-32.18158385456375],[-53.33862126251058,-32.196250957189164],[-53.339839932734655,-32.19985469213043],[-53.32956734753625,-32.20994677590927],[-53.329893812367764,-32.21733688361442],[-53.321850286013316,-32.22277307796071],[-53.30322111947056,-32.220616282226814],[-53.287104938604536,-32.23237900666023],[-53.28868027644176,-32.25165244286477],[-53.271395767643966,-32.2577960523045],[-53.2950060270739,-32.2705727052517],[-53.29236765688508,-32.309004338181005],[-53.308227862837484,-32.32632321672903],[-53.302947421226534,-32.336287247257395],[-53.293874752296695,-32.34035836566802],[-53.29139701322865,-32.35373364623047],[-53.30706887641189,-32.35896691527543],[-53.33486758156278,-32.38367812503293],[-53.349960107154224,-32.38502132034508],[-53.3466359933817,-32.392759756596284],[-53.335038920290785,-32.39920375067311],[-53.344219525957485,-32.423081816277595],[-53.34037287633484,-32.42901801020242],[-53.34393928499613,-32.43341575434182],[-53.34119573584518,-32.45091509493078],[-53.34701752411708,-32.45583771181577],[-53.35216513959504,-32.454254785198835],[-53.351690265792854,-32.47179845380651],[-53.33070069115599,-32.49254772661414],[-53.33009512122055,-32.50431778802604],[-53.33582111872554,-32.51284581094732],[-53.334431837202935,-32.53253527646845],[-53.291809103061205,-32.54443547120289],[-53.29322030467132,-32.56514176250251],[-53.28014771485168,-32.5757001041079],[-53.2811686782897,-32.57980809284696],[-53.265004353242205,-32.57900198322316],[-53.263220731426635,-32.57175275673665],[-53.24374359647397,-32.5747536978101],[-53.21874559757667,-32.59777554872997],[-53.19771849666499,-32.581376613315285],[-53.195467608929675,-32.590466469586055],[-53.17391437769567,-32.61491218297417],[-53.18380944947017,-32.63975327933273],[-53.175729810951424,-32.64869718491075],[-53.1779465319898,-32.65471863079518],[-53.18754680245521,-32.639686441385535],[-53.20171094316849,-32.6343021466043],[-53.20041358476407,-32.63312156360778],[-53.19980882395485,-32.63119819860608],[-53.202024654750815,-32.63376783986003],[-53.20823643302913,-32.62891189065415],[-53.21043946911518,-32.628236299223616],[-53.21469364616673,-32.628459216310844],[-53.203692686828425,-32.63686691349827],[-53.21326514777831,-32.637380094483625],[-53.23698729587646,-32.628087284356454],[-53.242855671243824,-32.62024807424131],[-53.2429203719469,-32.60599000247871],[-53.25299162202637,-32.59893882426743],[-53.274699084318186,-32.60439790883983],[-53.28691596360422,-32.6203087851495],[-53.31018114458934,-32.597093416548105],[-53.33590826503205,-32.58344023976362],[-53.34816403745963,-32.58533865619602],[-53.34850260422448,-32.589716986446206],[-53.34107486981135,-32.58566877097421],[-53.3466394844817,-32.591663647267765],[-53.353869808408255,-32.590858245576975],[-53.36971557328213,-32.56947840960987],[-53.38401593007442,-32.57329675201368],[-53.379796933237614,-32.57262962596842],[-53.38760060629056,-32.58691365434105],[-53.400375991428476,-32.58176803664995],[-53.41441499957379,-32.56905524041909],[-53.42061707298431,-32.557923284591816],[-53.41587583692844,-32.55568805647344],[-53.4206039777675,-32.55559739985374],[-53.430872963538995,-32.565797114851236],[-53.436611445324374,-32.54749832648288],[-53.45611841635178,-32.523381058235294],[-53.464747333436456,-32.4946764307312],[-53.461253169906826,-32.4873097504225],[-53.469227689031285,-32.48006771307366],[-53.4793650960909,-32.48623006882537],[-53.499823340279264,-32.48196113498989],[-53.5134915709052,-32.48890555309721],[-53.513628214316434,-32.483661444251865],[-53.519736442399655,-32.48209465695591],[-53.52529372509754,-32.4888502922588],[-53.541004212241496,-32.480116446740276],[-53.53951613413893,-32.47287655468645],[-53.55339710250573,-32.473741253495],[-53.564247289255825,-32.460113136123226],[-53.58113325512266,-32.45213129518855],[-53.586061070275385,-32.43656832779653],[-53.61201233962894,-32.41629117803377],[-53.60992519337051,-32.39981331861185],[-53.62194378321011,-32.390249762545416],[-53.64273468137418,-32.38392051549105],[-53.64118318453277,-32.368136360107066],[-53.630521025375145,-32.350383385085365],[-53.64258073356075,-32.33346911525986],[-53.64092185644611,-32.3245680299775],[-53.655021146298424,-32.31593514096754],[-53.653861659024415,-32.3119441784935],[-53.64534223452336,-32.31246532484062],[-53.640533331150166,-32.296736578378486],[-53.65384796129508,-32.28975003450688],[-53.654801801513635,-32.276843110562055],[-53.66331367334757,-32.27420376619686],[-53.67660469436408,-32.2578776195329],[-53.67533450767088,-32.236544829716436],[-53.69288866374698,-32.21329888414108],[-53.69376352661404,-32.204409216906],[-53.70393326822263,-32.20683932987214],[-53.71098805105611,-32.19884515228502],[-53.70187037198408,-32.18937784541412],[-53.711379823229905,-32.188020668350696],[-53.71242074325682,-32.17768834541426],[-53.72294189197875,-32.173700942567955],[-53.71723761027895,-32.15328208198222],[-53.73435312646548,-32.152310874352956],[-53.724520899875415,-32.14198499157003],[-53.74288567150821,-32.11642031791084],[-53.736257778421866,-32.10730128053002],[-53.73885231267126,-32.10185154334555],[-53.73018129766958,-32.107241765035646],[-53.72391819978713,-32.096973409212985],[-53.74435585935783,-32.09189756194339],[-53.74429354891413,-32.07812985234021],[-53.76313807774044,-32.08005568756028],[-53.768631451343246,-32.07374901230362],[-53.78831815391152,-32.072161801547686],[-53.78994364267461,-32.068307612760925],[-53.80224398012406,-32.07118367742517],[-53.81310792768499,-32.059629326219955],[-53.826425828777786,-32.05954336222271],[-53.83471487472889,-32.05136927474507],[-53.83278179204433,-32.04254985156614],[-53.840940052736194,-32.03990182905828],[-53.836459918190606,-32.033404052372184],[-53.85098187702712,-32.03005976182459],[-53.852283533462064,-32.00786812346184],[-53.848634967551526,-32.000933433131586],[-53.86334512064256,-31.992676115646987],[-53.871275884676464,-31.998988388118452],[-53.8912427610836,-31.995399637609438],[-53.89557921094657,-31.980968664297706],[-53.90718614627732,-31.975017082332513],[-53.91336236037985,-31.96484231581422],[-53.93023475872219,-31.96325982296049],[-53.94679843731935,-31.95399727880403],[-53.943721596855305,-31.949058010250138],[-53.950232522800505,-31.945036358430904],[-53.95555556576747,-31.924636122191114],[-53.952079370571255,-31.915622931875465],[-53.93102123672591,-31.901386512023016],[-53.930745137020985,-31.874724058942324],[-53.9023129453582,-31.850287709983206],[-53.87949370558481,-31.84653870713721],[-53.863933115498384,-31.834197593256437],[-53.85296125169213,-31.83265921653909],[-53.8435852364978,-31.82511887107437],[-53.83250472947299,-31.826936892485808],[-53.80253352258778,-31.80576969551116],[-53.792476033914475,-31.796266412891907],[-53.79408220082421,-31.787156869088644],[-53.800265731257305,-31.773553377402227],[-53.7974961192141,-31.758842061199157],[-53.78790754577757,-31.751483568242545],[-53.78091301759583,-31.75200562214561],[-53.77018152693832,-31.743327663434215],[-53.77241030019971,-31.730603761882552],[-53.76281029357678,-31.709655317224037],[-53.769577105541806,-31.693380231976818],[-53.76565939249295,-31.68630100061123],[-53.76244051690932,-31.647700808782233],[-53.75875838029985,-31.643210389423725],[-53.7491108059895,-31.650283111145644],[-53.73258938438071,-31.651879076241023],[-53.718942701422385,-31.647591068270582],[-53.70712476375202,-31.640329780911916],[-53.701967622212294,-31.632146844268448],[-53.702406901278366,-31.62533618821729],[-53.68643853187327,-31.61837544197956],[-53.68281812803923,-31.598216502679396],[-53.684312613561204,-31.59430150521813],[-53.660569498729544,-31.588540266344825],[-53.670029592040855,-31.571160393465263],[-53.66697057609458,-31.561541842057725],[-53.66806522151601,-31.549852394566056],[-53.671256657077095,-31.537427145893833],[-53.67764764595167,-31.52695634567121],[-53.667808710330505,-31.506545930498632],[-53.67430129245142,-31.49328534232529],[-53.67238065337969,-31.481431809319666],[-53.67821073626083,-31.46911451258488],[-53.70165960284202,-31.439044679137012],[-53.72598297476401,-31.42998880374608],[-53.72732739697445,-31.41929680559227],[-53.73659175095331,-31.40555927026137],[-53.766326801089676,-31.390334729508336],[-53.73736825242708,-31.40622612166591],[-53.72831748769978,-31.419655383086713],[-53.72687580021877,-31.430616505318287],[-53.702292603542915,-31.439813436772745],[-53.67915928572718,-31.4695082275955],[-53.673443061829985,-31.481544969469777],[-53.675363908444005,-31.493403961829145],[-53.668905498463964,-31.50659301466725],[-53.67873779251604,-31.527079088825392],[-53.669111603726925,-31.549955227337428],[-53.67111489671063,-31.571253434871174],[-53.661782990039555,-31.58817963021858],[-53.685405901629444,-31.593694856548574],[-53.68745143800211,-31.61786947277444],[-53.70328919665883,-31.62479494237453],[-53.70799315093395,-31.639808681819943],[-53.71949714596867,-31.646822161549508],[-53.748829577667806,-31.649403111218007],[-53.75882968296042,-31.642091706917622],[-53.7633753504935,-31.6472711035435],[-53.770639142335526,-31.693329789435705],[-53.763914833851054,-31.709719083370366],[-53.77345468337579,-31.730442406498756],[-53.77126305356062,-31.743105384945064],[-53.78141129707531,-31.751188655086132],[-53.78835517062433,-31.75064942108254],[-53.79853810761638,-31.75863020531969],[-53.80133806377123,-31.773596336736173],[-53.79350220402459,-31.79586565652785],[-53.83294375285999,-31.826076391659836],[-53.8440241495789,-31.82425832728298],[-53.86454110880185,-31.83343727215983],[-53.8799324041532,-31.845678032929225],[-53.902751455686904,-31.84942694992489],[-53.93165692739252,-31.874231960677676],[-53.93206067152253,-31.90104464546805],[-53.95297745888726,-31.915103898048912],[-53.95659774297375,-31.924474056883934],[-53.95120491636011,-31.94539999205925],[-53.94482773494035,-31.949228639127067],[-53.94787977750971,-31.953920466107057]]]},"properties":{"cuenca":"LAGUNA MERÍN entre RÍO YAGUARÓN y Río Tacuarí","area_km2":5476,"estaciones":["ana-88260000"]}},{"type":"Feature","geometry":{"type":"Polygon","coordinates":[[[-54.86337540537602,-34.91658402313498],[-54.85495199590031,-34.913540089011214],[-54.84667850579303,-34.89237496693905],[-54.82065402513489,-34.87815582887482],[-54.82312824208137,-34.87225000365792],[-54.81781216637473,-34.867332704219294],[-54.829087748914695,-34.85654651216928],[-54.82348867843252,-34.84322544830438],[-54.83388863942959,-34.82038333120683],[-54.829954396105144,-34.81136255515649],[-54.815467964120415,-34.80004248921897],[-54.81944046758722,-34.79476791457884],[-54.81159174365663,-34.79470854237308],[-54.80644538817533,-34.7829497564532],[-54.77993192487958,-34.769564243967885],[-54.77970283666534,-34.74842996803944],[-54.79178893878731,-34.74365883886736],[-54.80003115145903,-34.73128013919657],[-54.78071605837449,-34.72569190286011],[-54.77492189557594,-34.712031948948585],[-54.76210161107997,-34.70402467687562],[-54.76057292927402,-34.68806157298842],[-54.77106990401956,-34.669942846961874],[-54.752395685743764,-34.6549786080843],[-54.77279962183348,-34.63702064145275],[-54.78703022528665,-34.641073896761824],[-54.802492943926815,-34.63810835592645],[-54.80317180993093,-34.6325687136608],[-54.820747814215366,-34.61960836275239],[-54.811145591324355,-34.6162488098797],[-54.80880147068676,-34.607492351477845],[-54.80215423830847,-34.60391817081238],[-54.80674849432398,-34.59749035710379],[-54.79747138070628,-34.58411223778383],[-54.780379079133354,-34.566745944635436],[-54.75869115016933,-34.559641817302484],[-54.74758414700331,-34.54255507368095],[-54.74320553904757,-34.531170037715626],[-54.747412420427,-34.525943283980304],[-54.741117772072485,-34.52084609897886],[-54.73931159211396,-34.50467395053305],[-54.72521245859505,-34.488100474885584],[-54.72591914451837,-34.47909820199295],[-54.73174862408947,-34.47630966299377],[-54.725191978726656,-34.47125833201574],[-54.72543066812502,-34.461860245852506],[-54.707753776194764,-34.44848456088847],[-54.69916337003049,-34.4275508216461],[-54.70747255992626,-34.424687768253946],[-54.704802660592776,-34.415280414411356],[-54.696966053797325,-34.40829647838541],[-54.69280208592006,-34.410998455456934],[-54.678836579301596,-34.385302196290716],[-54.66584579722071,-34.377807389515105],[-54.664423966094034,-34.36567194397038],[-54.653529632443984,-34.35610051850627],[-54.65518327287285,-34.34643710691564],[-54.63875086169668,-34.35231798020436],[-54.6141040741472,-34.34009447033539],[-54.57596553570817,-34.341282143052545],[-54.56850504298442,-34.3608053475259],[-54.55390837230925,-34.36745076155967],[-54.54873495566199,-34.364332044032395],[-54.530603281447014,-34.36967601385326],[-54.524087671401695,-34.37862566237384],[-54.51659773230849,-34.3753010721973],[-54.50512587192488,-34.38107157014987],[-54.49462163176072,-34.375790002464754],[-54.48972671043869,-34.382831339315615],[-54.47526850407039,-34.384659468046344],[-54.470498797253704,-34.383645884606565],[-54.46625466818979,-34.372358094825586],[-54.45393140144628,-34.3677145013657],[-54.44797752187785,-34.33668934555823],[-54.43101985536761,-34.330778667464],[-54.42527873470679,-34.31100765955855],[-54.41486247047439,-34.31443711896515],[-54.41575061544465,-34.304467958296456],[-54.41041753680916,-34.298395999372744],[-54.4142664362626,-34.29338987532639],[-54.39702378045098,-34.278935981837854],[-54.37406855617611,-34.2790526800209],[-54.355931676745946,-34.286524223051075],[-54.351585792731555,-34.29817938685958],[-54.345513638343384,-34.30108722306909],[-54.334959210480434,-34.28892028264949],[-54.31975411867319,-34.28452945385274],[-54.31741974214963,-34.289610996198896],[-54.302615261380474,-34.29148445648187],[-54.29815573742022,-34.2972651945876],[-54.30091205059224,-34.30966874099544],[-54.293803233870214,-34.31829811478483],[-54.29987793320641,-34.34301055358958],[-54.28417560170796,-34.36615036489757],[-54.274456677661234,-34.37041789820969],[-54.27320158039105,-34.378590642563154],[-54.26402303164409,-34.38200952667972],[-54.265350380685206,-34.39742650242318],[-54.2542537033686,-34.40278549206868],[-54.254806557063965,-34.41006782868093],[-54.24254033228248,-34.41150899179534],[-54.23915538091124,-34.41851802566128],[-54.22154044191795,-34.413306136391505],[-54.21415029177285,-34.419925979359554],[-54.200547920498614,-34.419759981841395],[-54.18729110491516,-34.43220794855299],[-54.190777082075144,-34.44549735833147],[-54.18087074979623,-34.45945529958762],[-54.181879361950806,-34.46594947460027],[-54.164986793646364,-34.46799591714649],[-54.14704699354022,-34.47835091439184],[-54.11910953540608,-34.481969053062194],[-54.11769542358327,-34.49410515114041],[-54.11080190855828,-34.498424413606244],[-54.10974862852843,-34.505641922141365],[-54.09570510404036,-34.50634074626082],[-54.07971210065753,-34.52190643414628],[-54.124753862998915,-34.57215817474085],[-54.13866304293482,-34.598153265018944],[-54.172549444777125,-34.62244808767033],[-54.177416818758516,-34.63101991256291],[-54.19671043520367,-34.64033290942764],[-54.19293378574079,-34.6518502162792],[-54.273434204253824,-34.68421861915312],[-54.26819753752393,-34.67582230633415],[-54.221487268601905,-34.660534919710294],[-54.24867481835221,-34.663786188682266],[-54.2583872941308,-34.64708183191379],[-54.25216172233028,-34.61998141891662],[-54.261270912001834,-34.60905548224942],[-54.25413362747633,-34.60477408890849],[-54.25506372994944,-34.58986895830925],[-54.246545529915586,-34.58025182717126],[-54.2391772801393,-34.59140631670176],[-54.239215906183624,-34.57885137663304],[-54.228166576029636,-34.57708716969468],[-54.232843212845886,-34.57176641535233],[-54.2377048086617,-34.575163650062464],[-54.23299493208099,-34.569488012894574],[-54.234634443653306,-34.56630934923907],[-54.233293281517994,-34.56926651214835],[-54.23739676989797,-34.5735733749057],[-54.23994595175667,-34.56777441362076],[-54.248076854716714,-34.56704885575789],[-54.24308482992074,-34.55720587589091],[-54.25036329243579,-34.55006268412811],[-54.25411341310643,-34.54974365626884],[-54.2547496102329,-34.560914355372226],[-54.257452668097315,-34.5537739600502],[-54.264035002748365,-34.56253677764599],[-54.27300621277313,-34.555141247513546],[-54.275813547832165,-34.560701502630565],[-54.28340188888407,-34.56100333198495],[-54.28656426989955,-34.563854745296034],[-54.28396478671196,-34.573809247170594],[-54.29368916562097,-34.56970151806978],[-54.295597168136254,-34.56471031225616],[-54.29355256385501,-34.56784397564816],[-54.28836150344806,-34.56869915090991],[-54.304564010086224,-34.55221832855752],[-54.307399016779975,-34.552192252511915],[-54.30609021702597,-34.56560954556076],[-54.28018118997619,-34.58112605700613],[-54.2819862328331,-34.59692178790062],[-54.32058478011905,-34.59309658848788],[-54.32483184837479,-34.60563149099411],[-54.334399786930135,-34.61201109150238],[-54.34033548233801,-34.6135874949444],[-54.34749408411279,-34.60630903614758],[-54.34919957891357,-34.61166524270267],[-54.3507268045636,-34.60972749795276],[-54.35267360484901,-34.60936303762584],[-54.350757189051556,-34.628673923700134],[-54.36673088307167,-34.62934942613626],[-54.366584096768435,-34.64041609723134],[-54.351989607048004,-34.642460932224274],[-54.34053199843845,-34.655276431884374],[-54.32985639565411,-34.65449920258814],[-54.32448531097137,-34.651685266388455],[-54.325021298920795,-34.63681984041859],[-54.33033238516881,-34.63061972356466],[-54.32606426591221,-34.624096658300985],[-54.28401413648074,-34.66700689310216],[-54.28161782782674,-34.67995603891362],[-54.2744602802288,-34.68451902235714],[-54.45865763837899,-34.75029322630825],[-54.6171732115628,-34.82550595971635],[-54.631585390139094,-34.83797250642423],[-54.62939777446589,-34.846737643646634],[-54.63641937257981,-34.84866386472233],[-54.64504317399608,-34.83987686421371],[-54.65619372555435,-34.83871940582239],[-54.69146388313305,-34.84744887832304],[-54.74455945925937,-34.86961178609603],[-54.805020974136916,-34.90314487946698],[-54.83499204236871,-34.907011404573794],[-54.852294964535446,-34.91775371043046],[-54.86337540537602,-34.91658402313498]]]},"properties":{"cuenca":"OCÉANO ATLÁNTICO entre Ao. Maldonado y LAGUNA DE ROCHA","area_km2":2466,"estaciones":["Rocha"]}},{"type":"Feature","geometry":{"type":"Polygon","coordinates":[[[-56.03840004225368,-31.058432971363438],[-56.06825505368137,-31.04661245736507],[-56.08121246376943,-31.012147112269332],[-56.115006717685446,-30.999245569294313],[-56.14325504576592,-30.99733512392017],[-56.14167562022261,-30.955874143112148],[-56.16456726855649,-30.946998382279126],[-56.180997400413546,-30.93225813699597],[-56.19682970549088,-30.93198666776453],[-56.219191939548345,-30.93912324999781],[-56.24339598587617,-30.926226546607058],[-56.255524808251096,-30.92594851464905],[-56.262316190042334,-30.915781715508],[-56.29383483427227,-30.924213442375827],[-56.32784825004107,-30.911055296330876],[-56.342469804430166,-30.914762755181425],[-56.35569772361227,-30.899846440009405],[-56.376474310362696,-30.89575022363898],[-56.40562627758986,-30.878021381787836],[-56.452360362327596,-30.901911141454832],[-56.455614195903685,-30.91015891589237],[-56.50175775773486,-30.914682174080085],[-56.51351468383181,-30.92140697207517],[-56.513873103473784,-30.92847880825822],[-56.52868990180765,-30.941367979797057],[-56.55300393033181,-30.93936258752732],[-56.581501656555126,-30.948119513062625],[-56.59768721201079,-30.93834618200143],[-56.63045394244867,-30.930890958719495],[-56.6499838710607,-30.9309136959475],[-56.664962911504226,-30.939817158764725],[-56.67757699096019,-30.93459932933302],[-56.69224658004766,-30.938039470840508],[-56.7183009262661,-30.935446848719735],[-56.72953803181597,-30.93230923422873],[-56.737177667551535,-30.920805582233836],[-56.82026855405178,-30.908506438618613],[-56.82129466967271,-30.900928418580556],[-56.83328011712418,-30.890486427628243],[-56.82461153636215,-30.88411761852156],[-56.82559573630974,-30.875648577502815],[-56.83757955609349,-30.870070999415994],[-56.851186143121936,-30.87326823730003],[-56.90762773315749,-30.820731906581834],[-56.933947536476694,-30.820531496837962],[-56.956107059849046,-30.806718085384837],[-57.009636890418314,-30.787851601281027],[-57.01349461302228,-30.77361831826784],[-57.03561011655303,-30.75860983730325],[-57.09863247587366,-30.753668467054343],[-57.109037251405155,-30.73895506700466],[-57.14027190094304,-30.73130146184982],[-57.15469707480448,-30.72292298577891],[-57.213086177905325,-30.7303345606709],[-57.21621689575079,-30.73467558375832],[-57.22585158285051,-30.732860263271643],[-57.26175042673427,-30.711630141400864],[-57.30839765581957,-30.697573240175874],[-57.31260581525529,-30.682353600006575],[-57.3313601203554,-30.675268120056643],[-57.3355481068094,-30.650523467438415],[-57.356894588803485,-30.625290776218286],[-57.365199092103026,-30.59920332346781],[-57.38105751080894,-30.58020587386355],[-57.389823698472064,-30.57627902093561],[-57.40227649302662,-30.551082900521322],[-57.44117466744889,-30.518116542632306],[-57.44355487387396,-30.501459140884613],[-57.42092541094874,-30.479573705980417],[-57.42044828944851,-30.454010852052903],[-57.412933628853835,-30.450121294593117],[-57.40251461603417,-30.428893470193557],[-57.414459783656106,-30.397842044294787],[-57.43475269449045,-30.374494773308356],[-57.44600940780789,-30.37232701902267],[-57.44957409444929,-30.357389246828543],[-57.4655485979046,-30.356578301093222],[-57.480595830976114,-30.334925738102108],[-57.52296055491193,-30.34215697209663],[-57.54701599423881,-30.332020241065898],[-57.55788154028067,-30.31806759525056],[-57.57831651018905,-30.309280686208666],[-57.57496819580554,-30.28597693688071],[-57.58474524433781,-30.248145817989645],[-57.580685088405694,-30.228298243954477],[-57.59363305883824,-30.222296209995868],[-57.60292928485106,-30.211445080150447],[-57.61041261323521,-30.189972832680255],[-57.559807043083495,-30.21412819842773],[-57.55761368985251,-30.223343598585846],[-57.56260417449809,-30.23879242412734],[-57.558734838256775,-30.234984494262875],[-57.568517305701576,-30.2523036245768],[-57.56774483677869,-30.25847369284759],[-57.554759279342186,-30.266088646419803],[-57.54919013151119,-30.275443240214685],[-57.55088516259183,-30.28078659529921],[-57.547743466329536,-30.275895453682526],[-57.53528143807443,-30.285133918937184],[-57.53600598400282,-30.28084050072731],[-57.52333369059012,-30.28706845272179],[-57.49899835560079,-30.290227519037238],[-57.487886878492,-30.269466054330415],[-57.46546196923639,-30.266645723060403],[-57.451611748727146,-30.277411858186714],[-57.41717720580423,-30.279359927070793],[-57.422434482670646,-30.2919206764456],[-57.4215423288323,-30.302754280936142],[-57.39571141496701,-30.305822628003522],[-57.3879364151551,-30.303021176648],[-57.38925892489199,-30.296945451413333],[-57.3738146431841,-30.276776453752905],[-57.36158786981393,-30.27241341215619],[-57.35793398521782,-30.283747236471434],[-57.35265514869917,-30.28582262850522],[-57.321512449063945,-30.272176587680566],[-57.31490785718766,-30.258710698836094],[-57.306391779549415,-30.265047433310933],[-57.294523627778965,-30.286721241670808],[-57.28594461474763,-30.294364129575253],[-57.282173122204306,-30.295298064488563],[-57.27734779881047,-30.29341512526564],[-57.268479793912284,-30.284762069999537],[-57.268033887913006,-30.272215689517733],[-57.258845038398206,-30.267284360296255],[-57.253014719191555,-30.274936378471804],[-57.25580781763618,-30.28092849145396],[-57.255375170824465,-30.28444253408282],[-57.25034727318965,-30.28958511466643],[-57.24643925196951,-30.290773529132974],[-57.22056338830494,-30.289910629310178],[-57.20248184574832,-30.28537047302615],[-57.19511037566539,-30.264940326547254],[-57.16762984510164,-30.249830760548594],[-57.166317884760915,-30.248162182958996],[-57.166755901985866,-30.242252032389473],[-57.161331316611715,-30.24302317301249],[-57.15449851558177,-30.234181587187177],[-57.15444580612114,-30.232428344529836],[-57.16484183543119,-30.224026822116567],[-57.161971868375524,-30.21693053877718],[-57.16733282611554,-30.21687862734483],[-57.16398673648682,-30.212531945370777],[-57.167784586946475,-30.20759466079727],[-57.16495115947782,-30.20339524695294],[-57.16757776153039,-30.19884312688219],[-57.158272661503794,-30.192923367023077],[-57.157630578078,-30.18488094733411],[-57.15280111029223,-30.18186434607301],[-57.14381818389826,-30.172202429217],[-57.14346616154579,-30.165956913102278],[-57.13390537071648,-30.157359846495858],[-57.12900855897158,-30.141783800854746],[-57.11445541475234,-30.145620112963638],[-57.110340790735876,-30.143510860734324],[-57.10458926463049,-30.135427172600732],[-57.104293160396146,-30.12577966254977],[-57.10851397309397,-30.125348777067227],[-57.1105003416585,-30.12812696530144],[-57.1134691359608,-30.12673973425439],[-57.11582638902622,-30.114702582250096],[-57.1081644906009,-30.117051335060154],[-57.0962611154605,-30.115175039721752],[-57.095326048839084,-30.121321891485508],[-57.09006070442558,-30.121203105762966],[-57.08444874951432,-30.115634011451],[-57.08533501589413,-30.109633766660775],[-57.09139747175549,-30.11198207275081],[-57.08647457004315,-30.105519786603086],[-57.08620446244711,-30.100847824492227],[-57.06931249229058,-30.086870581599257],[-57.06163753838315,-30.0901614494739],[-57.067589202823285,-30.091144662566276],[-57.06761519352791,-30.101778959460468],[-57.05635006231251,-30.099355936609143],[-57.044184720261114,-30.105857244765165],[-57.030490501746826,-30.101778404135818],[-57.020710647083895,-30.08753761099093],[-57.00296197433729,-30.088282585462764],[-56.993943046739325,-30.08635576780217],[-56.98419532902009,-30.08805468179315],[-56.977003713568706,-30.098113560524755],[-56.956141901244195,-30.101663895535992],[-56.94347874800395,-30.099165313365937],[-56.93419768830854,-30.09477360470069],[-56.91653847548477,-30.096831221875735],[-56.91135310430639,-30.10290633073134],[-56.91478721562149,-30.108207838387738],[-56.91465738334677,-30.11048500728819],[-56.91128322409277,-30.111435237274648],[-56.905984516983246,-30.10838646219045],[-56.906261571844496,-30.112724424903377],[-56.90414800859173,-30.114088636127786],[-56.899535885166706,-30.111230287421435],[-56.89145581344737,-30.101984141095073],[-56.884578215783016,-30.087978083671302],[-56.87826393245398,-30.088532426497505],[-56.874492412129065,-30.086855189313578],[-56.87338604731551,-30.09286986447325],[-56.87012883499377,-30.094314559625964],[-56.85316776653337,-30.08927099309731],[-56.83008429544429,-30.093782180421808],[-56.81797075310466,-30.107194567934147],[-56.81239769341543,-30.10791363134406],[-56.80923106174284,-30.103646129307847],[-56.80568146287155,-30.10557157472905],[-56.80064808789081,-30.121825426450787],[-56.780683855717285,-30.126906789529578],[-56.778380548628775,-30.13431326447902],[-56.78545330591974,-30.151545730972643],[-56.782410987376295,-30.159077871168453],[-56.777193895105654,-30.1639075674226],[-56.77295999913361,-30.164937080828754],[-56.75845514779079,-30.16156403189192],[-56.71778042147341,-30.18085793914998],[-56.70596759159384,-30.17670600037271],[-56.70845383796104,-30.18909394268235],[-56.697479780472506,-30.205415214559892],[-56.69341100929141,-30.204365657426436],[-56.68096598790811,-30.19487991213242],[-56.679181725893244,-30.200781665795436],[-56.662514220512584,-30.198450327261813],[-56.65191092277917,-30.207798704105418],[-56.64676248519848,-30.205077286684663],[-56.649839816825,-30.21149966502033],[-56.657856176552166,-30.212740443566986],[-56.6677230708987,-30.21705394677055],[-56.66877541013837,-30.219260116380397],[-56.664872063631435,-30.222682918060976],[-56.64946469756049,-30.221809266507396],[-56.64225871803691,-30.2346466725629],[-56.62549668625322,-30.246065892153343],[-56.630730285367875,-30.254002566307314],[-56.64083834278678,-30.254884143818813],[-56.6408129711317,-30.25743986315723],[-56.637712973874486,-30.260992483325534],[-56.628284324232865,-30.267205259637482],[-56.61238914768643,-30.264118705089462],[-56.60753706845823,-30.282022074620393],[-56.621846337508735,-30.29335445552454],[-56.619543492603825,-30.30107495000679],[-56.61603490849568,-30.302164601039696],[-56.612306104435305,-30.300742439449028],[-56.60494206207115,-30.293163919303606],[-56.59974498440073,-30.29583238405108],[-56.59631400386155,-30.295955270610406],[-56.576544626380425,-30.289621017417286],[-56.57676840260315,-30.3023368569413],[-56.57426146206857,-30.305826516620577],[-56.57741477860151,-30.308445568001808],[-56.57696967078633,-30.31264258027516],[-56.579454253028565,-30.313935722073197],[-56.579854231816505,-30.314555728071497],[-56.57880974141404,-30.321832178651892],[-56.57422855652628,-30.306480026382694],[-56.55618685002224,-30.32072013249436],[-56.551574299671806,-30.318360133304765],[-56.54609932577266,-30.312069606021048],[-56.54190087401554,-30.313422964549627],[-56.54104987840639,-30.327016396010837],[-56.53766753256012,-30.33445906606411],[-56.54921869138382,-30.33903664782017],[-56.55208369317363,-30.343020044697756],[-56.55015390327773,-30.347848193306763],[-56.54476560963743,-30.35285529892371],[-56.5466440737673,-30.360375945494464],[-56.542661688155796,-30.3616820080062],[-56.52194244109433,-30.359672090588866],[-56.518007263372645,-30.361312923120913],[-56.51383626477858,-30.366399423983076],[-56.50531902827117,-30.37123365627441],[-56.507099122781284,-30.382305060177835],[-56.49701275339457,-30.387080093510704],[-56.49207801221497,-30.397620481410694],[-56.48979814758578,-30.399014467682314],[-56.48358316240766,-30.399388432376895],[-56.47580981577767,-30.389784508581837],[-56.46172607521894,-30.385429327261473],[-56.45454932502123,-30.401875977949768],[-56.44486768869772,-30.41263790161236],[-56.454207179685596,-30.42068016658324],[-56.454078292846425,-30.422911421806205],[-56.43655393527926,-30.433777322572773],[-56.427012158877965,-30.435756210418873],[-56.41633681419543,-30.43169916408877],[-56.41214599271887,-30.443143629785368],[-56.40729900031802,-30.447660880945087],[-56.398357610768095,-30.449441667320553],[-56.401699221426206,-30.45979472384576],[-56.40629560925886,-30.458919857413175],[-56.407516657464875,-30.45999985893307],[-56.40653358620333,-30.47017472490469],[-56.401665903382124,-30.47516675471845],[-56.39685932056649,-30.472083147221475],[-56.39770985769145,-30.478116924057478],[-56.396127480874995,-30.485073663034964],[-56.386812706876334,-30.4873438134061],[-56.38814639236878,-30.490757686929815],[-56.38456606169416,-30.49281328525042],[-56.38886137482202,-30.491990266884304],[-56.3897977710582,-30.493349016180343],[-56.38373752291934,-30.49880816076941],[-56.37714276222521,-30.50244005442897],[-56.366445718001174,-30.503554597372414],[-56.35895218274836,-30.499722971745577],[-56.35960317502713,-30.49553970804117],[-56.36431608587899,-30.4961421846037],[-56.36372350006437,-30.492604786786504],[-56.35640317369365,-30.49202664906168],[-56.34764294459493,-30.505737762711306],[-56.335512199707495,-30.511928832920447],[-56.337867281138976,-30.519293589048022],[-56.3363753281203,-30.524324106302853],[-56.328761778260336,-30.530250487964434],[-56.32498782121042,-30.528473809423236],[-56.322414253857,-30.53213157702476],[-56.305667093004935,-30.530676484055707],[-56.29570116157431,-30.526412152154066],[-56.292637400048186,-30.523673962562228],[-56.29200846952187,-30.520479445731535],[-56.28709754880312,-30.52821683631554],[-56.29004410916385,-30.529450646356874],[-56.288733829619275,-30.541142505020108],[-56.28520828242898,-30.547378470383634],[-56.279093203172486,-30.553612464890644],[-56.28195074689729,-30.56083261374435],[-56.27551129988793,-30.561258361948976],[-56.26555189659118,-30.5551652099588],[-56.25842887180863,-30.562141378998458],[-56.25672522158849,-30.56670459331413],[-56.26199084660529,-30.570217456578142],[-56.262177351459826,-30.585093125453003],[-56.25545893729723,-30.588451946249208],[-56.245036155795326,-30.5748832173525],[-56.23351445417987,-30.575529629287413],[-56.22452994377,-30.58415827047577],[-56.23494918252495,-30.587207461261507],[-56.2347946748871,-30.593680219936587],[-56.23155163179738,-30.596040183933603],[-56.22488635589429,-30.597584590321024],[-56.21991207845775,-30.607829791856275],[-56.21516629264291,-30.60916566817508],[-56.192318598165635,-30.60459133791189],[-56.1711428751125,-30.615454970442663],[-56.171976994038786,-30.618594798180972],[-56.17918067936364,-30.620974516645536],[-56.18313580807064,-30.624581489612787],[-56.18343323876946,-30.62667358696501],[-56.1808721831985,-30.63249152915918],[-56.16543052293791,-30.642240392641167],[-56.170279962109106,-30.65311424238985],[-56.16553618698222,-30.666123796721863],[-56.15212222240083,-30.680937024492664],[-56.14580569596672,-30.681785144543955],[-56.143953956393965,-30.680012980468298],[-56.13822332563003,-30.68499992878491],[-56.15022686490524,-30.693059500330833],[-56.15115468738467,-30.705171647750152],[-56.13255215298849,-30.713885276512993],[-56.128871752916965,-30.720343791095747],[-56.13161676654916,-30.723725486184765],[-56.132988089097495,-30.73178169936475],[-56.12522226960419,-30.73927314039109],[-56.1066412628157,-30.732438388109454],[-56.10292347234276,-30.743920260120042],[-56.09623809635141,-30.753831978928922],[-56.08837653324073,-30.757997315639226],[-56.08537971197204,-30.756759748569433],[-56.07360827013969,-30.745716698734345],[-56.06846147828009,-30.747487050316696],[-56.066123360045935,-30.768653726877794],[-56.0622109075543,-30.77513897031007],[-56.05028483096259,-30.776973329792703],[-56.039582550089335,-30.775653561763118],[-56.0358315754813,-30.784334128713944],[-56.022916908862804,-30.786426124677433],[-56.020266032370586,-30.79369291815883],[-56.006368278676895,-30.788449707620096],[-55.9932589063369,-30.792831703042005],[-55.99130102104776,-30.80711330938954],[-55.98750595033227,-30.811150967453983],[-55.966480102550136,-30.809308995076922],[-55.9612020486455,-30.812439585738755],[-55.95119626243719,-30.8142048888861],[-55.927944787177026,-30.813284385837683],[-55.9247823193572,-30.819767247612287],[-55.919425490300085,-30.820458117852784],[-55.911474092654935,-30.81451416541601],[-55.89406208372343,-30.82138007370666],[-55.869000677128305,-30.817830978909292],[-55.86668617603759,-30.821363283645084],[-55.848178014161455,-30.829859873085777],[-55.826390815403144,-30.83191532316072],[-55.81389489055509,-30.84518979985565],[-55.79401801677932,-30.859969800140806],[-55.78032980036671,-30.86665053161703],[-55.73367088552928,-30.87226865552987],[-55.71118420738236,-30.871657999142407],[-55.69511887102782,-30.880377862303604],[-55.6765979957521,-30.882640646244916],[-55.71093785937771,-30.87077565997594],[-55.78006558266921,-30.865761037081256],[-55.81317399021928,-30.844535441214415],[-55.82582310188904,-30.83111356404912],[-55.84772420859712,-30.82902095395131],[-55.86853048591654,-30.817000452474282],[-55.89385939792904,-30.82048047272733],[-55.91169144005058,-30.813597489002806],[-55.919589572728945,-30.819531137734856],[-55.92770037703449,-30.812397661728966],[-55.95088434288428,-30.81330679871819],[-55.96628938416336,-30.808412169196593],[-55.98715236528743,-30.810296432079788],[-55.99264094654783,-30.792055672478856],[-56.00631729624707,-30.787526855844504],[-56.01991260785,-30.792824440264734],[-56.022242023026394,-30.785681035493607],[-56.03510123950563,-30.783681323165418],[-56.03908749003859,-30.77485444561012],[-56.0615953228636,-30.77438973241293],[-56.06801744862929,-30.746653584789332],[-56.07401299197948,-30.74485140051485],[-56.088235098710754,-30.75708674477066],[-56.09535821584324,-30.753343403382896],[-56.10600147478716,-30.731709402911182],[-56.11663532636454,-30.73238022218184],[-56.12456749202353,-30.738562701746826],[-56.13193182745648,-30.73165558715736],[-56.127827892776494,-30.720393737939567],[-56.13159478017381,-30.713484538247613],[-56.150145226913374,-30.70483487239453],[-56.14936616386701,-30.693578849488244],[-56.137243878183256,-30.684675395516834],[-56.14363409394168,-30.679146534420582],[-56.1515788200118,-30.680155142903608],[-56.1646782644077,-30.66560824379084],[-56.169235823262085,-30.65308138341921],[-56.16445726726632,-30.641911064135595],[-56.18242205414575,-30.626446141894856],[-56.171179654948865,-30.61917736390579],[-56.17034815901288,-30.614868651487765],[-56.19217313398163,-30.603697320581375],[-56.219236815256295,-30.60713957759069],[-56.22414365396707,-30.596931202044694],[-56.233807385311124,-30.59338393425632],[-56.234190692105976,-30.58782901442562],[-56.22348400068765,-30.584156777562665],[-56.23310110029951,-30.574699216872013],[-56.24556344910187,-30.57410260881681],[-56.25570945893179,-30.587563704939445],[-56.261494054592745,-30.58441096815885],[-56.26098905518388,-30.57047831655377],[-56.25566975644953,-30.56677238817646],[-56.257457379461464,-30.561812837851004],[-56.26545969625555,-30.55424773600424],[-56.281130984756004,-30.560270102453618],[-56.278084756408084,-30.553363518900458],[-56.2877421143852,-30.540857217405822],[-56.28868938707316,-30.532021144459208],[-56.28220358227679,-30.534398507674076],[-56.28865550102482,-30.53159076672026],[-56.28607718906394,-30.528011699474394],[-56.291560067744534,-30.519648202604266],[-56.30607154491949,-30.529842980725082],[-56.32204290477747,-30.531284041041022],[-56.3242185711346,-30.528287465652],[-56.33556287072968,-30.523755237446853],[-56.33456067247484,-30.5115464947667],[-56.346873492863196,-30.50512701872091],[-56.355910790155434,-30.491210534653266],[-56.36448845349071,-30.491966769034253],[-56.365257309012534,-30.49655362022681],[-56.359987753273906,-30.499592088290246],[-56.366855034572104,-30.502697779310115],[-56.3830263137612,-30.49814817683661],[-56.3887808011379,-30.49313822623686],[-56.383564922715,-30.49307167320003],[-56.38603522311103,-30.486730653488973],[-56.395097445715294,-30.484767487006437],[-56.39597884116222,-30.47159232063017],[-56.401557052641074,-30.474258779807638],[-56.40553049896055,-30.46992295348369],[-56.406539383177645,-30.46031914602649],[-56.4008703953252,-30.460345616992875],[-56.3974801669914,-30.448952772734987],[-56.409006629897405,-30.444829577515748],[-56.41590462764708,-30.43087452836135],[-56.42757627285541,-30.434810594515028],[-56.453245879437674,-30.422365206984715],[-56.4438469773489,-30.41245746330502],[-56.46101700849404,-30.38476505160455],[-56.4755006735483,-30.388511815303012],[-56.483740192155565,-30.398388363490053],[-56.48946479590099,-30.398157610553],[-56.49624868907697,-30.386461480686485],[-56.506161419647775,-30.38190949490982],[-56.50443672329122,-30.370752751393482],[-56.51737315587916,-30.360596708840596],[-56.521806004832925,-30.35877201310234],[-56.545761983291236,-30.359891618065408],[-56.54377488807366,-30.352571241953154],[-56.551042110244566,-30.343063980417732],[-56.536641967186775,-30.334634944816862],[-56.54114107427927,-30.312804645945693],[-56.546597270360095,-30.311276013634966],[-56.55636526174553,-30.31952530675265],[-56.57528221206199,-30.303615769010666],[-56.576239495015216,-30.288743810833058],[-56.59649384626915,-30.295061032331507],[-56.605554152875634,-30.29238574089891],[-56.618769222315166,-30.300448180525443],[-56.62090972012598,-30.293775571985122],[-56.60650222277617,-30.282122120802892],[-56.611483839470246,-30.26367469398766],[-56.61512622266351,-30.260906429556403],[-56.62812976515246,-30.26631324989504],[-56.63702467261865,-30.26031646095222],[-56.639904544068465,-30.255410167366215],[-56.63009594143072,-30.254717482918046],[-56.62464091596123,-30.24555021586027],[-56.641445992209064,-30.234083795800764],[-56.64885854208706,-30.221076111144733],[-56.667779152276914,-30.218987773099144],[-56.65034519096253,-30.21286658329609],[-56.64513255041106,-30.208755004589584],[-56.64625168572887,-30.203637350461698],[-56.65130375692251,-30.20702593796825],[-56.65780831039394,-30.20112326204415],[-56.655676244191845,-30.200671675303752],[-56.65321108592172,-30.19659256264261],[-56.65200749177576,-30.190674102788133],[-56.656961274643926,-30.2003656161629],[-56.66374472130139,-30.19746339800077],[-56.678611541996595,-30.19997969613291],[-56.68113971482443,-30.193987434006253],[-56.6971487639833,-30.204559527441766],[-56.707428312075066,-30.18888468325023],[-56.70552862965759,-30.175879590413633],[-56.71763561162127,-30.17996124021079],[-56.72679869647491,-30.171747740194643],[-56.75831973786096,-30.160643947978024],[-56.77659612830083,-30.163168116245902],[-56.784424904904746,-30.151400555728298],[-56.777618399971814,-30.135750562582068],[-56.77886257838973,-30.127879050842814],[-56.78060890968573,-30.125713837124184],[-56.800926819999034,-30.119698250382193],[-56.803502238503846,-30.106693445396512],[-56.79759061961582,-30.104840513744268],[-56.79509579006912,-30.10227064966777],[-56.80370766848772,-30.106338955801434],[-56.80948766164535,-30.102770301220488],[-56.81640036707573,-30.10685162348178],[-56.8297178896662,-30.092937411208066],[-56.85318502037671,-30.08836911282491],[-56.871168445447005,-30.093281889429537],[-56.87483954748593,-30.085893387959498],[-56.88488274305608,-30.087113905302914],[-56.88799536744672,-30.088777434578446],[-56.89234221098312,-30.10151457448321],[-56.904093122820704,-30.113179839830558],[-56.90564762464763,-30.10753235963315],[-56.913810030444544,-30.109960867052397],[-56.91048578918082,-30.10180983399851],[-56.91619058127145,-30.095978080214504],[-56.93444200027411,-30.09389100534822],[-56.956001304999894,-30.10076815081039],[-56.976465826756446,-30.09733473835039],[-56.98112783698238,-30.088724346675466],[-56.99399365261321,-30.08545128550132],[-57.02259711169057,-30.086990077269423],[-57.030222379185496,-30.100341042146088],[-57.04412627215382,-30.10495582084835],[-57.05619070991304,-30.09846351278788],[-57.066975216367766,-30.10106658734971],[-57.06663406409139,-30.091519265115465],[-57.06156721462555,-30.091926858539676],[-57.06078852303143,-30.088782440841612],[-57.06980276625864,-30.086073678418533],[-57.08715328612844,-30.10042588185347],[-57.0924206689745,-30.112177719483515],[-57.09004877258331,-30.113286608560355],[-57.08591408288377,-30.110468193534537],[-57.08547522362906,-30.115465657559277],[-57.09066774614775,-30.12046977700495],[-57.09446545675244,-30.12079698743953],[-57.095978131839345,-30.114306609820293],[-57.11676518462007,-30.114298933228966],[-57.11481057260037,-30.126773617589063],[-57.11045327572248,-30.129033139347836],[-57.10525031187767,-30.126159930242622],[-57.10563224978819,-30.13506861632693],[-57.114689427085295,-30.144738594747437],[-57.12989942199556,-30.14126356238165],[-57.13485197794545,-30.156983640044626],[-57.14444461730281,-30.16561513278031],[-57.144726531315285,-30.17175160612243],[-57.15855979360326,-30.18447198808989],[-57.15907055169162,-30.192342584609815],[-57.16858410715256,-30.19861976616235],[-57.168779591249674,-30.207865315203804],[-57.165025961370425,-30.212585266125778],[-57.16835373274263,-30.21716845027338],[-57.16302797776744,-30.217201719295602],[-57.16583086877523,-30.224303661947474],[-57.155449619049314,-30.23381326157209],[-57.161987703490894,-30.242319818694053],[-57.1676290697224,-30.241760639824268],[-57.168356856358145,-30.249182932570818],[-57.19591400294216,-30.26436576390277],[-57.203168999943856,-30.284661996217555],[-57.22066954913544,-30.289012306570896],[-57.24974288910218,-30.288850802261223],[-57.25477973743694,-30.282107225107744],[-57.252009089027844,-30.2746863561738],[-57.25935640926787,-30.2663776348422],[-57.26924890111906,-30.27134772755534],[-57.26937993547201,-30.284254669129815],[-57.27791623077895,-30.292654677165476],[-57.28555823301693,-30.293522485680757],[-57.305533586755416,-30.264538458098514],[-57.3149140624716,-30.257796542985268],[-57.32206772623552,-30.27138072229068],[-57.35323753390115,-30.284832839291482],[-57.36080166441897,-30.270664093404125],[-57.376265035476656,-30.277306143325305],[-57.38285390311844,-30.270236985240288],[-57.376912050930336,-30.27747872864844],[-57.39051835678016,-30.29641607357058],[-57.38908500320434,-30.30282367174922],[-57.394629284320864,-30.304407384497388],[-57.42046487495669,-30.301703414033664],[-57.420074009216655,-30.287413463963112],[-57.41413317159761,-30.281271383962707],[-57.417081993569724,-30.278293125839173],[-57.45136308931211,-30.27653359308845],[-57.46604810989932,-30.26523644046526],[-57.48942775424422,-30.268436088408745],[-57.49977816443636,-30.289044971353796],[-57.52426946970801,-30.28531554262816],[-57.54902703770108,-30.274109811833497],[-57.55383476423423,-30.264928627631427],[-57.56300663735853,-30.260747110762463],[-57.56617330364066,-30.25657395952492],[-57.56513247523113,-30.25762512266159],[-57.558333401566806,-30.25968263849595],[-57.56627814497053,-30.2548860844835],[-57.558410613647396,-30.241274776009956],[-57.56243596985803,-30.24508060660911],[-57.55741405509619,-30.2354711857831],[-57.5565751613273,-30.223389649649032],[-57.554546270662144,-30.222540925358558],[-57.55542755149133,-30.21310470487271],[-57.58358197762906,-30.199485366791862],[-57.59947243125119,-30.18625422301872],[-57.54504766977118,-30.19821976550686],[-57.54224808504554,-30.211511190403083],[-57.51547050973999,-30.22493235744113],[-57.509108425741275,-30.234462199795242],[-57.49936527767201,-30.237265519863968],[-57.480690488471765,-30.232107876603134],[-57.46438979931161,-30.238501808257183],[-57.447833195162815,-30.225080591223005],[-57.42145945036366,-30.213585294816625],[-57.40835172542689,-30.193541533916367],[-57.39282168019395,-30.18585859606796],[-57.37855897347802,-30.143834042365494],[-57.35973340404779,-30.135366284068436],[-57.339967133233465,-30.108550512764804],[-57.33143517253221,-30.107233184441686],[-57.32018201323488,-30.11401475671234],[-57.30871045618308,-30.089546247328173],[-57.29925629933267,-30.086977712860513],[-57.26329823303833,-30.08258773409012],[-57.24537502534538,-30.09214775119254],[-57.22186691196852,-30.081292646699524],[-57.22019320801784,-30.027863928211826],[-57.18628309197096,-29.996733271540347],[-57.138471625801536,-29.97182433619324],[-57.12048386720311,-29.945761278053073],[-57.08662423168155,-29.942047745600423],[-57.05011738293987,-29.95778528391706],[-57.007918736318814,-29.952510073236528],[-56.98002706714196,-29.939682469979317],[-56.97490732117099,-29.928558191395748],[-56.96421907136778,-29.920547313674167],[-56.96139809853415,-29.910455576364512],[-56.93404747214125,-29.901244132681356],[-56.92565357318022,-29.889305000945036],[-56.91384336283706,-29.88357873999212],[-56.89955051838384,-29.88272766654567],[-56.88068274637255,-29.86135088305402],[-56.86131192679584,-29.854563958999375],[-56.84190108877556,-29.875007080772775],[-56.79504024981778,-29.875709484090248],[-56.785317078155906,-29.86232075065719],[-56.77070940144418,-29.855525829193112],[-56.68990382999583,-29.87897997633488],[-56.67732115078618,-29.8877632246324],[-56.657623080764516,-29.886978180188965],[-56.63566181287183,-29.89697231537027],[-56.63376296291943,-29.90769291710704],[-56.638344955661694,-29.91522285920656],[-56.632616940996414,-29.922030741057583],[-56.63451663439046,-29.933042233923203],[-56.621625260332294,-29.939893046042695],[-56.620727369104124,-29.949191621838846],[-56.61406127700778,-29.952225061127074],[-56.59809600365608,-29.951684941912923],[-56.57852293159683,-29.940156436261496],[-56.5662472295089,-29.942748046971865],[-56.54880767374191,-29.931982162019253],[-56.53400407879122,-29.930446439051412],[-56.50594152285853,-29.953273693717737],[-56.52096520621509,-29.984219747151844],[-56.502803830731224,-29.99774720623153],[-56.50122208682696,-30.004369773803354],[-56.483963140258865,-30.020523477728165],[-56.44949483536812,-30.018602526360507],[-56.41694314484571,-30.039594872907774],[-56.408254404015665,-30.039477856296255],[-56.37566359341753,-30.014950058562533],[-56.37443191921933,-30.004748114668303],[-56.36141713642769,-29.99851892844753],[-56.33562666936668,-30.003280022920364],[-56.3142029157001,-30.018962027384877],[-56.27885196342515,-30.02506229893284],[-56.24466980787871,-30.048636567728273],[-56.153624860077336,-30.059040262317854],[-56.127633783891476,-30.08178182604122],[-56.11540087156338,-30.099246961544615],[-56.11780369740516,-30.11435940111487],[-56.090457537422395,-30.13234905554612],[-56.08531361925619,-30.15443419904167],[-56.07318667575064,-30.159656863055314],[-56.06814994868232,-30.17352553285587],[-56.04822962030812,-30.18033638966766],[-56.036496576003294,-30.20083047856074],[-56.028141152013696,-30.197988057618517],[-56.020218826664106,-30.2051418020143],[-56.00103566286939,-30.237109945562764],[-56.028709341133606,-30.282890799406697],[-56.030206166908364,-30.302257929851145],[-56.040420187519636,-30.32084273823529],[-56.055139322868555,-30.32914025791317],[-56.05023706150795,-30.351650951141664],[-56.0441313830867,-30.355617301961516],[-56.02272189181063,-30.354089822768696],[-56.01262333411921,-30.36740539691514],[-56.00769435321004,-30.384655837880366],[-55.99513235792405,-30.38766412260788],[-55.986072553452914,-30.400803953598555],[-55.963586344959204,-30.402670720107963],[-55.93254674051741,-30.42207535830987],[-55.92659128224958,-30.453733664954488],[-55.90935231996615,-30.463277675045365],[-55.898629559457746,-30.485123907370937],[-55.888440000276496,-30.49229109784646],[-55.88446816227737,-30.507781204325966],[-55.872653267002,-30.51644933705541],[-55.87483134389603,-30.53537808146881],[-55.8707076192574,-30.55184797761982],[-55.876784604750455,-30.564970847885366],[-55.85280733153388,-30.596008508733153],[-55.85612458742049,-30.60758206538268],[-55.83433346357323,-30.625011687134318],[-55.83903731342112,-30.656035805176746],[-55.81640220656091,-30.66308100187338],[-55.819996850420445,-30.690764588693412],[-55.786304957413286,-30.701027581989525],[-55.776084281733,-30.709140368971607],[-55.78022558141437,-30.717732631542177],[-55.77663116400442,-30.732051285266756],[-55.76252873664589,-30.73818223942529],[-55.755764203956225,-30.751018807622735],[-55.73761030912574,-30.760349183051584],[-55.7308796361976,-30.77272533699125],[-55.714392123258335,-30.784709749152093],[-55.709330455436955,-30.802781399705655],[-55.6881326784102,-30.807991359665635],[-55.67671499955209,-30.843001496728945],[-55.65790060686996,-30.863744536852792],[-55.6611586595666,-30.869744948162413],[-55.652930417368644,-30.8834446545119],[-55.65390577286274,-30.896377140299087],[-55.642489524647196,-30.91095220381963],[-55.6487166859016,-30.923032819033583],[-55.662981517243686,-30.93279898391404],[-55.65859308911778,-30.94421278014778],[-55.66464919731296,-30.946922601225136],[-55.6662119091519,-30.954076815787626],[-55.68869681691057,-30.952650479014796],[-55.68895884413174,-30.944961441902223],[-55.69503896217054,-30.94364964965319],[-55.70410764559683,-30.955278531316623],[-55.70974905899598,-30.95492631719218],[-55.7161592124855,-30.943105852205033],[-55.72405908208736,-30.94291681106958],[-55.72404682231975,-30.966268700829872],[-55.7313307294773,-30.9742686855873],[-55.7278276215499,-30.97943051342484],[-55.746454169134445,-30.979660557065525],[-55.751857811868646,-30.99868053738691],[-55.77316849917952,-30.99705417522908],[-55.76751522826761,-31.00355149745252],[-55.76909852837792,-31.012061867013543],[-55.78071133594694,-31.017060970656118],[-55.81237395219779,-31.015091041079963],[-55.81536267418231,-31.026351653293734],[-55.82754822598124,-31.03264527896068],[-55.82538696358382,-31.01922461313168],[-55.83358566127398,-31.014893344703626],[-55.841601243877804,-31.000540847340126],[-55.87759976662806,-30.97467402382646],[-55.88982697122017,-30.975360613048956],[-55.91114075669697,-30.95806241091948],[-55.91355860052072,-30.94935634154826],[-55.92289483487037,-30.950367024046358],[-55.93767175255893,-30.943019145687405],[-55.94424215702069,-30.92821971379032],[-55.9549345082524,-30.92778342000249],[-55.96386126743706,-30.910526760515193],[-55.96340252522925,-30.89911740166903],[-55.98022528924732,-30.884266627331307],[-55.98954750575314,-30.85976467661307],[-56.00806394810507,-30.893596361807422],[-56.011210800304454,-30.912045581696656],[-56.00565618094235,-30.921931089993095],[-56.015091731729946,-30.944708428112715],[-56.00961524399119,-30.947910378587334],[-56.01111674635023,-30.969221316271806],[-56.00611237168368,-30.973630966029788],[-56.01794777646385,-31.008851045221487],[-56.014446995559695,-31.02143015697583],[-56.01866661298699,-31.0439087480446],[-56.0070621589384,-31.07403494503952],[-56.009851043277735,-31.08237832595745],[-56.03840004225368,-31.058432971363438]],[[-56.43750378256523,-30.43340428687045],[-56.43739909681807,-30.433366270960587],[-56.4373990968188,-30.433366270959958],[-56.43750378256523,-30.43340428687045]],[[-56.01290167730152,-30.80620487302245],[-56.01285197069263,-30.806364991861205],[-56.01306719877706,-30.80544693443367],[-56.01290167730152,-30.80620487302245]],[[-56.01484174680552,-30.81848304673209],[-56.014593056418065,-30.818361191152984],[-56.014234472027404,-30.818190032507363],[-56.01484174680552,-30.81848304673209]],[[-56.01328354258604,-30.81823670029813],[-56.01183544714388,-30.818868508703858],[-56.014234472027404,-30.818190032507363],[-56.01328354258604,-30.81823670029813]],[[-56.00788975448594,-30.8235896303693],[-56.00790757797706,-30.82375171797413],[-56.007881334118956,-30.823513054865327],[-56.00788975448594,-30.8235896303693]],[[-56.007716188328665,-30.824478440096488],[-56.007716188328665,-30.824478440096577],[-56.00744568889875,-30.825056141669133],[-56.007716188328665,-30.824478440096488]],[[-56.00623519049555,-30.825942016010533],[-56.0058910730294,-30.82631237569454],[-56.00744568889875,-30.825056141669133],[-56.00623519049555,-30.825942016010533]],[[-56.004278853839075,-30.839871694378967],[-56.00365221273859,-30.840134255206383],[-56.00461247671423,-30.83945625719443],[-56.004278853839075,-30.839871694378967]],[[-55.99293073944568,-30.847159047780853],[-55.99252418535393,-30.847736919209755],[-55.99330628848855,-30.846761617094266],[-55.99293073944568,-30.847159047780853]],[[-55.99260662671564,-30.852372965735874],[-55.9923154639255,-30.85315811937348],[-55.99262769148963,-30.85222083706186],[-55.99260662671564,-30.852372965735874]],[[-55.991347190358226,-30.85517998420578],[-55.990753332298475,-30.856227154495773],[-55.99176312487428,-30.854042876873212],[-55.991347190358226,-30.85517998420578]],[[-55.99022155118703,-30.856949518846996],[-55.990198081735294,-30.857067771990103],[-55.99056324195409,-30.85648537217476],[-55.99022155118703,-30.856949518846996]]]},"properties":{"cuenca":"RÍO CUAREIM","area_km2":14325,"estaciones":["Artigas","ana-77500000"]}},{"type":"Feature","geometry":{"type":"Polygon","coordinates":[[[-57.81580779064492,-34.47258842816583],[-57.85404227599095,-34.47313186706748],[-57.84497947696828,-34.46515476334163],[-57.847136944672194,-34.455447327221655],[-57.8853403066181,-34.435053446822764],[-57.89341721716382,-34.42485230676626],[-57.89301651877223,-34.39751579118409],[-57.900749639462845,-34.37080162270006],[-57.92151772576716,-34.34406885132105],[-57.93404728048559,-34.335490239553565],[-57.95624698367812,-34.302995459340956],[-57.984574403235975,-34.27918684380858],[-57.98610698819912,-34.27575109541582],[-57.97165310824282,-34.28727805482267],[-57.93676234159606,-34.296804356575684],[-57.92125138229867,-34.294042969520994],[-57.90200910346067,-34.27321415179226],[-57.89029078107987,-34.27299192346437],[-57.88763500025996,-34.279061493343974],[-57.877193706183625,-34.2821524583198],[-57.86101239118377,-34.277797108860426],[-57.845900511298794,-34.262165996217455],[-57.83648282113528,-34.26257483131664],[-57.823144527982315,-34.25495123332107],[-57.774706427332525,-34.267435780465696],[-57.76634666187407,-34.28089928538883],[-57.75594547465034,-34.286328677386194],[-57.755704091145645,-34.29656036621542],[-57.750784011194625,-34.29973718347288],[-57.73419041410989,-34.295432441612526],[-57.70732373191545,-34.30888165227865],[-57.69021671063337,-34.301722213049146],[-57.67723681906563,-34.30500459868781],[-57.66686487930564,-34.291527360957815],[-57.64627926403681,-34.29586693214578],[-57.62438655639936,-34.29116096868918],[-57.62469206280833,-34.2793171225703],[-57.61443982213649,-34.27257088618071],[-57.610106891278775,-34.259024370435526],[-57.6026194628997,-34.25540579766223],[-57.59539605953046,-34.24200662856391],[-57.57798690395053,-34.24158157003165],[-57.57596485843471,-34.23711172103313],[-57.54744361398789,-34.22912780747376],[-57.547489534411085,-34.21680884317321],[-57.53287515309519,-34.20829985678465],[-57.529889433515,-34.19954831180241],[-57.502284517400675,-34.199750923896914],[-57.497287259881226,-34.20131240095631],[-57.49280947455326,-34.21987778193702],[-57.48056334850804,-34.226317005187084],[-57.48140394712856,-34.238015926060996],[-57.473544534450184,-34.250851758470574],[-57.4629500370492,-34.25438361223928],[-57.45306401106946,-34.27264778812451],[-57.43806048382275,-34.28154819570766],[-57.441966360504296,-34.28703362638901],[-57.44004866404106,-34.30043933002435],[-57.42912494923041,-34.303558887259165],[-57.42367046862067,-34.314449874525344],[-57.42042217750123,-34.331333039392646],[-57.43380437030885,-34.34978218850291],[-57.426172249154675,-34.35090117445527],[-57.41777100229214,-34.38255051290334],[-57.406319028949525,-34.38533484898421],[-57.400786268921095,-34.403254950431396],[-57.408645238076545,-34.40813492512293],[-57.40880381478833,-34.41446788487675],[-57.395656518938,-34.42098875998413],[-57.38372574889347,-34.41375746860399],[-57.36437616365573,-34.414081126656235],[-57.3565234233337,-34.41783723528403],[-57.35747046717915,-34.42521159999785],[-57.34850997576898,-34.42756371525493],[-57.34885597384652,-34.43338948211185],[-57.402964310252024,-34.42941502793776],[-57.443058279167644,-34.44300917309318],[-57.44505761852191,-34.43439938488582],[-57.45183594670651,-34.42972961473793],[-57.47246163816677,-34.42813867875476],[-57.53740419909837,-34.45351914141918],[-57.55485236136349,-34.444197676840695],[-57.57090022959949,-34.428195953862684],[-57.60050882708971,-34.426292372438354],[-57.72026384861375,-34.46168106452282],[-57.736558526975976,-34.45572480366387],[-57.75553482630281,-34.46257452339175],[-57.76044646444661,-34.46891910832565],[-57.77889039799329,-34.47219920233772],[-57.78768016161583,-34.46622440254292],[-57.81580779064492,-34.47258842816583]]]},"properties":{"cuenca":"RÍO DE LA PLATA entre Río San Juan y Río Rosario","area_km2":920,"estaciones":["Colonia"]}},{"type":"Feature","geometry":{"type":"Polygon","coordinates":[[[-58.20303456115098,-33.436889584179525],[-58.22157024231241,-33.446334673170014],[-58.23549851764615,-33.44679929198458],[-58.23946630989774,-33.45469417815007],[-58.260398200982735,-33.461045188711026],[-58.283708802914546,-33.478261446725014],[-58.29539182341873,-33.46735660475922],[-58.33325513412552,-33.45213575867842],[-58.39275466488911,-33.449166768861566],[-58.3763620252242,-33.43580966951456],[-58.37256984928522,-33.43115686313195],[-58.36938317698051,-33.42150743891563],[-58.37577482437876,-33.43412752124343],[-58.38419993403644,-33.439125315224935],[-58.387878892712656,-33.43450625881307],[-58.389962335310535,-33.44131221919688],[-58.39135272793774,-33.40672928487014],[-58.381397899537795,-33.391696724529496],[-58.362467182395655,-33.393531322546934],[-58.341287847974066,-33.38385490678884],[-58.31587409441896,-33.39034842257067],[-58.27685749315858,-33.37767754264261],[-58.273286182779984,-33.38054278367331],[-58.276201810320075,-33.37728505368243],[-58.25794718322907,-33.369924018256285],[-58.232872635634095,-33.34510974130635],[-58.231618743257364,-33.325245748720285],[-58.225996423150576,-33.322531464147545],[-58.22516594619528,-33.32123178158881],[-58.2316571027953,-33.3245658324532],[-58.23158383693937,-33.31690617940655],[-58.2221688710429,-33.30176795244776],[-58.227526681912074,-33.30222215701193],[-58.22071517472452,-33.296938234212625],[-58.20688210336837,-33.29543147273916],[-58.14956390880307,-33.31803459614308],[-58.14085678505684,-33.317613181936224],[-58.12755845215591,-33.308038638487034],[-58.125750334491826,-33.31149757925794],[-58.125565003076545,-33.30573251507887],[-58.10935865792961,-33.28872019580166],[-58.133749990576824,-33.253544911968305],[-58.13393497191958,-33.2427524135161],[-58.12394763080783,-33.23298869830562],[-58.09785747909007,-33.22947162701024],[-58.042158996331565,-33.24655076436845],[-58.01192294151567,-33.242450386244045],[-58.00578022966395,-33.23405958698464],[-58.006540273020185,-33.22460872605503],[-58.01448530032448,-33.22368330314451],[-58.02256619747444,-33.21499414865053],[-58.02905280706273,-33.179003477541414],[-58.05215313424193,-33.1413339094419],[-58.050780572031684,-33.137933511253514],[-58.04365071970496,-33.131419050498394],[-58.04265149433993,-33.12877798954417],[-58.05291890191171,-33.13775963403762],[-58.04729891272853,-33.11945510760437],[-58.03653042989843,-33.11679156688328],[-57.969751708029015,-33.14058871218047],[-57.94688171291696,-33.1311328423527],[-57.948679344203356,-33.13543756826115],[-57.95113088250432,-33.13667522843903],[-57.95152566176049,-33.13704699512986],[-57.95172121030174,-33.138035153656276],[-57.948596796533955,-33.136006873692374],[-57.94375740095241,-33.12468756459296],[-57.940955244142984,-33.10633813094822],[-57.94324379763133,-33.09031687849533],[-57.956708791947996,-33.08129588498216],[-57.95409596368174,-33.07338167050288],[-57.930469514697705,-33.056606833746486],[-57.90218107749199,-33.055843051713936],[-57.87488746597771,-33.04089486190121],[-57.872311061317596,-33.021367662074404],[-57.861963902313555,-33.01998865349101],[-57.827828204911675,-33.03063531559381],[-57.79031407109399,-33.05751672378337],[-57.769447788923834,-33.05163707392361],[-57.772387233081105,-33.05096861325294],[-57.76021384478337,-33.04118148478374],[-57.743113247822755,-33.04033128144274],[-57.73448498225767,-33.04465719626647],[-57.72763475324615,-33.05791556219431],[-57.672662814054426,-33.06544220971877],[-57.65494008340481,-33.081059223443205],[-57.63424265502956,-33.08421418052488],[-57.61888936123334,-33.07498266710026],[-57.62009579758379,-33.041529118755605],[-57.55122423883667,-33.019058159244494],[-57.53213576106356,-33.00163709158731],[-57.5077083656281,-33.020950504813946],[-57.47946933766664,-33.018196552833544],[-57.45888789321035,-33.0265675105476],[-57.451224314063296,-33.056338077859955],[-57.46038961900557,-33.061452195784405],[-57.462352437723496,-33.07245963248457],[-57.47332652509338,-33.0789400305625],[-57.46971201348161,-33.09472760556792],[-57.47917636122963,-33.10649623663412],[-57.456458364488874,-33.132299052944276],[-57.45237627151332,-33.14428056876095],[-57.45819725815691,-33.150425893255594],[-57.454783628178895,-33.16567226432715],[-57.46088857011074,-33.1821111295042],[-57.45774501086969,-33.23684659965642],[-57.43334994249854,-33.26044778471552],[-57.425740570142814,-33.26019642803848],[-57.42392424622816,-33.26965880459166],[-57.426468937509206,-33.27482297661623],[-57.43182293510037,-33.2739181833878],[-57.43640261897874,-33.30833969956834],[-57.44049090901612,-33.311400022289945],[-57.45068853068996,-33.30839499914269],[-57.46642744662445,-33.32861354578965],[-57.47946682409139,-33.33799680520121],[-57.49110166858742,-33.339208949486206],[-57.50496623981289,-33.366407403198565],[-57.531309268182014,-33.371268916487615],[-57.53291202360757,-33.392074532947404],[-57.52382296714338,-33.39833815916555],[-57.533309132310265,-33.418889887802486],[-57.52498541959994,-33.42286996939612],[-57.521345521162836,-33.437581107957115],[-57.5281762707901,-33.45758460276],[-57.52261690904152,-33.463518353671816],[-57.52172948549786,-33.47757962438819],[-57.53477012915455,-33.4854666469591],[-57.53969979731617,-33.49460287695719],[-57.53686631514543,-33.5021432896425],[-57.54878298732996,-33.516041659439864],[-57.52724156665025,-33.53659900785389],[-57.5370293842478,-33.551008689111235],[-57.54300034408191,-33.57797226295137],[-57.56554958624267,-33.58845762109672],[-57.572722300856576,-33.61096760914296],[-57.59086723700347,-33.604693239506176],[-57.618414427710945,-33.61182072762334],[-57.63221897581916,-33.60219848129715],[-57.649835304062364,-33.600562060675],[-57.68510424827657,-33.606678575306134],[-57.702016844058015,-33.58939855460412],[-57.71978457470125,-33.58253644669236],[-57.72872892032459,-33.56305491463119],[-57.74495776757284,-33.555091986627886],[-57.75188959667909,-33.53942287329717],[-57.767341181612856,-33.53403492733714],[-57.78955197495508,-33.51615858997909],[-57.802369023522516,-33.511787359911466],[-57.809861831798315,-33.51648537504453],[-57.81311947557025,-33.51043667392046],[-57.83375976743108,-33.50778460287731],[-57.833301754461836,-33.49788773201213],[-57.845304247736514,-33.48703865780612],[-57.83713054031087,-33.47371792274263],[-57.842935299588284,-33.464511907119615],[-57.87916886669673,-33.44821138106794],[-57.90030820973025,-33.44982868348798],[-57.93402480156406,-33.43756208231353],[-57.94847207682059,-33.43733768152558],[-57.94974697637032,-33.42878688477176],[-57.957920791301234,-33.421356698372534],[-57.95787000306213,-33.407022214718225],[-57.980721664233386,-33.39741142360384],[-57.990893787684776,-33.395080235701634],[-58.02513004986535,-33.40450554356889],[-58.05815425071529,-33.406537421639406],[-58.06580057797589,-33.4148494226413],[-58.06416180570509,-33.41903313348841],[-58.07968158694997,-33.418196729832424],[-58.104552211620735,-33.429649879634674],[-58.109077831755606,-33.4364330932251],[-58.1171343541724,-33.43137745934298],[-58.12889221941805,-33.43971545808854],[-58.14568601759227,-33.435944705050815],[-58.157252369368294,-33.44379514405968],[-58.17272584971356,-33.43495079683892],[-58.18200271382765,-33.4399538755487],[-58.20303456115098,-33.436889584179525]]]},"properties":{"cuenca":"RÍO NEGRO entre Rincón de Palmar y Río Uruguay","area_km2":3058,"estaciones":["Mercedes"]}},{"type":"Feature","geometry":{"type":"Polygon","coordinates":[[[-57.13589582969767,-33.10311017411191],[-57.15497161937613,-33.10070717616311],[-57.168924499801825,-33.09273272835121],[-57.210116674778355,-33.097825804949835],[-57.2425816046418,-33.08492939302039],[-57.24952788307244,-33.07826357297331],[-57.25042017836293,-33.058072699326864],[-57.25854167142231,-33.04982979055379],[-57.27515829098262,-33.04529603389295],[-57.27050676025827,-33.03073366722885],[-57.27320644316888,-33.01948154238495],[-57.26015563875573,-33.01151309744324],[-57.27110375693399,-32.992010697255765],[-57.2425696054731,-32.980726898049696],[-57.23692424552317,-32.971420310485044],[-57.22313425798492,-32.97389280578374],[-57.21910517833418,-32.96798352651298],[-57.20605205446311,-32.96758530792795],[-57.178265679312396,-32.940265919173484],[-57.17276902753837,-32.927125279458735],[-57.16305110587886,-32.92985923300091],[-57.14185810500778,-32.90605207170239],[-57.121145564041164,-32.901279105504585],[-57.119045445195326,-32.8954480552466],[-57.0992038848878,-32.888811956903965],[-57.09491069169786,-32.877751341397975],[-57.07640712261351,-32.86685656462372],[-57.06216752173994,-32.84457076513885],[-57.04061083203141,-32.83345915718214],[-57.03341322823082,-32.80963753848838],[-57.025420397241206,-32.804489649383555],[-57.02795832175019,-32.79555047547143],[-57.0218219170678,-32.78911191567936],[-57.0243492616783,-32.78439573996235],[-57.00501202907385,-32.77205613390112],[-56.99552250158022,-32.75429056702743],[-56.97724881808653,-32.74618680904526],[-56.971816449048745,-32.73532018687292],[-56.95242464066414,-32.734169957258025],[-56.9530807147148,-32.71735472138345],[-56.939822913909964,-32.689487368976984],[-56.92903517869309,-32.68527692259937],[-56.91605811392264,-32.662094170043],[-56.91776216210117,-32.64747175426421],[-56.91315851296274,-32.64117667584523],[-56.88695567297785,-32.633857544306686],[-56.88668222499939,-32.627281123914194],[-56.87171781479434,-32.61894817371343],[-56.867667980653515,-32.60068750884201],[-56.86008510899059,-32.59270587743508],[-56.86147968916386,-32.57029707409936],[-56.850622598561706,-32.563365054707255],[-56.83689124835905,-32.5446003735184],[-56.82280656881759,-32.539375363118154],[-56.818452233612014,-32.52152323991617],[-56.823397443916235,-32.50749221063959],[-56.811505750121164,-32.498424044164196],[-56.813437741832146,-32.48256024797887],[-56.80856840836489,-32.46781623969908],[-56.798194379140924,-32.46486582818925],[-56.78964266393959,-32.45487275821395],[-56.789728551313914,-32.43642291003648],[-56.799656913088555,-32.415538349442066],[-56.7977181650926,-32.405876201100874],[-56.784366397973564,-32.39273933900037],[-56.71437564138534,-32.395373737473854],[-56.71293771169547,-32.38617053059361],[-56.692515021369346,-32.37009745394529],[-56.64336949122711,-32.36220407011736],[-56.64200069636965,-32.35404250519733],[-56.64882880357429,-32.3390577333289],[-56.6400395431908,-32.32838484112653],[-56.63139765745675,-32.325450774987914],[-56.6286810059011,-32.29180311116778],[-56.617054084919275,-32.279876818147315],[-56.605342260796355,-32.282242541474744],[-56.59571558027811,-32.27751304257155],[-56.593360282553,-32.25429575668173],[-56.56157542054516,-32.254735271546814],[-56.544582155308014,-32.24758029516837],[-56.52438382666823,-32.23796025014136],[-56.49997893104128,-32.212419149084084],[-56.459334703816545,-32.21461294558364],[-56.4448641331747,-32.207403336175844],[-56.430945716808765,-32.208929068036745],[-56.40282757596977,-32.201830702287154],[-56.40330220829735,-32.18043121780126],[-56.38005515691742,-32.17039247788688],[-56.38071232054986,-32.15195314446295],[-56.37465638139712,-32.14276260502736],[-56.361068236107556,-32.13541608197649],[-56.362728747759164,-32.114245957283494],[-56.34331080167309,-32.11036145402609],[-56.331471881984136,-32.09399399577201],[-56.31050993133056,-32.08888023928831],[-56.30678171827869,-32.082043521770515],[-56.27927646222101,-32.09699681249808],[-56.258011631358634,-32.09833935396747],[-56.25837492684743,-32.11266000902646],[-56.26755754330963,-32.12850021534048],[-56.25913335742646,-32.14835830487847],[-56.26212463723714,-32.16723390922191],[-56.25664466384359,-32.17949914723558],[-56.27351194170384,-32.2087692728766],[-56.245092028323334,-32.218679873813784],[-56.2296263320125,-32.215944131517496],[-56.21778542889927,-32.22832254672928],[-56.20954104124558,-32.244892998051185],[-56.225437928178955,-32.24834951558017],[-56.231168759264314,-32.27361311262789],[-56.22474680289655,-32.28182259511402],[-56.19769388585016,-32.295856805214214],[-56.1879186139225,-32.338625145485445],[-56.20399999085359,-32.35222901004949],[-56.21441900566371,-32.35254611423629],[-56.23228002081536,-32.36171496638913],[-56.23288942486903,-32.36813442800913],[-56.26615158973836,-32.39431970045202],[-56.2695815508907,-32.405868844477745],[-56.30071224815568,-32.41718651396404],[-56.31231283485106,-32.446976746084644],[-56.32401100206511,-32.46007533723023],[-56.34260087901763,-32.46115455858503],[-56.35356010410867,-32.49352960040974],[-56.36416586766723,-32.501281707423225],[-56.37464107929849,-32.520594248907905],[-56.387315320424115,-32.52745635084845],[-56.3878413670839,-32.54063155924045],[-56.40006546933921,-32.544757207562824],[-56.39810553599131,-32.56134412577218],[-56.41445807085372,-32.5649943701607],[-56.41917237319999,-32.570209316605265],[-56.41511079778257,-32.57619436548745],[-56.43602395952967,-32.58415137921673],[-56.44282223938942,-32.61507655555942],[-56.454944296995805,-32.62570503914868],[-56.46980688503548,-32.629107461571586],[-56.479955193777755,-32.6500620860053],[-56.49161966306539,-32.65733289709103],[-56.48069608307406,-32.683577498577115],[-56.45541965303337,-32.71098216871013],[-56.46142784884521,-32.73196162434275],[-56.458014352685744,-32.741979619508],[-56.43019889181788,-32.76282574329704],[-56.42799475222032,-32.77125649872283],[-56.41089773569392,-32.773305945866404],[-56.403264829383495,-32.786130890324515],[-56.41193497249426,-32.79972504266318],[-56.4277369918267,-32.81032538539755],[-56.432857039082236,-32.822518365523706],[-56.42775501811869,-32.83382018086134],[-56.42180656527126,-32.83201128439723],[-56.41627757450366,-32.84052126858472],[-56.41712379656537,-32.85938916228485],[-56.428899002487704,-32.86575043571719],[-56.440004419827865,-32.85747086549565],[-56.441831955772656,-32.84124941256125],[-56.43734542065733,-32.830722734579425],[-56.436479863739535,-32.83215178784167],[-56.43519551802904,-32.8332673743035],[-56.44774284507781,-32.81562488115075],[-56.43506622444054,-32.81692963329963],[-56.45775900265153,-32.80957199466184],[-56.45674603345958,-32.79814402262678],[-56.46112049297548,-32.8064344847181],[-56.458197554585155,-32.80967789143365],[-56.469125125411715,-32.81991260789042],[-56.47812140373606,-32.81669481173021],[-56.484824531072526,-32.80241184384495],[-56.478673424801826,-32.802219912684166],[-56.482486821131864,-32.79967449047778],[-56.4934253684549,-32.80322110450154],[-56.498405317382165,-32.82019901207679],[-56.50313896440452,-32.82193979322722],[-56.52648649248156,-32.81846127730394],[-56.53288584047772,-32.80452019842884],[-56.54051922806568,-32.80575566298209],[-56.5440893935586,-32.82034156322033],[-56.553052223384476,-32.82329052557081],[-56.55753544839889,-32.838159014606596],[-56.56507063850862,-32.8412690055734],[-56.57252607029592,-32.83017780889423],[-56.554418159096116,-32.81054171471226],[-56.57351792213484,-32.80537582842624],[-56.569486624839584,-32.80218170561868],[-56.57439258570759,-32.8052802552484],[-56.57607667484578,-32.804954244604716],[-56.57480668467961,-32.80009309412161],[-56.58516168199333,-32.79514154955407],[-56.577409225929635,-32.80472056130408],[-56.59324193954927,-32.802231843634],[-56.597422960857436,-32.81372858865416],[-56.60099792758879,-32.80754738906937],[-56.60312317881387,-32.81472906789555],[-56.59853617024034,-32.81522727507457],[-56.60347898506756,-32.822228634843036],[-56.61615314198333,-32.81272425952207],[-56.60583164120658,-32.82496358659148],[-56.62127935163882,-32.82675667809178],[-56.62942810727499,-32.841742636505636],[-56.63860237283916,-32.84620781675697],[-56.635123954541434,-32.84889096929467],[-56.64145555975882,-32.85425848986921],[-56.64184371617656,-32.861424039958784],[-56.654292934872565,-32.85951830727589],[-56.66373334020735,-32.849237749594785],[-56.659963116176925,-32.84042749333745],[-56.663297052185484,-32.83506673409398],[-56.65920376351023,-32.82812508922647],[-56.6578092141053,-32.83303065590434],[-56.65599177460812,-32.827272487529406],[-56.64746444513378,-32.82671738346283],[-56.648210819019354,-32.817605562875926],[-56.64135440217111,-32.81862562390472],[-56.640727394533045,-32.8144100607668],[-56.64785410167195,-32.81377592060068],[-56.651156578117934,-32.807378767164906],[-56.66264959560005,-32.80675911591431],[-56.65914143874328,-32.80278887682991],[-56.67879391306818,-32.79492526918391],[-56.663756962414254,-32.78878136142759],[-56.659915844885404,-32.78008870083073],[-56.652577600757304,-32.780634777629786],[-56.65078535418605,-32.785218405919004],[-56.64802232786836,-32.778636951000244],[-56.636715900738494,-32.78741406408102],[-56.63599917041099,-32.78268510183924],[-56.643763959850745,-32.77641153994876],[-56.63684785555028,-32.77300454499472],[-56.62993836771469,-32.77945235298505],[-56.62431304818578,-32.777100075507995],[-56.63444466311411,-32.77052295370786],[-56.62732818194019,-32.76497979912559],[-56.63448940216486,-32.76616759527878],[-56.63155536328357,-32.75591707980263],[-56.635988706585316,-32.75759173923482],[-56.63746354979267,-32.753271906911074],[-56.61891140341554,-32.736190579843225],[-56.63674665077868,-32.74507148673395],[-56.629651420731676,-32.73931188073844],[-56.63304625588634,-32.73151693805252],[-56.6285663541954,-32.73042855124271],[-56.63541489495093,-32.725838660779324],[-56.63112001651967,-32.720520270280446],[-56.63347118285459,-32.71642007101789],[-56.626227824448954,-32.71861399911485],[-56.62134203086339,-32.71854691413693],[-56.6445703188884,-32.712576800452645],[-56.63677677922339,-32.70490167666664],[-56.645461698918076,-32.70531230077948],[-56.641994317242265,-32.693812185726195],[-56.645570762527605,-32.69086668934222],[-56.65575263212342,-32.701906301947005],[-56.65266014247863,-32.713135192519836],[-56.63632584292037,-32.728077756851505],[-56.642314062796494,-32.74485385992359],[-56.64932664543309,-32.747394329720365],[-56.6432795203917,-32.75106889670964],[-56.64651745471918,-32.75722350433677],[-56.64107964564657,-32.7690359172027],[-56.667729357742914,-32.77683391091091],[-56.67101824388116,-32.774800374899655],[-56.669603354701245,-32.7697879313223],[-56.671392058837576,-32.76716067397974],[-56.6738862877847,-32.77121882681389],[-56.681068878595546,-32.769049609065554],[-56.67224004842749,-32.782978979805456],[-56.67938315342926,-32.78754554440459],[-56.683858351493924,-32.78241063887964],[-56.68810291153917,-32.784192955740075],[-56.683897216204315,-32.79281553545143],[-56.69615706571175,-32.79116853799826],[-56.69568116922359,-32.80226234519409],[-56.70587144005171,-32.80487597777068],[-56.70031303926687,-32.81163340926254],[-56.70866295513731,-32.813755092557685],[-56.704229200085436,-32.81877334666546],[-56.70787792169072,-32.82895365844515],[-56.69764769752023,-32.836448052037106],[-56.69749458364848,-32.84458205496197],[-56.7122344913046,-32.839336061143975],[-56.710857432833464,-32.8352255440923],[-56.72124138900025,-32.83239950489781],[-56.71959326062913,-32.82792140025589],[-56.72480062311141,-32.830615037271095],[-56.73100930897174,-32.82689027435897],[-56.73039851951436,-32.82259393963574],[-56.719489226747854,-32.82093435841641],[-56.72236285641918,-32.81174340458587],[-56.72835901967145,-32.811311375712314],[-56.72072137196098,-32.805804567298885],[-56.72903113881401,-32.80407512712696],[-56.73252245502009,-32.79590723493797],[-56.73111275310834,-32.79073320485645],[-56.72408926733367,-32.79078522434979],[-56.724724416565145,-32.78201642839249],[-56.73562253797362,-32.77999693658142],[-56.73395703212731,-32.787105403191916],[-56.743142336859734,-32.78255534545836],[-56.734144720143895,-32.79995258995426],[-56.7386732297943,-32.80927788580335],[-56.74982903687759,-32.80912162032653],[-56.7563383549904,-32.80379741180993],[-56.75983481548706,-32.80627724773525],[-56.7545547654943,-32.81172751707314],[-56.76407866198747,-32.81368325283606],[-56.75452965270779,-32.81936468319202],[-56.76185141663028,-32.8230053987767],[-56.75094988494519,-32.83215025899326],[-56.75185980101275,-32.83935652107513],[-56.743283298148626,-32.83935834506059],[-56.73885873244677,-32.84720890252693],[-56.74917465950213,-32.842965470172274],[-56.74870997310677,-32.847477225800795],[-56.754773062657165,-32.84510486401951],[-56.76260046247405,-32.849868694338504],[-56.77097948964707,-32.84439409064029],[-56.77247653804794,-32.8376922642941],[-56.76656761664126,-32.82660270954973],[-56.78744980305855,-32.83184958040411],[-56.77571307471048,-32.80842667611333],[-56.802818365244065,-32.814794522103924],[-56.79821585347441,-32.80615747271192],[-56.80303232778052,-32.800573857282075],[-56.79518337030746,-32.795587254854446],[-56.80971229924009,-32.793685692658805],[-56.803522039472355,-32.789046880900585],[-56.811891140299444,-32.78341637748537],[-56.807012684334204,-32.77673840933448],[-56.818411993832804,-32.779594641136605],[-56.82486316814107,-32.772536224141405],[-56.82668473695236,-32.77781397887084],[-56.83648256800835,-32.77780542292977],[-56.83895835196522,-32.76858812170459],[-56.84163954905072,-32.76513960032914],[-56.84439617060209,-32.76451254845256],[-56.846730516218265,-32.761544683375234],[-56.849220555139794,-32.760946802851656],[-56.840658889867484,-32.76798793736863],[-56.84571233071819,-32.77759346564657],[-56.82360356254232,-32.78369989989826],[-56.81061209639511,-32.80245145074683],[-56.823661011036144,-32.79337409048754],[-56.81829486205744,-32.80678021543094],[-56.820656813473555,-32.81072821466036],[-56.81514724735122,-32.816345164627975],[-56.82949515212541,-32.82256653150961],[-56.81218687395879,-32.82364539248146],[-56.817191030513335,-32.82703106543656],[-56.81673829456897,-32.83415770610108],[-56.801627151519995,-32.82948281802721],[-56.797555168480876,-32.83111124624544],[-56.79983219418309,-32.83607915915976],[-56.79472603152188,-32.835984601946876],[-56.80256047538011,-32.8488606319641],[-56.8213173704823,-32.84232533900002],[-56.80976504354452,-32.85308548237378],[-56.830575522703356,-32.85784774638954],[-56.79683842633493,-32.87207846835721],[-56.82338228643962,-32.86868133788846],[-56.834034822635786,-32.87793464722166],[-56.837252096565734,-32.894534074745614],[-56.813882449993066,-32.914498520624115],[-56.82447620531715,-32.9219587664004],[-56.85139307777355,-32.904649433397644],[-56.8629674401037,-32.90808503053967],[-56.871424459603105,-32.91986104882321],[-56.875758077588394,-32.91931891610341],[-56.87840170960831,-32.92222640212153],[-56.87248293316303,-32.92164619761532],[-56.87716458595495,-32.92776400383422],[-56.889987916371766,-32.92989784577898],[-56.897039772977,-32.93820314122854],[-56.8954220749332,-32.94835149375293],[-56.884601702517834,-32.95985133749562],[-56.867540298074985,-32.96137779437894],[-56.86847146651092,-32.96587791282058],[-56.907378830868524,-32.97247238863672],[-56.91158388709357,-32.95208567015398],[-56.908816722835674,-32.953147117048594],[-56.90841265176349,-32.95076142909253],[-56.91489040958332,-32.94714241689278],[-56.91295723630332,-32.94391384642403],[-56.92419521675306,-32.9430468612457],[-56.934193885016725,-32.93390431452715],[-56.928200883963186,-32.93009064768449],[-56.9388213897693,-32.925405105122884],[-56.93634179652054,-32.93214468904366],[-56.94588330279336,-32.93665577058603],[-56.95348655743049,-32.94827967246901],[-56.95908315871527,-32.951040884987876],[-56.97017071516464,-32.94359844863648],[-56.96335303755656,-32.95046023055824],[-56.965842257854916,-32.956793341380816],[-56.95507502087056,-32.95119521892429],[-56.958392471113925,-32.966131151393164],[-56.94221240754721,-32.96963415024546],[-56.93677740676001,-32.97787032462445],[-56.954422785418004,-32.97504871024775],[-56.975761068753,-32.962831271808234],[-56.981322112151986,-32.966817973031375],[-56.98500370582863,-32.96218492928068],[-57.000906547988826,-32.96371902671108],[-56.99542823511906,-32.96830662750022],[-57.01016466795005,-32.975981543551356],[-57.00147526558758,-32.974127017622564],[-57.00431545778608,-32.982421395841634],[-56.99970968002562,-32.984359087906896],[-56.99905930876908,-32.9916412152139],[-56.99526547382742,-32.98798105111761],[-56.9837488190593,-32.99638547311523],[-56.96721235505598,-32.995910067236686],[-56.96932232184043,-33.028510086799926],[-56.987251340243596,-33.02622203236821],[-56.99541067294617,-33.0161995703178],[-57.00266322335971,-33.01676100157059],[-57.000902390955886,-33.01080941835609],[-57.0076686687369,-33.01890352812275],[-57.014199621505206,-33.01911062986106],[-57.03638533892988,-33.00613532666948],[-57.05075970614434,-33.00641585357283],[-57.028934421863035,-33.00125016857218],[-57.02948253141858,-32.994482842381245],[-57.02078984265926,-32.9964344476444],[-57.02658516939411,-32.991536092156814],[-57.013835509296264,-32.984718434524126],[-57.0214610365176,-32.980695086307946],[-57.021198665012214,-32.96925238834775],[-57.023890858651235,-32.966849883990015],[-57.024703074705435,-32.979202747532675],[-57.01947445432758,-32.98403237003244],[-57.02875762432589,-32.98463558215278],[-57.03075137955985,-32.9910893730308],[-57.03529448951678,-32.989286400425286],[-57.03227990239534,-32.9933012242825],[-57.03558333779175,-32.99849779373296],[-57.04352992303349,-32.99828364486511],[-57.04668306229002,-32.99273447257884],[-57.053080648446006,-33.00256083185827],[-57.05939502247269,-32.99287735526992],[-57.06359494999249,-32.99330373966092],[-57.05450353087283,-32.98742691888988],[-57.06067729475221,-32.98900562019365],[-57.06319054140061,-32.98519354998138],[-57.079096487847025,-32.98880023430091],[-57.07964039475975,-32.9834933406986],[-57.0990889339256,-32.99156902095384],[-57.08383182430073,-32.975967154604525],[-57.08929474553242,-32.97649689905953],[-57.089125903471114,-32.971683004489776],[-57.09085818128114,-32.97024575276523],[-57.09055519202871,-32.974906104816846],[-57.09732683334311,-32.97423187461334],[-57.10187910913905,-32.98486825191503],[-57.107714671494485,-32.98160665225146],[-57.10749051298832,-32.991796863632615],[-57.123387883410764,-32.99248584976184],[-57.12639894766906,-32.99709701461797],[-57.13480614310421,-32.99197660530715],[-57.14466730232844,-32.99532380643309],[-57.134047602202905,-33.00057672914151],[-57.136419919554406,-33.00534772742722],[-57.12465980743094,-33.01674278215002],[-57.14025818623624,-33.01858673346753],[-57.143842374298416,-33.01500501080334],[-57.14902416757214,-33.02500160918914],[-57.15946388322154,-33.026718482610335],[-57.19043213979745,-33.00596580021102],[-57.18733054356654,-33.019036948371124],[-57.17477838536465,-33.01908571419468],[-57.17365558036545,-33.026040137493624],[-57.16305079857961,-33.02890621897285],[-57.1624412494142,-33.034502588817105],[-57.1717849144481,-33.03654592040527],[-57.173986744795194,-33.03013861267742],[-57.19090991663034,-33.041157502720665],[-57.195603297667276,-33.04011336516594],[-57.194092031476885,-33.03251207397327],[-57.20509536030305,-33.03928556099905],[-57.21330550003502,-33.03393673058646],[-57.21519866763691,-33.03854025955603],[-57.22697801179727,-33.03553912271379],[-57.23717065994662,-33.04033558438539],[-57.227233469001284,-33.038105633868405],[-57.21857113716969,-33.043929323701825],[-57.22905092103819,-33.05321290508862],[-57.223360663148,-33.05685714504782],[-57.21423416159513,-33.04851340030456],[-57.214377863623476,-33.05750027883228],[-57.20845047017532,-33.05168921695908],[-57.20831677465171,-33.056739441766325],[-57.19832330388276,-33.059827033696465],[-57.20630711696557,-33.06501135445103],[-57.225157858992084,-33.06407608845538],[-57.22012433715964,-33.07199505332944],[-57.20930326627494,-33.07026965144207],[-57.21003057253583,-33.07894338608435],[-57.20417565389463,-33.0791176559553],[-57.19938370116498,-33.07067889066317],[-57.196494450907615,-33.08638030708003],[-57.18324819597845,-33.09195536406273],[-57.17400691534492,-33.09138141015864],[-57.168623624026516,-33.081271060933176],[-57.16427903078641,-33.08564616576379],[-57.14928777820095,-33.07737973170338],[-57.137155613574876,-33.085922030177535],[-57.13589582969767,-33.10311017411191]]]},"properties":{"cuenca":"RÍO NEGRO entre Rincón del Bonete y Río Yí","area_km2":3586,"estaciones":["Paso de los Toros"]}},{"type":"Feature","geometry":{"type":"Polygon","coordinates":[[[-56.31513716446155,-34.84220130787738],[-56.359858756101886,-34.84208629269295],[-56.37697871323654,-34.82087914166241],[-56.38377502527552,-34.82251692656115],[-56.38199445867809,-34.81412432554949],[-56.391787566843206,-34.80067340759764],[-56.3629642827163,-34.79842820529937],[-56.35437160441003,-34.79133759571242],[-56.35406735897754,-34.78505623470347],[-56.34548166545397,-34.786996963901665],[-56.35079685994245,-34.784494181882245],[-56.34656224013657,-34.783270366515964],[-56.33828907275319,-34.77470684243059],[-56.33439747194697,-34.77769861076163],[-56.33031170178804,-34.77770746360535],[-56.329585125563355,-34.77854892953811],[-56.32863251085536,-34.77821053749713],[-56.32741470987181,-34.779117220706894],[-56.32632110890995,-34.7789416735358],[-56.33762165886706,-34.77454753937462],[-56.3389010488198,-34.774740191068666],[-56.34175636040738,-34.777035104416235],[-56.34508483272356,-34.7598846002509],[-56.3390247231701,-34.75511611014281],[-56.338175126979976,-34.74705229647928],[-56.35213687408374,-34.72649182673359],[-56.341678407290885,-34.7367024854074],[-56.318796060136954,-34.74590162412253],[-56.31985453880329,-34.75405353356429],[-56.310437339756135,-34.755828654669855],[-56.30688064486673,-34.76430385271703],[-56.29584580767694,-34.76257033886445],[-56.2825534492874,-34.768246673073534],[-56.27921703510314,-34.78193430899702],[-56.26443936934753,-34.78602726862567],[-56.2651924628885,-34.793957955508205],[-56.26125376966195,-34.79564316828974],[-56.26938855597897,-34.80693429582845],[-56.285209561049946,-34.80663192714421],[-56.29564537654569,-34.821371269203354],[-56.310689591294704,-34.83057871886905],[-56.31513716446155,-34.84220130787738]]]},"properties":{"cuenca":"RÍO SANTA LUCÍA entre Ao. Colorado y Río de la Plata","area_km2":69,"estaciones":["Aeropuerto Melilla"]}},{"type":"Feature","geometry":{"type":"Polygon","coordinates":[[[-57.907033850999866,-31.37296637122013],[-57.90444910559647,-31.39548130840962],[-57.91441392461426,-31.404635987988307],[-57.9578101178855,-31.433155292836695],[-57.97126066559388,-31.432072087796612],[-57.989804163508,-31.444853649669923],[-58.00150018030569,-31.460623993929747],[-58.03956399983932,-31.478502533589342],[-58.04690650727996,-31.48613410066731],[-58.04675514061453,-31.493725322919506],[-58.032734880227615,-31.503483223133397],[-58.05262062943258,-31.49815750500216],[-58.05294234185599,-31.493611410194276],[-58.05404599540059,-31.497768076917993],[-58.06260007956798,-31.495574236845275],[-58.074479888255034,-31.484434848363183],[-58.07827980078793,-31.473444647626053],[-58.07208700314004,-31.454065612320445],[-58.02435842519492,-31.422703711861086],[-58.01619480168128,-31.419381004601977],[-58.01395236465401,-31.423983269079454],[-58.01566398485772,-31.418823069508264],[-57.999255747815816,-31.410733332887155],[-57.970765591401346,-31.38447929604921],[-57.98542743326786,-31.359602431804742],[-57.976862027690025,-31.321964312650767],[-57.93285457909024,-31.277723140023035],[-57.91868551762464,-31.27933712726099],[-57.92386376032545,-31.271958899820607],[-57.91307335130436,-31.274676298939635],[-57.91566021342079,-31.26815874408611],[-57.90903166936298,-31.26623352597022],[-57.91383883524205,-31.26414357016107],[-57.909750578933775,-31.259897076287125],[-57.91362731605063,-31.25624657558685],[-57.903202531586814,-31.26078241470067],[-57.90738596918207,-31.25041650933191],[-57.900065221698746,-31.25364042580625],[-57.901425524862155,-31.24739218874591],[-57.89304328405652,-31.254095088784673],[-57.89536503332335,-31.249380030216038],[-57.88877937600233,-31.246861196479955],[-57.9020471680872,-31.23872736607591],[-57.903045199084254,-31.231876045547963],[-57.89572633049367,-31.23558301677093],[-57.89411907729622,-31.232469490381586],[-57.89923382538861,-31.225770245187498],[-57.88764589962184,-31.229084584721566],[-57.889035011238896,-31.23776155277432],[-57.88267653873395,-31.242594427320117],[-57.877231637946124,-31.241608882814635],[-57.88174431589231,-31.231012182967348],[-57.869553415383685,-31.234300094647153],[-57.87157144448823,-31.224712882023752],[-57.88111895280664,-31.22259660126515],[-57.87572211967447,-31.21908015626254],[-57.88140092837633,-31.216422274350187],[-57.87760186751899,-31.21280383987778],[-57.88233188139615,-31.20972142000786],[-57.87231369413529,-31.208615470481956],[-57.87098296578773,-31.199061316458927],[-57.86460216203457,-31.198911436669306],[-57.864402626155716,-31.210005034791312],[-57.85826425101226,-31.20025730912366],[-57.85460274869425,-31.210414452006507],[-57.86191573381926,-31.22350667855816],[-57.858225735564865,-31.226559309503667],[-57.84776144171868,-31.22154187728368],[-57.85149508124293,-31.234096560101968],[-57.8405809640808,-31.229166888227304],[-57.84359878131823,-31.237747835014105],[-57.83643406719092,-31.24128786626367],[-57.843418568097796,-31.246433677054334],[-57.83568639293527,-31.24459077366028],[-57.832982874378104,-31.250656665852247],[-57.82851539717273,-31.238058907573386],[-57.82408133078375,-31.244187995471194],[-57.815532186937936,-31.24535927406054],[-57.81267526794401,-31.254150209926806],[-57.80624800487199,-31.248011184770824],[-57.79779064628999,-31.254066912689726],[-57.79140496301186,-31.25236269522039],[-57.78727522407787,-31.25813421298741],[-57.78428162877538,-31.253013896111113],[-57.76703035879301,-31.25806206173572],[-57.786224179642794,-31.25054936795538],[-57.7823140076274,-31.24524478631944],[-57.79961507529687,-31.241036456645386],[-57.79640934223896,-31.23581151347125],[-57.79994765585896,-31.23291624346676],[-57.80610129620981,-31.237599202398556],[-57.810278567603646,-31.22921153375576],[-57.81902773088168,-31.22961541621838],[-57.822595030479015,-31.21876638753967],[-57.835100529433724,-31.210904906580545],[-57.83259856262717,-31.208212430921556],[-57.84261462585628,-31.19443859808209],[-57.820756040219024,-31.196433907637637],[-57.81843210860333,-31.20406246351033],[-57.81371252273359,-31.19816738054379],[-57.80867380303979,-31.20543250185907],[-57.802393615450974,-31.19962446943855],[-57.796411158664895,-31.20345942326772],[-57.79918204485823,-31.199043255053407],[-57.79286083824403,-31.1967338721717],[-57.78193460754888,-31.205964574701053],[-57.78914264790848,-31.194492144663734],[-57.78252289904039,-31.193936113688554],[-57.779496342276786,-31.179555806354205],[-57.79073862741452,-31.190563185859677],[-57.79919865809306,-31.19235255937924],[-57.799584534806826,-31.197233646842065],[-57.8060301071798,-31.197971840846236],[-57.810010997148744,-31.191778312658],[-57.81622508583007,-31.1939803291694],[-57.83657887810008,-31.181983092023685],[-57.834779970356195,-31.178783580218333],[-57.820692763367745,-31.176183352609666],[-57.81872317026474,-31.173310878589675],[-57.83684652564062,-31.1763614603745],[-57.84647206071902,-31.183115491592062],[-57.85648299007183,-31.176103221699577],[-57.849425557765876,-31.166378644933992],[-57.857581640805606,-31.170170743529354],[-57.861877487076896,-31.165169886283852],[-57.86182544068188,-31.182121976956182],[-57.86903388906851,-31.17939144106788],[-57.87119282122654,-31.182214965014165],[-57.866291731449365,-31.184953669878666],[-57.87127587232538,-31.188435072781793],[-57.87225060732988,-31.184073381837152],[-57.87798803100649,-31.185062827445655],[-57.87826272109538,-31.179395983158],[-57.88474067755609,-31.189299555859378],[-57.89254866280926,-31.189066761397264],[-57.893454768265315,-31.178484053698536],[-57.88711400975254,-31.17541281990247],[-57.89401629380325,-31.173245820227574],[-57.89359075310339,-31.167271911318373],[-57.88277923026471,-31.169179674856338],[-57.88395069777298,-31.163284348866217],[-57.893373376019454,-31.160037747047166],[-57.88135526800697,-31.157503832614633],[-57.893697181482466,-31.152925593724973],[-57.88823712163853,-31.148182737808533],[-57.8968907443984,-31.14155698418119],[-57.89100569037422,-31.137398737442094],[-57.88181910444623,-31.13950568954732],[-57.88612942999494,-31.132401194152305],[-57.89547151206596,-31.131417419152697],[-57.89543412986417,-31.126378336555046],[-57.89057772712044,-31.12167070737107],[-57.87602911945673,-31.126410965322787],[-57.88770743688178,-31.10825139962394],[-57.88391852409536,-31.10996301204285],[-57.88288816680266,-31.105589301908847],[-57.87055896852378,-31.11047527631556],[-57.875326071649134,-31.10236661996719],[-57.86729071022066,-31.094915989014623],[-57.8647197762329,-31.10129841023202],[-57.859536487059685,-31.098474121578644],[-57.85259473560425,-31.113129955000243],[-57.8516327242743,-31.0994456308563],[-57.83582597097517,-31.109130222084985],[-57.84208767390412,-31.098509339998504],[-57.82510086905262,-31.089994885085687],[-57.82903148002472,-31.086367613706344],[-57.84700819923524,-31.09152676226007],[-57.85047817029445,-31.08957583536593],[-57.846336355618,-31.08304427558312],[-57.860370023913944,-31.086134569616135],[-57.86088510336233,-31.070222480304118],[-57.851883707675505,-31.071561979296835],[-57.858233614287265,-31.062557280155097],[-57.845216154442916,-31.069899326013314],[-57.84460199970409,-31.064406573923012],[-57.83803869175706,-31.068298953857802],[-57.84016921310895,-31.06288169817812],[-57.828698191332634,-31.063683821103044],[-57.831748239512756,-31.060677317417365],[-57.824569897655074,-31.056565080809385],[-57.847028032208094,-31.058909035274947],[-57.852142376288995,-31.05112370084321],[-57.8561595836956,-31.052653902009784],[-57.855325983414446,-31.046910264820934],[-57.845743982795824,-31.050999289306702],[-57.85479787548565,-31.03715394051372],[-57.8405326609636,-31.037416335235413],[-57.85237329786547,-31.03196170032838],[-57.84323169828369,-31.028991135981297],[-57.853583574120776,-31.0275510434955],[-57.853162748843125,-31.02273091308069],[-57.841085393632234,-31.021995450470367],[-57.83887986608575,-31.017422034573457],[-57.85277635730477,-31.01342180144991],[-57.84910990578887,-31.010150203844848],[-57.85347683201891,-31.007285717038886],[-57.85345639294567,-30.99754949243176],[-57.84739312232239,-31.00012089347871],[-57.83855985385076,-30.99647098713192],[-57.8343319947841,-31.000229842471132],[-57.824522430854906,-30.99644656183787],[-57.856408863241136,-30.984023056648883],[-57.85920215048083,-30.97072116780332],[-57.81771511829857,-30.96960393159992],[-57.85441690090948,-30.957876153153936],[-57.87183975727223,-30.96475729618532],[-57.87542199150924,-30.971696856790857],[-57.87968841763356,-30.965729283108324],[-57.87624165515477,-30.95589122955709],[-57.87909109794852,-30.95122678494415],[-57.861782452494396,-30.936966302452205],[-57.85598262138347,-30.940311601882396],[-57.85255767305533,-30.936267505817142],[-57.842458530907365,-30.943770895124736],[-57.83465876568696,-30.93897168944744],[-57.83102761180223,-30.94690134662317],[-57.80977185570081,-30.941914921860626],[-57.81031831976793,-30.94669128463107],[-57.800017908780724,-30.95718030214313],[-57.76909850866543,-30.968785531855062],[-57.750323793047826,-30.982426754223333],[-57.751459467598615,-30.99061818711172],[-57.739927583639926,-31.01060966601362],[-57.73971813954896,-31.024881642217892],[-57.73210346945564,-31.031813186552913],[-57.733078423825724,-31.04807659803173],[-57.7186014594672,-31.067492498044803],[-57.693144409189735,-31.079694779109722],[-57.68331738100093,-31.09778640427171],[-57.6832074509405,-31.107718223453332],[-57.66937962594026,-31.116880204845376],[-57.63714002163499,-31.1227459578424],[-57.63126009845249,-31.136566407747512],[-57.59779083307815,-31.173349287544323],[-57.59330691274703,-31.171014774548826],[-57.56020796320014,-31.18200990928773],[-57.546829031993646,-31.178988326478493],[-57.52896470680415,-31.204211813130815],[-57.534407656808376,-31.2298359822034],[-57.5189819112723,-31.24616170737281],[-57.51030642989109,-31.266219689476184],[-57.468313542831844,-31.29122040871219],[-57.440661186159296,-31.30036610067587],[-57.43196256475925,-31.32006809527882],[-57.4194149834693,-31.326349924357473],[-57.41850909551198,-31.331771117442724],[-57.37681182812563,-31.347526416063456],[-57.3712112717176,-31.36009061534532],[-57.3585258612886,-31.3670890394734],[-57.34255641443662,-31.385790436775086],[-57.33598832669575,-31.41912148386617],[-57.325187154497705,-31.42812232299615],[-57.32480915563387,-31.436426713737468],[-57.307843130349376,-31.445913148635455],[-57.30257377443282,-31.459647653949936],[-57.3087030240454,-31.464041711837872],[-57.329952807207704,-31.455132324822593],[-57.337168636332436,-31.45811782300107],[-57.37098565336666,-31.447747007241023],[-57.38674587044066,-31.452839744888152],[-57.401228641396926,-31.449883129249304],[-57.443431731453224,-31.436508503851144],[-57.463629291927134,-31.424515678944168],[-57.49267597917077,-31.426807990377007],[-57.53082993265989,-31.418971204000098],[-57.57696597573847,-31.39618571235429],[-57.60982814005333,-31.39882459833082],[-57.61586832311466,-31.393313412833404],[-57.6628197690419,-31.388947272901614],[-57.66598842078954,-31.39627341289146],[-57.68139323057786,-31.40071558709498],[-57.70342686444057,-31.398223134243374],[-57.734163824433224,-31.381493107190266],[-57.75674057540214,-31.388109856889677],[-57.79125345336247,-31.369840574981527],[-57.808202815370336,-31.388277096736143],[-57.81771760829917,-31.38993587618377],[-57.82769250383477,-31.382071840019957],[-57.85081086202609,-31.37849440526605],[-57.86460808682015,-31.362099128717396],[-57.87201748431181,-31.360153834950218],[-57.89521257961365,-31.362967167235368],[-57.90209934097844,-31.374633683678084],[-57.907033850999866,-31.37296637122013]]]},"properties":{"cuenca":"RÍO URUGUAY entre Río Arapey Grande y Río Daymán","area_km2":1578,"estaciones":["Salto"]}}]}