{
"type": "FeatureCollection",
"name": "departamentos_uy",
"xy_coordinate_resolution": 0.0001,
"features": [
{ "type": "Feature", "properties": { }, "geometry": { "type": "Polygon", "coordinates": [ [ [ -57.9609, -31.5043 ], [ -57.9782, -31.4837 ], [ -57.9942, -31.4869 ], [ -58.0173, -31.486 ], [ -58.0311, -31.4971 ], [ -58.0309, -31.5055 ], [ -58.0013, -31.5278 ], [ -57.9982, -31.5423 ], [ -57.9764, -31.5756 ], [ -57.9751, -31.5841 ], [ -57.9903, -31.6391 ], [ -57.9973, -31.6466 ], [ -57.9998, -31.6571 ], [ -57.9968, -31.6641 ], [ -58.005, -31.6842 ], [ -58.0184, -31.7027 ], [ -58.0302, -31.7278 ], [ -58.0361, -31.7619 ], [ -58.0502, -31.7808 ], [ -58.0614, -31.8155 ], [ -58.0688, -31.8254 ], [ -58.0753, -31.828 ], [ -58.0913, -31.8302 ], [ -58.1079, -31.8285 ], [ -58.1512, -31.8402 ], [ -58.1853, -31.8642 ], [ -58.1946, -31.8768 ], [ -58.1894, -31.9023 ], [ -58.1687, -31.9217 ], [ -58.1624, -31.9344 ], [ -58.1548, -31.9417 ], [ -58.151, -31.9545 ], [ -58.1506, -31.9743 ], [ -58.1366, -31.9972 ], [ -58.1368, -32.0149 ], [ -58.1342, -32.0204 ], [ -58.1388, -32.057 ], [ -58.1462, -32.0734 ], [ -58.1608, -32.0851 ], [ -58.1626, -32.0904 ], [ -58.1565, -32.1163 ], [ -58.1433, -32.1378 ], [ -58.1365, -32.1673 ], [ -58.1342, -32.1712 ], [ -58.133, -32.1683 ], [ -58.133, -32.1731 ], [ -58.1164, -32.1943 ], [ -58.1133, -32.2089 ], [ -58.1014, -32.2276 ], [ -58.0927, -32.2567 ], [ -58.0965, -32.272 ], [ -58.0902, -32.2878 ], [ -58.0957, -32.3038 ], [ -58.0939, -32.3051 ], [ -58.0973, -32.3049 ], [ -58.1065, -32.3192 ], [ -58.1076, -32.3271 ], [ -58.1049, -32.3327 ], [ -58.1164, -32.3433 ], [ -58.1401, -32.3547 ], [ -58.1405, -32.3594 ], [ -58.1516, -32.3744 ], [ -58.1518, -32.3889 ], [ -58.1548, -32.3942 ], [ -58.1676, -32.4 ], [ -58.1742, -32.4118 ], [ -58.1866, -32.4208 ], [ -58.1925, -32.4379 ], [ -58.1958, -32.4651 ], [ -58.192, -32.4819 ], [ -58.1862, -32.4865 ], [ -58.182, -32.485 ], [ -58.1758, -32.4742 ], [ -58.1587, -32.4664 ], [ -58.1565, -32.4712 ], [ -58.148, -32.4738 ], [ -58.1472, -32.4662 ], [ -58.1419, -32.4648 ], [ -58.1368, -32.458 ], [ -58.1302, -32.4598 ], [ -58.1308, -32.4655 ], [ -58.1383, -32.4638 ], [ -58.1355, -32.4689 ], [ -58.1192, -32.4785 ], [ -58.1138, -32.4742 ], [ -58.1128, -32.4588 ], [ -58.1111, -32.4632 ], [ -58.1088, -32.4585 ], [ -58.1053, -32.4583 ], [ -58.0957, -32.4742 ], [ -58.0866, -32.4658 ], [ -58.0747, -32.4641 ], [ -58.0597, -32.4723 ], [ -58.0638, -32.4777 ], [ -58.0501, -32.4944 ], [ -58.0494, -32.507 ], [ -58.0317, -32.513 ], [ -58.0353, -32.5193 ], [ -58.0234, -32.5313 ], [ -58.0081, -32.5329 ], [ -57.9933, -32.5426 ], [ -57.9921, -32.5556 ], [ -57.9972, -32.5582 ], [ -57.9989, -32.5639 ], [ -57.9923, -32.5643 ], [ -57.9806, -32.5714 ], [ -57.9653, -32.5701 ], [ -57.9626, -32.5791 ], [ -57.9507, -32.5804 ], [ -57.9378, -32.577 ], [ -57.9348, -32.5811 ], [ -57.9263, -32.5806 ], [ -57.9216, -32.5837 ], [ -57.911, -32.5769 ], [ -57.905, -32.5768 ], [ -57.8972, -32.5799 ], [ -57.8985, -32.583 ], [ -57.891, -32.5851 ], [ -57.8797, -32.5736 ], [ -57.8764, -32.5786 ], [ -57.8686, -32.5775 ], [ -57.8584, -32.5637 ], [ -57.8514, -32.5691 ], [ -57.8445, -32.5638 ], [ -57.8373, -32.5628 ], [ -57.8254, -32.5762 ], [ -57.8077, -32.5707 ], [ -57.8055, -32.5743 ], [ -57.8126, -32.5808 ], [ -57.7962, -32.5865 ], [ -57.7872, -32.5862 ], [ -57.7856, -32.594 ], [ -57.7818, -32.5959 ], [ -57.7741, -32.5917 ], [ -57.7798, -32.5871 ], [ -57.7745, -32.5813 ], [ -57.764, -32.5847 ], [ -57.7575, -32.5785 ], [ -57.763, -32.5675 ], [ -57.7557, -32.5646 ], [ -57.7526, -32.5471 ], [ -57.7478, -32.542 ], [ -57.7114, -32.5439 ], [ -57.7039, -32.5376 ], [ -57.6889, -32.5449 ], [ -57.6814, -32.5414 ], [ -57.6792, -32.5366 ], [ -57.6754, -32.5391 ], [ -57.6626, -32.5354 ], [ -57.65, -32.5278 ], [ -57.6341, -32.5312 ], [ -57.6261, -32.5383 ], [ -57.6103, -32.5327 ], [ -57.612, -32.5286 ], [ -57.604, -32.5274 ], [ -57.5983, -32.5197 ], [ -57.5893, -32.5271 ], [ -57.584, -32.5223 ], [ -57.5854, -32.5118 ], [ -57.5723, -32.5067 ], [ -57.5638, -32.4985 ], [ -57.5439, -32.5067 ], [ -57.5386, -32.498 ], [ -57.5391, -32.4902 ], [ -57.5303, -32.4858 ], [ -57.5325, -32.4801 ], [ -57.5269, -32.4706 ], [ -57.5307, -32.4668 ], [ -57.527, -32.4605 ], [ -57.5203, -32.461 ], [ -57.5184, -32.4551 ], [ -57.5111, -32.4599 ], [ -57.507, -32.4572 ], [ -57.5011, -32.4585 ], [ -57.5002, -32.4538 ], [ -57.4908, -32.4496 ], [ -57.4884, -32.4413 ], [ -57.4792, -32.4346 ], [ -57.4817, -32.4218 ], [ -57.4621, -32.4199 ], [ -57.4554, -32.4123 ], [ -57.4415, -32.4145 ], [ -57.4324, -32.4241 ], [ -57.421, -32.4255 ], [ -57.4146, -32.4343 ], [ -57.4086, -32.4335 ], [ -57.4064, -32.4257 ], [ -57.3998, -32.4216 ], [ -57.3695, -32.4138 ], [ -57.3505, -32.4207 ], [ -57.3205, -32.4119 ], [ -57.3113, -32.4199 ], [ -57.3073, -32.4167 ], [ -57.2931, -32.419 ], [ -57.2861, -32.4324 ], [ -57.2854, -32.4411 ], [ -57.281, -32.4453 ], [ -57.269, -32.4422 ], [ -57.2617, -32.4443 ], [ -57.2445, -32.4256 ], [ -57.2295, -32.4227 ], [ -57.2127, -32.4076 ], [ -57.2037, -32.4075 ], [ -57.1991, -32.4015 ], [ -57.2017, -32.3982 ], [ -57.1997, -32.3916 ], [ -57.1924, -32.3841 ], [ -57.1918, -32.3743 ], [ -57.1749, -32.3726 ], [ -57.162, -32.3758 ], [ -57.148, -32.3653 ], [ -57.1424, -32.3648 ], [ -57.1306, -32.3712 ], [ -57.1006, -32.3682 ], [ -57.0858, -32.3769 ], [ -57.0603, -32.3533 ], [ -57.0466, -32.3505 ], [ -57.0362, -32.3425 ], [ -57.0198, -32.3533 ], [ -57.004, -32.3519 ], [ -56.9825, -32.3451 ], [ -56.9622, -32.353 ], [ -56.9469, -32.3706 ], [ -56.9207, -32.3861 ], [ -56.88, -32.3928 ], [ -56.8544, -32.3844 ], [ -56.8393, -32.3828 ], [ -56.7998, -32.4019 ], [ -56.7831, -32.3926 ], [ -56.7186, -32.3958 ], [ -56.7, -32.3871 ], [ -56.6848, -32.3947 ], [ -56.6774, -32.3927 ], [ -56.6692, -32.3998 ], [ -56.671, -32.4044 ], [ -56.6661, -32.4213 ], [ -56.6497, -32.4276 ], [ -56.6446, -32.4384 ], [ -56.6181, -32.4593 ], [ -56.6116, -32.4736 ], [ -56.5835, -32.4741 ], [ -56.5512, -32.49 ], [ -56.5508, -32.4842 ], [ -56.5552, -32.4785 ], [ -56.5473, -32.4677 ], [ -56.538, -32.4426 ], [ -56.5306, -32.3917 ], [ -56.5196, -32.3831 ], [ -56.5046, -32.3522 ], [ -56.4942, -32.344 ], [ -56.4918, -32.335 ], [ -56.4739, -32.3291 ], [ -56.4747, -32.3211 ], [ -56.4681, -32.304 ], [ -56.4475, -32.3005 ], [ -56.415, -32.272 ], [ -56.3976, -32.2621 ], [ -56.3817, -32.2462 ], [ -56.3704, -32.2415 ], [ -56.3642, -32.2327 ], [ -56.3646, -32.2255 ], [ -56.3466, -32.216 ], [ -56.3431, -32.2012 ], [ -56.347, -32.1913 ], [ -56.3411, -32.1781 ], [ -56.3337, -32.1725 ], [ -56.334, -32.1683 ], [ -56.3282, -32.1626 ], [ -56.3123, -32.1617 ], [ -56.3096, -32.1584 ], [ -56.311, -32.1406 ], [ -56.3044, -32.1326 ], [ -56.306, -32.1205 ], [ -56.2955, -32.1109 ], [ -56.2937, -32.1035 ], [ -56.2862, -32.0946 ], [ -56.3086, -32.0801 ], [ -56.3134, -32.0701 ], [ -56.3091, -32.0595 ], [ -56.2998, -32.0526 ], [ -56.2891, -32.0173 ], [ -56.298, -31.9926 ], [ -56.2964, -31.978 ], [ -56.2824, -31.9592 ], [ -56.2812, -31.9454 ], [ -56.2839, -31.9368 ], [ -56.2691, -31.9205 ], [ -56.2648, -31.9208 ], [ -56.2629, -31.9134 ], [ -56.2417, -31.901 ], [ -56.2442, -31.8968 ], [ -56.2388, -31.8801 ], [ -56.2492, -31.871 ], [ -56.2466, -31.8658 ], [ -56.2548, -31.8544 ], [ -56.2672, -31.8493 ], [ -56.2673, -31.8363 ], [ -56.2722, -31.8332 ], [ -56.2745, -31.8266 ], [ -56.2701, -31.8162 ], [ -56.2745, -31.8135 ], [ -56.2686, -31.7991 ], [ -56.269, -31.7903 ], [ -56.2655, -31.7825 ], [ -56.2622, -31.7824 ], [ -56.2693, -31.7751 ], [ -56.2659, -31.7627 ], [ -56.2686, -31.7498 ], [ -56.2748, -31.7428 ], [ -56.2839, -31.7395 ], [ -56.3132, -31.7419 ], [ -56.3434, -31.7491 ], [ -56.3584, -31.7583 ], [ -56.3917, -31.7702 ], [ -56.3894, -31.7979 ], [ -56.4044, -31.8077 ], [ -56.4146, -31.8299 ], [ -56.4388, -31.8352 ], [ -56.4533, -31.8711 ], [ -56.4724, -31.8712 ], [ -56.4781, -31.8624 ], [ -56.5371, -31.8612 ], [ -56.5408, -31.8484 ], [ -56.5583, -31.8535 ], [ -56.5766, -31.8441 ], [ -56.5873, -31.8319 ], [ -56.596, -31.8317 ], [ -56.6108, -31.8402 ], [ -56.6216, -31.8405 ], [ -56.6268, -31.8364 ], [ -56.6329, -31.8388 ], [ -56.6506, -31.8369 ], [ -56.6642, -31.8255 ], [ -56.6779, -31.8319 ], [ -56.6997, -31.8228 ], [ -56.7105, -31.8106 ], [ -56.7355, -31.7984 ], [ -56.7533, -31.8105 ], [ -56.7761, -31.788 ], [ -56.7976, -31.7828 ], [ -56.8151, -31.7831 ], [ -56.8326, -31.7772 ], [ -56.8784, -31.7911 ], [ -56.8994, -31.8046 ], [ -56.9357, -31.8049 ], [ -56.9439, -31.7973 ], [ -56.9505, -31.7999 ], [ -56.9575, -31.796 ], [ -56.9719, -31.7949 ], [ -56.9866, -31.7827 ], [ -57.031, -31.7833 ], [ -57.0478, -31.7903 ], [ -57.0949, -31.7856 ], [ -57.1146, -31.7787 ], [ -57.1341, -31.7839 ], [ -57.151, -31.784 ], [ -57.1705, -31.7764 ], [ -57.1875, -31.7597 ], [ -57.1983, -31.7618 ], [ -57.2205, -31.7597 ], [ -57.2333, -31.7477 ], [ -57.2612, -31.7446 ], [ -57.2858, -31.7323 ], [ -57.3147, -31.729 ], [ -57.3313, -31.7075 ], [ -57.3387, -31.7028 ], [ -57.3482, -31.687 ], [ -57.3616, -31.6851 ], [ -57.3603, -31.6806 ], [ -57.3733, -31.6648 ], [ -57.4041, -31.66 ], [ -57.4126, -31.6629 ], [ -57.4283, -31.6616 ], [ -57.4643, -31.6511 ], [ -57.5045, -31.6332 ], [ -57.5419, -31.6044 ], [ -57.5673, -31.593 ], [ -57.5793, -31.59 ], [ -57.5942, -31.5917 ], [ -57.6154, -31.5843 ], [ -57.6343, -31.5847 ], [ -57.6456, -31.5693 ], [ -57.6561, -31.5783 ], [ -57.6667, -31.5721 ], [ -57.6793, -31.5802 ], [ -57.6822, -31.577 ], [ -57.6904, -31.5765 ], [ -57.6941, -31.568 ], [ -57.7024, -31.5717 ], [ -57.7091, -31.5681 ], [ -57.7253, -31.5724 ], [ -57.7384, -31.5716 ], [ -57.745, -31.5584 ], [ -57.7466, -31.5418 ], [ -57.7558, -31.5344 ], [ -57.7536, -31.5272 ], [ -57.7744, -31.5188 ], [ -57.7737, -31.5071 ], [ -57.7849, -31.4926 ], [ -57.7798, -31.4806 ], [ -57.7845, -31.4751 ], [ -57.7978, -31.481 ], [ -57.8137, -31.4782 ], [ -57.825, -31.4805 ], [ -57.8293, -31.4742 ], [ -57.8425, -31.4741 ], [ -57.8517, -31.4622 ], [ -57.8585, -31.467 ], [ -57.8767, -31.4681 ], [ -57.8798, -31.4652 ], [ -57.8764, -31.4576 ], [ -57.8806, -31.4525 ], [ -57.8879, -31.4526 ], [ -57.8965, -31.4585 ], [ -57.9198, -31.4593 ], [ -57.9263, -31.4708 ], [ -57.9578, -31.4596 ], [ -57.9527, -31.469 ], [ -57.9528, -31.485 ], [ -57.9439, -31.4928 ], [ -57.9308, -31.4974 ], [ -57.9348, -31.5017 ], [ -57.9609, -31.5043 ] ] ] } },
{ "type": "Feature", "properties": { }, "geometry": { "type": "Polygon", "coordinates": [ [ [ -57.8605, -33.0193 ], [ -57.8742, -33.0216 ], [ -57.8735, -33.0374 ], [ -57.8924, -33.05 ], [ -57.907, -33.0558 ], [ -57.9326, -33.056 ], [ -57.9547, -33.0718 ], [ -57.9578, -33.0817 ], [ -57.9443, -33.091 ], [ -57.9433, -33.109 ], [ -57.945, -33.1235 ], [ -57.9547, -33.1344 ], [ -57.9683, -33.1384 ], [ -57.9817, -33.1302 ], [ -58.0133, -33.1257 ], [ -58.0356, -33.115 ], [ -58.0448, -33.1157 ], [ -58.0481, -33.1188 ], [ -58.0547, -33.1386 ], [ -58.0454, -33.1528 ], [ -58.0394, -33.1694 ], [ -58.0315, -33.1789 ], [ -58.0255, -33.2123 ], [ -58.0113, -33.2287 ], [ -58.0106, -33.2355 ], [ -58.0139, -33.2403 ], [ -58.0504, -33.2409 ], [ -58.0801, -33.2236 ], [ -58.122, -33.2278 ], [ -58.1355, -33.2385 ], [ -58.1363, -33.2488 ], [ -58.1324, -33.2608 ], [ -58.1182, -33.2748 ], [ -58.1116, -33.2888 ], [ -58.1335, -33.3083 ], [ -58.153, -33.3117 ], [ -58.2022, -33.2944 ], [ -58.218, -33.2934 ], [ -58.2406, -33.3112 ], [ -58.2503, -33.3133 ], [ -58.2639, -33.3215 ], [ -58.2745, -33.338 ], [ -58.276, -33.3562 ], [ -58.3002, -33.3748 ], [ -58.3179, -33.3816 ], [ -58.3419, -33.3818 ], [ -58.3612, -33.388 ], [ -58.3826, -33.3886 ], [ -58.3878, -33.3925 ], [ -58.3949, -33.403 ], [ -58.3914, -33.4114 ], [ -58.3894, -33.4081 ], [ -58.3894, -33.438 ], [ -58.3928, -33.4491 ], [ -58.3905, -33.455 ], [ -58.3997, -33.4655 ], [ -58.3997, -33.4713 ], [ -58.4117, -33.4743 ], [ -58.4252, -33.49 ], [ -58.4334, -33.5258 ], [ -58.4271, -33.5547 ], [ -58.43, -33.5622 ], [ -58.4215, -33.5806 ], [ -58.4185, -33.6189 ], [ -58.4199, -33.6598 ], [ -58.4393, -33.6831 ], [ -58.4217, -33.7244 ], [ -58.4179, -33.7446 ], [ -58.4194, -33.7741 ], [ -58.4319, -33.8218 ], [ -58.4274, -33.832 ], [ -58.4185, -33.8359 ], [ -58.4172, -33.8408 ], [ -58.4112, -33.8405 ], [ -58.4105, -33.8452 ], [ -58.4042, -33.8485 ], [ -58.3978, -33.847 ], [ -58.3889, -33.855 ], [ -58.3618, -33.8547 ], [ -58.3561, -33.852 ], [ -58.3482, -33.8553 ], [ -58.3417, -33.8481 ], [ -58.3424, -33.8378 ], [ -58.3397, -33.8361 ], [ -58.3286, -33.8392 ], [ -58.3223, -33.8352 ], [ -58.3164, -33.8369 ], [ -58.31, -33.834 ], [ -58.2981, -33.8406 ], [ -58.2928, -33.8404 ], [ -58.2811, -33.8288 ], [ -58.2797, -33.8154 ], [ -58.2534, -33.8023 ], [ -58.2465, -33.7999 ], [ -58.241, -33.8027 ], [ -58.225, -33.798 ], [ -58.2109, -33.8007 ], [ -58.1825, -33.7961 ], [ -58.1678, -33.7975 ], [ -58.1593, -33.7905 ], [ -58.1514, -33.778 ], [ -58.1237, -33.7655 ], [ -58.0933, -33.7758 ], [ -58.0775, -33.7918 ], [ -58.0671, -33.7939 ], [ -58.0591, -33.8133 ], [ -58.0456, -33.8079 ], [ -58.0265, -33.8162 ], [ -58.0246, -33.8304 ], [ -58.0103, -33.8313 ], [ -57.9894, -33.8655 ], [ -57.9683, -33.8841 ], [ -57.9502, -33.8794 ], [ -57.9354, -33.8693 ], [ -57.9293, -33.8595 ], [ -57.9151, -33.859 ], [ -57.9106, -33.8625 ], [ -57.8993, -33.8603 ], [ -57.8713, -33.8652 ], [ -57.8628, -33.8701 ], [ -57.8277, -33.8764 ], [ -57.8264, -33.8855 ], [ -57.8093, -33.8964 ], [ -57.7953, -33.8966 ], [ -57.7904, -33.9031 ], [ -57.781, -33.9077 ], [ -57.775, -33.9233 ], [ -57.7713, -33.9254 ], [ -57.7662, -33.9237 ], [ -57.7592, -33.914 ], [ -57.7538, -33.9134 ], [ -57.7329, -33.9215 ], [ -57.721, -33.9218 ], [ -57.7014, -33.936 ], [ -57.6822, -33.9358 ], [ -57.6683, -33.9429 ], [ -57.6489, -33.9435 ], [ -57.6384, -33.9367 ], [ -57.6249, -33.9491 ], [ -57.6148, -33.9509 ], [ -57.6048, -33.9425 ], [ -57.5862, -33.9388 ], [ -57.5741, -33.9289 ], [ -57.5666, -33.93 ], [ -57.5637, -33.9263 ], [ -57.5523, -33.9253 ], [ -57.539, -33.9171 ], [ -57.5148, -33.9115 ], [ -57.4912, -33.9131 ], [ -57.4856, -33.9167 ], [ -57.4753, -33.9147 ], [ -57.4592, -33.905 ], [ -57.4477, -33.9038 ], [ -57.4404, -33.8958 ], [ -57.4387, -33.8875 ], [ -57.4275, -33.8832 ], [ -57.4214, -33.8863 ], [ -57.3857, -33.8756 ], [ -57.3623, -33.8743 ], [ -57.3371, -33.8905 ], [ -57.3057, -33.9272 ], [ -57.2873, -33.9239 ], [ -57.2463, -33.9245 ], [ -57.2299, -33.9147 ], [ -57.2221, -33.9182 ], [ -57.2201, -33.9236 ], [ -57.2118, -33.9227 ], [ -57.1941, -33.9329 ], [ -57.1782, -33.9307 ], [ -57.1676, -33.9402 ], [ -57.1497, -33.9395 ], [ -57.1442, -33.9501 ], [ -57.1274, -33.9563 ], [ -57.1005, -33.9518 ], [ -57.0956, -33.9554 ], [ -57.0895, -33.9539 ], [ -57.1002, -33.9328 ], [ -57.1035, -33.9193 ], [ -57.107, -33.9195 ], [ -57.1191, -33.9002 ], [ -57.1166, -33.8873 ], [ -57.1116, -33.8823 ], [ -57.1177, -33.8751 ], [ -57.115, -33.8691 ], [ -57.1175, -33.859 ], [ -57.1217, -33.8551 ], [ -57.1208, -33.8401 ], [ -57.1308, -33.8321 ], [ -57.1293, -33.8249 ], [ -57.1378, -33.8169 ], [ -57.1465, -33.8021 ], [ -57.1666, -33.7872 ], [ -57.1772, -33.785 ], [ -57.1788, -33.7739 ], [ -57.1881, -33.7664 ], [ -57.1891, -33.7585 ], [ -57.1972, -33.7504 ], [ -57.199, -33.7332 ], [ -57.2024, -33.7285 ], [ -57.2024, -33.7152 ], [ -57.1929, -33.6974 ], [ -57.193, -33.6916 ], [ -57.1884, -33.685 ], [ -57.1765, -33.6785 ], [ -57.1721, -33.6641 ], [ -57.1735, -33.6588 ], [ -57.1641, -33.6532 ], [ -57.1647, -33.6368 ], [ -57.1721, -33.6292 ], [ -57.1591, -33.6103 ], [ -57.1662, -33.6049 ], [ -57.1716, -33.5915 ], [ -57.1939, -33.5949 ], [ -57.2035, -33.5897 ], [ -57.2082, -33.5691 ], [ -57.2122, -33.565 ], [ -57.2244, -33.5615 ], [ -57.2284, -33.5489 ], [ -57.2392, -33.5477 ], [ -57.2451, -33.5411 ], [ -57.2459, -33.5294 ], [ -57.2518, -33.5232 ], [ -57.2494, -33.5157 ], [ -57.2567, -33.5045 ], [ -57.2543, -33.4864 ], [ -57.2633, -33.481 ], [ -57.2698, -33.4834 ], [ -57.2816, -33.4808 ], [ -57.2847, -33.4741 ], [ -57.2922, -33.4691 ], [ -57.2908, -33.4571 ], [ -57.2851, -33.4471 ], [ -57.2929, -33.4414 ], [ -57.2889, -33.4328 ], [ -57.2932, -33.4244 ], [ -57.3038, -33.4188 ], [ -57.3036, -33.4155 ], [ -57.3099, -33.4099 ], [ -57.3494, -33.3896 ], [ -57.3621, -33.3757 ], [ -57.3379, -33.353 ], [ -57.3416, -33.3462 ], [ -57.3408, -33.338 ], [ -57.3097, -33.329 ], [ -57.3081, -33.3179 ], [ -57.3023, -33.3118 ], [ -57.3071, -33.3042 ], [ -57.3056, -33.2893 ], [ -57.2954, -33.2785 ], [ -57.2782, -33.2677 ], [ -57.2777, -33.2588 ], [ -57.273, -33.2572 ], [ -57.268, -33.2499 ], [ -57.256, -33.2489 ], [ -57.2479, -33.2402 ], [ -57.2398, -33.2373 ], [ -57.2413, -33.2248 ], [ -57.2354, -33.2196 ], [ -57.2255, -33.2185 ], [ -57.2174, -33.2258 ], [ -57.212, -33.2234 ], [ -57.2204, -33.2129 ], [ -57.2106, -33.2027 ], [ -57.2052, -33.1913 ], [ -57.1925, -33.1865 ], [ -57.1782, -33.1886 ], [ -57.1748, -33.1865 ], [ -57.1779, -33.165 ], [ -57.1652, -33.1583 ], [ -57.1636, -33.1383 ], [ -57.1492, -33.1206 ], [ -57.1545, -33.1195 ], [ -57.1554, -33.116 ], [ -57.1737, -33.1148 ], [ -57.1877, -33.1283 ], [ -57.1983, -33.1301 ], [ -57.2167, -33.1409 ], [ -57.2251, -33.1425 ], [ -57.2371, -33.124 ], [ -57.2707, -33.125 ], [ -57.3056, -33.0916 ], [ -57.34, -33.0758 ], [ -57.3772, -33.0658 ], [ -57.3971, -33.0668 ], [ -57.4121, -33.0892 ], [ -57.4167, -33.092 ], [ -57.4278, -33.0919 ], [ -57.4382, -33.0827 ], [ -57.4522, -33.0518 ], [ -57.4596, -33.024 ], [ -57.483, -33.0166 ], [ -57.5073, -33.0197 ], [ -57.5283, -33.0002 ], [ -57.5376, -33.0032 ], [ -57.5523, -33.0182 ], [ -57.6214, -33.0411 ], [ -57.6198, -33.073 ], [ -57.6332, -33.0827 ], [ -57.6552, -33.0798 ], [ -57.6736, -33.0637 ], [ -57.7017, -33.0614 ], [ -57.7259, -33.0555 ], [ -57.7356, -33.0424 ], [ -57.7449, -33.039 ], [ -57.762, -33.0406 ], [ -57.781, -33.056 ], [ -57.7943, -33.0556 ], [ -57.8202, -33.0336 ], [ -57.8605, -33.0193 ] ] ] } },
{ "type": "Feature", "properties": { }, "geometry": { "type": "Polygon", "coordinates": [ [ [ -57.1554, -33.116 ], [ -57.1545, -33.1195 ], [ -57.1492, -33.1206 ], [ -57.1636, -33.1383 ], [ -57.1639, -33.1561 ], [ -57.1681, -33.1614 ], [ -57.1779, -33.165 ], [ -57.1748, -33.1865 ], [ -57.1782, -33.1886 ], [ -57.1925, -33.1865 ], [ -57.2052, -33.1913 ], [ -57.2106, -33.2027 ], [ -57.2204, -33.2129 ], [ -57.212, -33.2234 ], [ -57.2174, -33.2258 ], [ -57.2255, -33.2185 ], [ -57.2354, -33.2196 ], [ -57.2413, -33.2248 ], [ -57.2398, -33.2373 ], [ -57.2479, -33.2402 ], [ -57.256, -33.2489 ], [ -57.268, -33.2499 ], [ -57.273, -33.2572 ], [ -57.2777, -33.2588 ], [ -57.2782, -33.2677 ], [ -57.2954, -33.2785 ], [ -57.3056, -33.2893 ], [ -57.3071, -33.3042 ], [ -57.3023, -33.3118 ], [ -57.3081, -33.3179 ], [ -57.3097, -33.329 ], [ -57.3408, -33.338 ], [ -57.3416, -33.3462 ], [ -57.3379, -33.353 ], [ -57.3621, -33.3757 ], [ -57.3494, -33.3896 ], [ -57.3099, -33.4099 ], [ -57.3036, -33.4155 ], [ -57.3038, -33.4188 ], [ -57.2932, -33.4244 ], [ -57.2889, -33.4328 ], [ -57.2929, -33.4414 ], [ -57.2851, -33.4471 ], [ -57.2908, -33.4571 ], [ -57.2922, -33.4691 ], [ -57.2847, -33.4741 ], [ -57.2816, -33.4808 ], [ -57.2698, -33.4834 ], [ -57.2633, -33.481 ], [ -57.2543, -33.4864 ], [ -57.2567, -33.5045 ], [ -57.2494, -33.5157 ], [ -57.2518, -33.5232 ], [ -57.2459, -33.5294 ], [ -57.2451, -33.5411 ], [ -57.2392, -33.5477 ], [ -57.2284, -33.5489 ], [ -57.2244, -33.5615 ], [ -57.2122, -33.565 ], [ -57.2082, -33.5691 ], [ -57.2035, -33.5897 ], [ -57.1939, -33.5949 ], [ -57.1716, -33.5915 ], [ -57.1662, -33.6049 ], [ -57.1591, -33.6103 ], [ -57.1721, -33.6292 ], [ -57.1647, -33.6368 ], [ -57.1641, -33.6532 ], [ -57.1735, -33.6588 ], [ -57.1721, -33.6641 ], [ -57.1765, -33.6785 ], [ -57.1884, -33.685 ], [ -57.193, -33.6916 ], [ -57.1929, -33.6974 ], [ -57.2024, -33.7152 ], [ -57.2024, -33.7285 ], [ -57.199, -33.7332 ], [ -57.1972, -33.7504 ], [ -57.1891, -33.7585 ], [ -57.1881, -33.7664 ], [ -57.1788, -33.7739 ], [ -57.1772, -33.785 ], [ -57.1666, -33.7872 ], [ -57.1465, -33.8021 ], [ -57.1378, -33.8169 ], [ -57.1293, -33.8249 ], [ -57.1308, -33.8321 ], [ -57.1208, -33.8401 ], [ -57.1217, -33.8551 ], [ -57.1175, -33.859 ], [ -57.115, -33.8691 ], [ -57.1177, -33.8751 ], [ -57.1116, -33.8823 ], [ -57.1166, -33.8873 ], [ -57.1191, -33.9002 ], [ -57.107, -33.9195 ], [ -57.1035, -33.9193 ], [ -57.1002, -33.9328 ], [ -57.0895, -33.9539 ], [ -57.0956, -33.9554 ], [ -57.0941, -33.9646 ], [ -57.0991, -33.9754 ], [ -57.0959, -33.9807 ], [ -57.0894, -33.9754 ], [ -57.085, -33.9638 ], [ -56.8859, -33.9821 ], [ -56.8303, -33.9844 ], [ -56.8252, -33.9712 ], [ -56.8106, -33.9676 ], [ -56.8141, -33.9578 ], [ -56.806, -33.9525 ], [ -56.7966, -33.952 ], [ -56.7978, -33.9443 ], [ -56.7951, -33.9401 ], [ -56.7833, -33.9391 ], [ -56.7728, -33.9286 ], [ -56.7605, -33.9316 ], [ -56.7512, -33.9249 ], [ -56.7505, -33.9207 ], [ -56.7357, -33.9127 ], [ -56.7263, -33.9155 ], [ -56.7206, -33.9107 ], [ -56.684, -33.904 ], [ -56.6673, -33.8935 ], [ -56.657, -33.8911 ], [ -56.6491, -33.8774 ], [ -56.6377, -33.8746 ], [ -56.615, -33.8438 ], [ -56.5939, -33.8321 ], [ -56.5951, -33.8381 ], [ -56.5833, -33.849 ], [ -56.5307, -33.8685 ], [ -56.5142, -33.8637 ], [ -56.5003, -33.876 ], [ -56.4906, -33.8772 ], [ -56.4534, -33.903 ], [ -56.4451, -33.8977 ], [ -56.4324, -33.8956 ], [ -56.427, -33.8903 ], [ -56.4295, -33.8824 ], [ -56.4089, -33.8732 ], [ -56.4031, -33.8528 ], [ -56.3982, -33.8471 ], [ -56.3968, -33.8363 ], [ -56.4102, -33.834 ], [ -56.4152, -33.8253 ], [ -56.4254, -33.8205 ], [ -56.4304, -33.8144 ], [ -56.4284, -33.7975 ], [ -56.4307, -33.7772 ], [ -56.4236, -33.7528 ], [ -56.4323, -33.7439 ], [ -56.4479, -33.7503 ], [ -56.4574, -33.7468 ], [ -56.4629, -33.7252 ], [ -56.4677, -33.7198 ], [ -56.4657, -33.711 ], [ -56.4823, -33.6824 ], [ -56.4818, -33.6645 ], [ -56.4864, -33.6509 ], [ -56.4904, -33.648 ], [ -56.4893, -33.6392 ], [ -56.4951, -33.62 ], [ -56.5013, -33.6144 ], [ -56.4981, -33.611 ], [ -56.5094, -33.5962 ], [ -56.5107, -33.5891 ], [ -56.517, -33.5854 ], [ -56.5122, -33.5696 ], [ -56.5159, -33.5637 ], [ -56.5269, -33.5591 ], [ -56.5294, -33.5506 ], [ -56.5249, -33.5378 ], [ -56.5173, -33.5326 ], [ -56.5151, -33.5244 ], [ -56.5218, -33.5011 ], [ -56.5364, -33.4924 ], [ -56.5469, -33.493 ], [ -56.5572, -33.4881 ], [ -56.5647, -33.4601 ], [ -56.5723, -33.454 ], [ -56.5762, -33.4402 ], [ -56.5706, -33.4284 ], [ -56.5764, -33.4133 ], [ -56.5903, -33.4007 ], [ -56.6124, -33.3966 ], [ -56.6201, -33.3875 ], [ -56.6307, -33.365 ], [ -56.6316, -33.3564 ], [ -56.6262, -33.3544 ], [ -56.6443, -33.3508 ], [ -56.6517, -33.3432 ], [ -56.6536, -33.336 ], [ -56.6506, -33.3217 ], [ -56.6608, -33.3187 ], [ -56.6701, -33.3209 ], [ -56.6775, -33.3155 ], [ -56.6767, -33.3054 ], [ -56.6716, -33.3005 ], [ -56.6729, -33.2956 ], [ -56.6835, -33.289 ], [ -56.6982, -33.2884 ], [ -56.7056, -33.2822 ], [ -56.7113, -33.2817 ], [ -56.7141, -33.2767 ], [ -56.7233, -33.2742 ], [ -56.725, -33.2706 ], [ -56.7369, -33.2701 ], [ -56.7443, -33.2856 ], [ -56.7566, -33.2798 ], [ -56.76, -33.2716 ], [ -56.768, -33.2665 ], [ -56.7891, -33.2652 ], [ -56.7925, -33.2681 ], [ -56.7928, -33.2788 ], [ -56.7966, -33.2811 ], [ -56.8031, -33.2786 ], [ -56.8107, -33.2636 ], [ -56.8173, -33.2639 ], [ -56.8262, -33.2697 ], [ -56.8588, -33.2618 ], [ -56.8606, -33.2581 ], [ -56.8577, -33.2515 ], [ -56.8501, -33.2482 ], [ -56.8481, -33.2389 ], [ -56.8524, -33.2313 ], [ -56.8647, -33.2297 ], [ -56.8643, -33.2191 ], [ -56.8708, -33.2143 ], [ -56.8701, -33.2053 ], [ -56.8782, -33.1926 ], [ -56.9095, -33.198 ], [ -56.9102, -33.1833 ], [ -56.9135, -33.1793 ], [ -56.9238, -33.1864 ], [ -56.9378, -33.179 ], [ -56.9521, -33.1773 ], [ -56.9858, -33.1856 ], [ -56.9947, -33.1807 ], [ -56.9962, -33.1693 ], [ -57.0007, -33.1637 ], [ -57.0103, -33.1599 ], [ -57.0152, -33.1621 ], [ -57.014, -33.1749 ], [ -57.0171, -33.1783 ], [ -57.0344, -33.179 ], [ -57.0518, -33.1728 ], [ -57.0638, -33.1745 ], [ -57.0829, -33.1686 ], [ -57.0873, -33.1544 ], [ -57.1002, -33.1506 ], [ -57.1043, -33.1204 ], [ -57.0989, -33.118 ], [ -57.1044, -33.1115 ], [ -57.1175, -33.1069 ], [ -57.1279, -33.107 ], [ -57.1373, -33.1155 ], [ -57.1554, -33.116 ] ] ] } },
{ "type": "Feature", "properties": { }, "geometry": { "type": "Polygon", "coordinates": [ [ [ -55.3752, -32.468 ], [ -55.3782, -32.4659 ], [ -55.381, -32.4688 ], [ -55.3796, -32.4618 ], [ -55.3827, -32.4605 ], [ -55.3908, -32.4653 ], [ -55.3919, -32.4693 ], [ -55.3986, -32.4668 ], [ -55.4055, -32.4736 ], [ -55.4138, -32.4765 ], [ -55.43, -32.4516 ], [ -55.4293, -32.4478 ], [ -55.4344, -32.4458 ], [ -55.4314, -32.4361 ], [ -55.4276, -32.4342 ], [ -55.4326, -32.4182 ], [ -55.4317, -32.4108 ], [ -55.4363, -32.4095 ], [ -55.4484, -32.4146 ], [ -55.4548, -32.4101 ], [ -55.4593, -32.4158 ], [ -55.4731, -32.4114 ], [ -55.4837, -32.4233 ], [ -55.4856, -32.4349 ], [ -55.4933, -32.4445 ], [ -55.493, -32.45 ], [ -55.4878, -32.456 ], [ -55.4945, -32.4712 ], [ -55.4898, -32.4801 ], [ -55.4732, -32.4886 ], [ -55.4728, -32.4961 ], [ -55.4761, -32.4998 ], [ -55.5, -32.505 ], [ -55.5324, -32.4926 ], [ -55.5453, -32.4999 ], [ -55.561, -32.5004 ], [ -55.5719, -32.4961 ], [ -55.5826, -32.5005 ], [ -55.5882, -32.4965 ], [ -55.5898, -32.4904 ], [ -55.5964, -32.4868 ], [ -55.6342, -32.4814 ], [ -55.6759, -32.511 ], [ -55.6807, -32.5198 ], [ -55.6761, -32.5328 ], [ -55.6804, -32.5357 ], [ -55.7119, -32.5238 ], [ -55.7141, -32.5181 ], [ -55.7092, -32.5006 ], [ -55.7125, -32.4948 ], [ -55.7187, -32.4949 ], [ -55.7376, -32.5054 ], [ -55.7781, -32.4988 ], [ -55.7819, -32.5059 ], [ -55.7804, -32.5113 ], [ -55.7537, -32.5139 ], [ -55.7523, -32.5213 ], [ -55.7673, -32.5323 ], [ -55.7657, -32.5585 ], [ -55.7693, -32.5638 ], [ -55.7888, -32.5592 ], [ -55.7986, -32.5642 ], [ -55.7982, -32.5688 ], [ -55.7829, -32.5783 ], [ -55.7749, -32.5892 ], [ -55.7796, -32.5962 ], [ -55.7907, -32.6013 ], [ -55.8144, -32.5931 ], [ -55.8166, -32.5991 ], [ -55.8052, -32.6116 ], [ -55.8068, -32.6185 ], [ -55.8109, -32.6213 ], [ -55.8422, -32.6329 ], [ -55.8576, -32.6329 ], [ -55.8696, -32.6156 ], [ -55.8821, -32.6065 ], [ -55.9068, -32.5979 ], [ -55.9177, -32.5983 ], [ -55.9255, -32.6027 ], [ -55.9497, -32.6381 ], [ -55.9983, -32.6751 ], [ -56.0201, -32.6837 ], [ -56.0803, -32.6886 ], [ -56.1223, -32.6799 ], [ -56.1401, -32.6816 ], [ -56.1604, -32.6883 ], [ -56.1925, -32.6889 ], [ -56.1982, -32.6986 ], [ -56.2012, -32.7144 ], [ -56.1908, -32.7354 ], [ -56.2053, -32.7548 ], [ -56.2234, -32.759 ], [ -56.2236, -32.778 ], [ -56.228, -32.7864 ], [ -56.257, -32.8053 ], [ -56.3117, -32.8166 ], [ -56.3976, -32.8188 ], [ -56.4174, -32.8233 ], [ -56.4221, -32.8309 ], [ -56.4148, -32.8407 ], [ -56.415, -32.8574 ], [ -56.4305, -32.8666 ], [ -56.4426, -32.8542 ], [ -56.4432, -32.841 ], [ -56.4391, -32.8267 ], [ -56.446, -32.8177 ], [ -56.4562, -32.8114 ], [ -56.4658, -32.8202 ], [ -56.4763, -32.8194 ], [ -56.4801, -32.8172 ], [ -56.4839, -32.8052 ], [ -56.4903, -32.8026 ], [ -56.4954, -32.8088 ], [ -56.4976, -32.8205 ], [ -56.5017, -32.8227 ], [ -56.5289, -32.8188 ], [ -56.5352, -32.809 ], [ -56.5391, -32.8078 ], [ -56.5429, -32.8203 ], [ -56.5532, -32.8257 ], [ -56.5561, -32.8379 ], [ -56.5645, -32.8428 ], [ -56.573, -32.8387 ], [ -56.5747, -32.8311 ], [ -56.5674, -32.8194 ], [ -56.5572, -32.8139 ], [ -56.5575, -32.8099 ], [ -56.5605, -32.807 ], [ -56.5868, -32.8047 ], [ -56.5921, -32.8073 ], [ -56.604, -32.8258 ], [ -56.6192, -32.8314 ], [ -56.6396, -32.8625 ], [ -56.6468, -32.8644 ], [ -56.6564, -32.8606 ], [ -56.6661, -32.8483 ], [ -56.6649, -32.8312 ], [ -56.6518, -32.8199 ], [ -56.6509, -32.8141 ], [ -56.665, -32.8093 ], [ -56.682, -32.797 ], [ -56.6881, -32.7964 ], [ -56.704, -32.8233 ], [ -56.7033, -32.8296 ], [ -56.6939, -32.8388 ], [ -56.6967, -32.8464 ], [ -56.7099, -32.8434 ], [ -56.7322, -32.8294 ], [ -56.7415, -32.8359 ], [ -56.7342, -32.8461 ], [ -56.7353, -32.8496 ], [ -56.757, -32.8535 ], [ -56.7713, -32.8493 ], [ -56.776, -32.8443 ], [ -56.7772, -32.8363 ], [ -56.7861, -32.8351 ], [ -56.7914, -32.8378 ], [ -56.7955, -32.8539 ], [ -56.8111, -32.8594 ], [ -56.7943, -32.8693 ], [ -56.7934, -32.8731 ], [ -56.8014, -32.8767 ], [ -56.8089, -32.8711 ], [ -56.8228, -32.8696 ], [ -56.8356, -32.8862 ], [ -56.8341, -32.8969 ], [ -56.8136, -32.9112 ], [ -56.8178, -32.9202 ], [ -56.8246, -32.9226 ], [ -56.851, -32.9052 ], [ -56.8635, -32.9095 ], [ -56.8772, -32.9289 ], [ -56.8882, -32.9305 ], [ -56.8945, -32.9363 ], [ -56.8942, -32.9437 ], [ -56.8857, -32.9553 ], [ -56.8673, -32.9603 ], [ -56.8671, -32.966 ], [ -56.9073, -32.9734 ], [ -56.9139, -32.9489 ], [ -56.9385, -32.9335 ], [ -56.9455, -32.9377 ], [ -56.9567, -32.9628 ], [ -56.9541, -32.967 ], [ -56.9381, -32.9713 ], [ -56.9361, -32.9794 ], [ -56.956, -32.9758 ], [ -56.9732, -32.9676 ], [ -56.998, -32.971 ], [ -57.0003, -32.9808 ], [ -56.9942, -32.9866 ], [ -56.9834, -32.9919 ], [ -56.9651, -32.994 ], [ -56.9651, -33.0245 ], [ -56.9705, -33.0312 ], [ -56.9788, -33.0315 ], [ -56.9984, -33.0204 ], [ -57.0177, -33.0197 ], [ -57.0382, -33.0092 ], [ -57.0482, -33.0099 ], [ -57.0652, -32.9958 ], [ -57.0861, -32.9912 ], [ -57.1289, -33.0008 ], [ -57.13, -33.0076 ], [ -57.1193, -33.0129 ], [ -57.1183, -33.0167 ], [ -57.139, -33.0232 ], [ -57.1583, -33.0376 ], [ -57.1945, -33.0465 ], [ -57.1965, -33.0498 ], [ -57.194, -33.0621 ], [ -57.186, -33.0696 ], [ -57.1521, -33.0695 ], [ -57.1366, -33.0733 ], [ -57.1252, -33.0929 ], [ -57.1279, -33.107 ], [ -57.1135, -33.1078 ], [ -57.0997, -33.1157 ], [ -57.0988, -33.1196 ], [ -57.1043, -33.1204 ], [ -57.1011, -33.1313 ], [ -57.1013, -33.1488 ], [ -57.0873, -33.1544 ], [ -57.0829, -33.1686 ], [ -57.0638, -33.1745 ], [ -57.0484, -33.1732 ], [ -57.0344, -33.179 ], [ -57.0171, -33.1783 ], [ -57.014, -33.1749 ], [ -57.0152, -33.1621 ], [ -57.0103, -33.1599 ], [ -57.0007, -33.1637 ], [ -56.9962, -33.1693 ], [ -56.9947, -33.1807 ], [ -56.9858, -33.1856 ], [ -56.9521, -33.1773 ], [ -56.9378, -33.179 ], [ -56.9238, -33.1864 ], [ -56.9135, -33.1793 ], [ -56.9102, -33.1833 ], [ -56.9095, -33.198 ], [ -56.8804, -33.1916 ], [ -56.8723, -33.1992 ], [ -56.8708, -33.2143 ], [ -56.8643, -33.2191 ], [ -56.8647, -33.2297 ], [ -56.8524, -33.2313 ], [ -56.8481, -33.2389 ], [ -56.8501, -33.2482 ], [ -56.8577, -33.2515 ], [ -56.8606, -33.2581 ], [ -56.8588, -33.2618 ], [ -56.8262, -33.2697 ], [ -56.8173, -33.2639 ], [ -56.8107, -33.2636 ], [ -56.8031, -33.2786 ], [ -56.7966, -33.2811 ], [ -56.7928, -33.2788 ], [ -56.7925, -33.2681 ], [ -56.7891, -33.2652 ], [ -56.768, -33.2665 ], [ -56.76, -33.2716 ], [ -56.7566, -33.2798 ], [ -56.7443, -33.2856 ], [ -56.7369, -33.2701 ], [ -56.725, -33.2706 ], [ -56.7233, -33.2742 ], [ -56.7141, -33.2767 ], [ -56.7113, -33.2817 ], [ -56.7056, -33.2822 ], [ -56.6982, -33.2884 ], [ -56.6799, -33.2906 ], [ -56.6716, -33.3 ], [ -56.6767, -33.3054 ], [ -56.6765, -33.3166 ], [ -56.6701, -33.3209 ], [ -56.6608, -33.3187 ], [ -56.6513, -33.3211 ], [ -56.6536, -33.336 ], [ -56.6511, -33.3439 ], [ -56.6443, -33.3508 ], [ -56.6262, -33.3544 ], [ -56.6316, -33.3564 ], [ -56.6306, -33.3654 ], [ -56.6249, -33.3809 ], [ -56.6146, -33.3942 ], [ -56.5903, -33.4007 ], [ -56.5795, -33.4084 ], [ -56.5706, -33.4284 ], [ -56.5762, -33.4402 ], [ -56.5723, -33.454 ], [ -56.5647, -33.4601 ], [ -56.5572, -33.4881 ], [ -56.5444, -33.4932 ], [ -56.5341, -33.4914 ], [ -56.5311, -33.4872 ], [ -56.5118, -33.4851 ], [ -56.4982, -33.4965 ], [ -56.4906, -33.4959 ], [ -56.4852, -33.5072 ], [ -56.4782, -33.5053 ], [ -56.4752, -33.4994 ], [ -56.469, -33.4966 ], [ -56.4603, -33.5043 ], [ -56.4565, -33.5046 ], [ -56.4523, -33.5002 ], [ -56.4403, -33.505 ], [ -56.4271, -33.5005 ], [ -56.4241, -33.4959 ], [ -56.4178, -33.4784 ], [ -56.4229, -33.4619 ], [ -56.4222, -33.439 ], [ -56.4373, -33.4071 ], [ -56.4356, -33.3982 ], [ -56.4309, -33.3976 ], [ -56.429, -33.3905 ], [ -56.4077, -33.3807 ], [ -56.4036, -33.3837 ], [ -56.4073, -33.3938 ], [ -56.4022, -33.4029 ], [ -56.3953, -33.4069 ], [ -56.3929, -33.4156 ], [ -56.3965, -33.418 ], [ -56.3884, -33.4268 ], [ -56.3749, -33.4271 ], [ -56.3698, -33.4354 ], [ -56.3673, -33.4337 ], [ -56.3644, -33.438 ], [ -56.3584, -33.4366 ], [ -56.3547, -33.4391 ], [ -56.3488, -33.4394 ], [ -56.3387, -33.4333 ], [ -56.3339, -33.4343 ], [ -56.3328, -33.4391 ], [ -56.3247, -33.439 ], [ -56.3173, -33.4348 ], [ -56.2938, -33.4352 ], [ -56.2914, -33.4378 ], [ -56.2799, -33.4345 ], [ -56.2737, -33.4419 ], [ -56.2649, -33.4423 ], [ -56.2608, -33.4488 ], [ -56.2507, -33.4516 ], [ -56.2504, -33.4553 ], [ -56.2609, -33.4661 ], [ -56.2605, -33.4711 ], [ -56.2478, -33.4754 ], [ -56.2395, -33.4888 ], [ -56.2153, -33.4877 ], [ -56.2114, -33.4783 ], [ -56.202, -33.473 ], [ -56.1967, -33.4606 ], [ -56.1891, -33.4602 ], [ -56.1736, -33.4677 ], [ -56.173, -33.4729 ], [ -56.1675, -33.4727 ], [ -56.1531, -33.4815 ], [ -56.1394, -33.4824 ], [ -56.1338, -33.4879 ], [ -56.1022, -33.4882 ], [ -56.0936, -33.495 ], [ -56.0807, -33.4836 ], [ -56.0743, -33.485 ], [ -56.0666, -33.4795 ], [ -56.0614, -33.4818 ], [ -56.0567, -33.4797 ], [ -56.0452, -33.4689 ], [ -56.0514, -33.4457 ], [ -56.0461, -33.4389 ], [ -56.037, -33.4339 ], [ -56.026, -33.435 ], [ -56.0023, -33.4258 ], [ -55.9944, -33.4166 ], [ -55.9809, -33.4193 ], [ -55.9709, -33.4177 ], [ -55.9577, -33.4237 ], [ -55.9491, -33.4198 ], [ -55.9391, -33.4086 ], [ -55.9308, -33.4077 ], [ -55.9187, -33.4117 ], [ -55.9119, -33.4179 ], [ -55.8959, -33.4223 ], [ -55.8901, -33.4303 ], [ -55.8746, -33.4318 ], [ -55.8506, -33.4198 ], [ -55.8405, -33.4106 ], [ -55.8281, -33.4098 ], [ -55.8235, -33.4125 ], [ -55.8182, -33.4089 ], [ -55.8085, -33.4129 ], [ -55.7966, -33.4107 ], [ -55.7919, -33.4047 ], [ -55.7846, -33.4023 ], [ -55.773, -33.4019 ], [ -55.7736, -33.3977 ], [ -55.7694, -33.3976 ], [ -55.7664, -33.3902 ], [ -55.7625, -33.39 ], [ -55.764, -33.3824 ], [ -55.7601, -33.3765 ], [ -55.7547, -33.3759 ], [ -55.7541, -33.373 ], [ -55.7423, -33.3768 ], [ -55.7353, -33.3645 ], [ -55.7382, -33.3614 ], [ -55.7352, -33.3549 ], [ -55.722, -33.3515 ], [ -55.7138, -33.3457 ], [ -55.7074, -33.3588 ], [ -55.6945, -33.3698 ], [ -55.6818, -33.3685 ], [ -55.6764, -33.3646 ], [ -55.6616, -33.3692 ], [ -55.6412, -33.3671 ], [ -55.638, -33.365 ], [ -55.6402, -33.3621 ], [ -55.6186, -33.3503 ], [ -55.6127, -33.3323 ], [ -55.6094, -33.3339 ], [ -55.6058, -33.329 ], [ -55.5871, -33.3318 ], [ -55.5753, -33.3203 ], [ -55.5712, -33.3207 ], [ -55.5694, -33.3164 ], [ -55.5553, -33.3169 ], [ -55.5581, -33.3113 ], [ -55.5406, -33.3052 ], [ -55.5355, -33.3002 ], [ -55.5365, -33.2888 ], [ -55.5041, -33.2862 ], [ -55.5006, -33.2832 ], [ -55.4925, -33.2891 ], [ -55.4828, -33.2812 ], [ -55.4668, -33.2894 ], [ -55.4613, -33.2865 ], [ -55.4553, -33.2771 ], [ -55.4381, -33.2756 ], [ -55.4387, -33.2634 ], [ -55.4337, -33.2542 ], [ -55.4189, -33.2537 ], [ -55.4085, -33.2391 ], [ -55.3972, -33.2449 ], [ -55.3826, -33.2337 ], [ -55.3817, -33.2288 ], [ -55.3748, -33.2256 ], [ -55.37, -33.2244 ], [ -55.3642, -33.2294 ], [ -55.3499, -33.2261 ], [ -55.3353, -33.2148 ], [ -55.3309, -33.2037 ], [ -55.3152, -33.2018 ], [ -55.3138, -33.1935 ], [ -55.3053, -33.1986 ], [ -55.29, -33.1934 ], [ -55.2824, -33.1988 ], [ -55.2711, -33.1934 ], [ -55.2687, -33.1983 ], [ -55.2508, -33.2015 ], [ -55.2503, -33.1956 ], [ -55.243, -33.1921 ], [ -55.2402, -33.186 ], [ -55.2308, -33.1849 ], [ -55.2312, -33.1723 ], [ -55.2209, -33.1645 ], [ -55.2074, -33.1607 ], [ -55.2024, -33.1551 ], [ -55.2029, -33.1498 ], [ -55.1975, -33.1469 ], [ -55.1982, -33.1426 ], [ -55.1947, -33.1387 ], [ -55.196, -33.133 ], [ -55.1773, -33.1174 ], [ -55.1783, -33.1079 ], [ -55.1698, -33.1054 ], [ -55.1606, -33.1085 ], [ -55.1473, -33.1023 ], [ -55.133, -33.1047 ], [ -55.1284, -33.0977 ], [ -55.12, -33.0939 ], [ -55.1191, -33.0894 ], [ -55.1016, -33.0793 ], [ -55.0781, -33.0759 ], [ -55.0391, -33.0606 ], [ -55.0403, -33.0515 ], [ -55.0431, -33.0501 ], [ -55.0318, -33.0422 ], [ -55.0188, -33.0393 ], [ -55.0103, -33.0228 ], [ -55.0105, -33.0135 ], [ -55.0057, -33.0042 ], [ -55.0078, -32.9986 ], [ -55.0262, -33.0057 ], [ -55.0448, -33.0037 ], [ -55.0522, -33.007 ], [ -55.0753, -32.9987 ], [ -55.0837, -33.0101 ], [ -55.1006, -33.0146 ], [ -55.1028, -33.0213 ], [ -55.1112, -33.0254 ], [ -55.1246, -33.027 ], [ -55.146, -33.0146 ], [ -55.1553, -33.0165 ], [ -55.1549, -33.0114 ], [ -55.1636, -33.0094 ], [ -55.1676, -33.0125 ], [ -55.166, -33.0186 ], [ -55.1596, -33.0187 ], [ -55.1583, -33.0278 ], [ -55.1628, -33.0297 ], [ -55.1678, -33.0252 ], [ -55.1845, -33.0259 ], [ -55.189, -33.0166 ], [ -55.196, -33.0129 ], [ -55.1927, -33.0038 ], [ -55.2051, -32.9954 ], [ -55.2124, -32.9944 ], [ -55.2145, -32.9733 ], [ -55.2325, -32.9541 ], [ -55.2423, -32.9489 ], [ -55.2537, -32.9508 ], [ -55.2605, -32.9416 ], [ -55.2742, -32.9447 ], [ -55.2777, -32.9324 ], [ -55.2913, -32.9303 ], [ -55.2956, -32.9244 ], [ -55.2943, -32.9146 ], [ -55.2989, -32.9054 ], [ -55.3104, -32.9029 ], [ -55.3197, -32.8948 ], [ -55.322, -32.8721 ], [ -55.3172, -32.8369 ], [ -55.3204, -32.8309 ], [ -55.3292, -32.8279 ], [ -55.3306, -32.8227 ], [ -55.3249, -32.8162 ], [ -55.3229, -32.8057 ], [ -55.3354, -32.7934 ], [ -55.3407, -32.797 ], [ -55.3442, -32.7914 ], [ -55.355, -32.7872 ], [ -55.3473, -32.773 ], [ -55.3533, -32.7658 ], [ -55.3536, -32.7587 ], [ -55.3506, -32.7585 ], [ -55.3513, -32.7531 ], [ -55.3474, -32.7485 ], [ -55.3237, -32.755 ], [ -55.3168, -32.748 ], [ -55.3231, -32.737 ], [ -55.317, -32.7228 ], [ -55.3321, -32.7005 ], [ -55.3271, -32.6918 ], [ -55.3306, -32.6719 ], [ -55.3265, -32.6686 ], [ -55.3287, -32.6636 ], [ -55.3349, -32.6623 ], [ -55.3362, -32.6553 ], [ -55.3332, -32.655 ], [ -55.3351, -32.6536 ], [ -55.33, -32.629 ], [ -55.3232, -32.6214 ], [ -55.3267, -32.6188 ], [ -55.3213, -32.6124 ], [ -55.3223, -32.6074 ], [ -55.3146, -32.6033 ], [ -55.3144, -32.5905 ], [ -55.3093, -32.584 ], [ -55.3033, -32.5825 ], [ -55.3024, -32.5753 ], [ -55.294, -32.568 ], [ -55.2915, -32.5584 ], [ -55.3024, -32.5525 ], [ -55.3049, -32.5367 ], [ -55.3088, -32.5312 ], [ -55.3056, -32.5235 ], [ -55.3086, -32.5193 ], [ -55.3017, -32.5133 ], [ -55.3148, -32.5084 ], [ -55.3058, -32.4926 ], [ -55.3104, -32.4885 ], [ -55.3214, -32.4886 ], [ -55.3272, -32.4813 ], [ -55.339, -32.4785 ], [ -55.3478, -32.4842 ], [ -55.3581, -32.4825 ], [ -55.3605, -32.4793 ], [ -55.3545, -32.4788 ], [ -55.3568, -32.4705 ], [ -55.3629, -32.4676 ], [ -55.376, -32.4757 ], [ -55.3752, -32.468 ] ] ] } },
{ "type": "Feature", "properties": { }, "geometry": { "type": "Polygon", "coordinates": [ [ [ -55.3511, -33.2267 ], [ -55.3642, -33.2294 ], [ -55.3704, -33.2243 ], [ -55.3808, -33.2281 ], [ -55.3826, -33.2337 ], [ -55.3981, -33.2453 ], [ -55.4085, -33.2391 ], [ -55.4189, -33.2537 ], [ -55.4346, -33.2549 ], [ -55.4387, -33.2634 ], [ -55.4381, -33.2756 ], [ -55.4553, -33.2771 ], [ -55.4613, -33.2865 ], [ -55.4668, -33.2894 ], [ -55.4828, -33.2812 ], [ -55.4925, -33.2891 ], [ -55.5006, -33.2832 ], [ -55.5041, -33.2862 ], [ -55.5365, -33.2888 ], [ -55.5355, -33.3002 ], [ -55.5406, -33.3052 ], [ -55.5581, -33.3113 ], [ -55.5553, -33.3169 ], [ -55.5694, -33.3164 ], [ -55.5712, -33.3207 ], [ -55.5753, -33.3203 ], [ -55.5871, -33.3318 ], [ -55.6058, -33.329 ], [ -55.6094, -33.3339 ], [ -55.6127, -33.3323 ], [ -55.6186, -33.3503 ], [ -55.6402, -33.3621 ], [ -55.638, -33.365 ], [ -55.6412, -33.3671 ], [ -55.6616, -33.3692 ], [ -55.6764, -33.3646 ], [ -55.6818, -33.3685 ], [ -55.6945, -33.3698 ], [ -55.7074, -33.3588 ], [ -55.7138, -33.3457 ], [ -55.722, -33.3515 ], [ -55.7352, -33.3549 ], [ -55.7382, -33.3614 ], [ -55.7353, -33.3645 ], [ -55.7423, -33.3768 ], [ -55.7541, -33.373 ], [ -55.7547, -33.3759 ], [ -55.7601, -33.3765 ], [ -55.764, -33.3824 ], [ -55.7625, -33.39 ], [ -55.7664, -33.3902 ], [ -55.7694, -33.3976 ], [ -55.7736, -33.3977 ], [ -55.773, -33.4019 ], [ -55.7846, -33.4023 ], [ -55.7919, -33.4047 ], [ -55.7966, -33.4107 ], [ -55.8085, -33.4129 ], [ -55.8182, -33.4089 ], [ -55.8235, -33.4125 ], [ -55.8281, -33.4098 ], [ -55.8405, -33.4106 ], [ -55.8506, -33.4198 ], [ -55.8746, -33.4318 ], [ -55.8901, -33.4303 ], [ -55.8959, -33.4223 ], [ -55.9119, -33.4179 ], [ -55.9187, -33.4117 ], [ -55.9308, -33.4077 ], [ -55.9391, -33.4086 ], [ -55.9491, -33.4198 ], [ -55.9577, -33.4237 ], [ -55.9709, -33.4177 ], [ -55.9955, -33.4169 ], [ -56.0023, -33.4258 ], [ -56.026, -33.435 ], [ -56.037, -33.4339 ], [ -56.0461, -33.4389 ], [ -56.0514, -33.4457 ], [ -56.0452, -33.4689 ], [ -56.0596, -33.4812 ], [ -56.0664, -33.4794 ], [ -56.0743, -33.485 ], [ -56.0812, -33.4838 ], [ -56.0928, -33.4949 ], [ -56.1022, -33.4882 ], [ -56.1338, -33.4879 ], [ -56.1394, -33.4824 ], [ -56.1531, -33.4815 ], [ -56.1675, -33.4727 ], [ -56.173, -33.4729 ], [ -56.1736, -33.4677 ], [ -56.1891, -33.4602 ], [ -56.1967, -33.4606 ], [ -56.202, -33.473 ], [ -56.2114, -33.4783 ], [ -56.2153, -33.4877 ], [ -56.2395, -33.4888 ], [ -56.2478, -33.4754 ], [ -56.2605, -33.4711 ], [ -56.2609, -33.4661 ], [ -56.2504, -33.4553 ], [ -56.2507, -33.4516 ], [ -56.2608, -33.4488 ], [ -56.2649, -33.4423 ], [ -56.2737, -33.4419 ], [ -56.2799, -33.4345 ], [ -56.2914, -33.4378 ], [ -56.2938, -33.4352 ], [ -56.3173, -33.4348 ], [ -56.3247, -33.439 ], [ -56.3328, -33.4391 ], [ -56.3339, -33.4343 ], [ -56.3387, -33.4333 ], [ -56.3488, -33.4394 ], [ -56.3547, -33.4391 ], [ -56.3584, -33.4366 ], [ -56.3644, -33.438 ], [ -56.3673, -33.4337 ], [ -56.3698, -33.4354 ], [ -56.3749, -33.4271 ], [ -56.3884, -33.4268 ], [ -56.3965, -33.418 ], [ -56.3929, -33.4156 ], [ -56.3953, -33.4069 ], [ -56.4022, -33.4029 ], [ -56.4073, -33.3938 ], [ -56.4036, -33.3837 ], [ -56.4071, -33.3806 ], [ -56.429, -33.3905 ], [ -56.4309, -33.3976 ], [ -56.4356, -33.3982 ], [ -56.4373, -33.4071 ], [ -56.4228, -33.4364 ], [ -56.4229, -33.4619 ], [ -56.418, -33.4713 ], [ -56.4178, -33.4784 ], [ -56.4271, -33.5005 ], [ -56.4403, -33.505 ], [ -56.4523, -33.5002 ], [ -56.4584, -33.5047 ], [ -56.469, -33.4966 ], [ -56.4752, -33.4994 ], [ -56.4782, -33.5053 ], [ -56.4848, -33.5073 ], [ -56.4906, -33.4959 ], [ -56.4982, -33.4965 ], [ -56.5118, -33.4851 ], [ -56.5311, -33.4872 ], [ -56.5364, -33.4924 ], [ -56.5207, -33.5037 ], [ -56.5151, -33.5244 ], [ -56.5173, -33.5326 ], [ -56.5249, -33.5378 ], [ -56.5294, -33.5506 ], [ -56.5269, -33.5591 ], [ -56.5159, -33.5637 ], [ -56.5122, -33.5696 ], [ -56.517, -33.5854 ], [ -56.5107, -33.5891 ], [ -56.5094, -33.5962 ], [ -56.4981, -33.611 ], [ -56.5013, -33.6144 ], [ -56.4951, -33.62 ], [ -56.4893, -33.6392 ], [ -56.4904, -33.648 ], [ -56.4864, -33.6509 ], [ -56.4818, -33.6645 ], [ -56.4823, -33.6824 ], [ -56.4657, -33.711 ], [ -56.4677, -33.7198 ], [ -56.4629, -33.7252 ], [ -56.4574, -33.7468 ], [ -56.4479, -33.7503 ], [ -56.4323, -33.7439 ], [ -56.4236, -33.7528 ], [ -56.4307, -33.7772 ], [ -56.4284, -33.7975 ], [ -56.4304, -33.8144 ], [ -56.4254, -33.8205 ], [ -56.4152, -33.8253 ], [ -56.4102, -33.834 ], [ -56.4024, -33.8341 ], [ -56.3965, -33.8379 ], [ -56.3991, -33.8389 ], [ -56.3982, -33.8471 ], [ -56.4031, -33.8528 ], [ -56.4083, -33.8726 ], [ -56.4295, -33.8824 ], [ -56.427, -33.8903 ], [ -56.4324, -33.8956 ], [ -56.4451, -33.8977 ], [ -56.4534, -33.903 ], [ -56.4485, -33.9098 ], [ -56.4458, -33.9285 ], [ -56.4501, -33.9359 ], [ -56.4583, -33.9413 ], [ -56.4546, -33.9554 ], [ -56.4563, -33.9608 ], [ -56.4427, -33.9561 ], [ -56.4393, -33.9653 ], [ -56.4211, -33.9643 ], [ -56.4192, -33.9726 ], [ -56.4227, -33.9809 ], [ -56.4192, -33.9872 ], [ -56.4227, -34.0068 ], [ -56.4186, -34.0114 ], [ -56.4215, -34.0187 ], [ -56.4132, -34.042 ], [ -56.4165, -34.0547 ], [ -56.415, -34.0628 ], [ -56.4121, -34.0666 ], [ -56.4076, -34.0649 ], [ -56.3981, -34.0707 ], [ -56.3985, -34.0816 ], [ -56.405, -34.0822 ], [ -56.4021, -34.0846 ], [ -56.4012, -34.0969 ], [ -56.4059, -34.0997 ], [ -56.4054, -34.1051 ], [ -56.4126, -34.1145 ], [ -56.4078, -34.1184 ], [ -56.4095, -34.1233 ], [ -56.4161, -34.1254 ], [ -56.4316, -34.1416 ], [ -56.4311, -34.1512 ], [ -56.4415, -34.1588 ], [ -56.4486, -34.1597 ], [ -56.4475, -34.1633 ], [ -56.451, -34.1686 ], [ -56.4466, -34.1749 ], [ -56.4516, -34.1782 ], [ -56.4504, -34.1866 ], [ -56.4566, -34.1899 ], [ -56.452, -34.1964 ], [ -56.4426, -34.1988 ], [ -56.4423, -34.2032 ], [ -56.435, -34.207 ], [ -56.4404, -34.2184 ], [ -56.4355, -34.2204 ], [ -56.4319, -34.217 ], [ -56.4188, -34.2203 ], [ -56.4152, -34.2249 ], [ -56.4178, -34.2308 ], [ -56.4099, -34.2352 ], [ -56.4146, -34.2407 ], [ -56.4121, -34.2453 ], [ -56.4155, -34.2476 ], [ -56.4081, -34.2493 ], [ -56.4174, -34.2574 ], [ -56.4251, -34.2549 ], [ -56.4235, -34.2639 ], [ -56.4294, -34.2743 ], [ -56.4248, -34.278 ], [ -56.428, -34.2832 ], [ -56.4212, -34.2948 ], [ -56.4294, -34.2993 ], [ -56.431, -34.3036 ], [ -56.4208, -34.3109 ], [ -56.4222, -34.3141 ], [ -56.4173, -34.3199 ], [ -56.4261, -34.3235 ], [ -56.4263, -34.3368 ], [ -56.4328, -34.3374 ], [ -56.4384, -34.3339 ], [ -56.4471, -34.336 ], [ -56.4457, -34.3401 ], [ -56.4511, -34.3403 ], [ -56.4597, -34.3544 ], [ -56.4713, -34.359 ], [ -56.4706, -34.3649 ], [ -56.4572, -34.365 ], [ -56.4566, -34.3748 ], [ -56.4443, -34.3737 ], [ -56.4437, -34.38 ], [ -56.4321, -34.3825 ], [ -56.4318, -34.3932 ], [ -56.4235, -34.4017 ], [ -56.4269, -34.4051 ], [ -56.4222, -34.412 ], [ -56.4106, -34.4172 ], [ -56.4048, -34.4233 ], [ -56.3959, -34.4239 ], [ -56.3851, -34.4107 ], [ -56.3909, -34.3999 ], [ -56.3911, -34.3892 ], [ -56.3836, -34.3815 ], [ -56.3857, -34.3754 ], [ -56.3838, -34.3687 ], [ -56.3724, -34.3632 ], [ -56.3648, -34.3651 ], [ -56.3502, -34.3597 ], [ -56.3385, -34.3522 ], [ -56.3335, -34.3526 ], [ -56.3298, -34.347 ], [ -56.3241, -34.3502 ], [ -56.316, -34.3491 ], [ -56.312, -34.3543 ], [ -56.3013, -34.3536 ], [ -56.2972, -34.3632 ], [ -56.2875, -34.3658 ], [ -56.2824, -34.3706 ], [ -56.2732, -34.3723 ], [ -56.2706, -34.3663 ], [ -56.2601, -34.361 ], [ -56.2561, -34.3651 ], [ -56.2408, -34.3654 ], [ -56.238, -34.3772 ], [ -56.2339, -34.3807 ], [ -56.2213, -34.3782 ], [ -56.2123, -34.3808 ], [ -56.2072, -34.377 ], [ -56.2002, -34.3769 ], [ -56.1922, -34.3841 ], [ -56.1823, -34.387 ], [ -56.1705, -34.3725 ], [ -56.1698, -34.3577 ], [ -56.1645, -34.3557 ], [ -56.1591, -34.3452 ], [ -56.142, -34.3379 ], [ -56.1379, -34.3259 ], [ -56.1321, -34.3245 ], [ -56.1322, -34.3175 ], [ -56.1241, -34.3036 ], [ -56.1279, -34.3006 ], [ -56.1272, -34.2962 ], [ -56.1221, -34.2966 ], [ -56.1227, -34.2923 ], [ -56.1173, -34.2865 ], [ -56.1086, -34.2863 ], [ -56.1013, -34.2789 ], [ -56.0855, -34.2798 ], [ -56.0671, -34.2741 ], [ -56.0564, -34.2659 ], [ -56.059, -34.2615 ], [ -56.0557, -34.2555 ], [ -56.0356, -34.2455 ], [ -56.0171, -34.2506 ], [ -55.9957, -34.263 ], [ -55.9862, -34.2634 ], [ -55.9524, -34.2817 ], [ -55.9463, -34.2746 ], [ -55.9316, -34.2793 ], [ -55.9191, -34.2729 ], [ -55.9208, -34.2691 ], [ -55.9148, -34.2665 ], [ -55.9087, -34.272 ], [ -55.9004, -34.2709 ], [ -55.8901, -34.2783 ], [ -55.8876, -34.2841 ], [ -55.8855, -34.2802 ], [ -55.8805, -34.2841 ], [ -55.8774, -34.2806 ], [ -55.8598, -34.2775 ], [ -55.848, -34.2808 ], [ -55.8423, -34.2628 ], [ -55.8342, -34.2656 ], [ -55.8302, -34.257 ], [ -55.8235, -34.2589 ], [ -55.8154, -34.2538 ], [ -55.81, -34.244 ], [ -55.809, -34.2472 ], [ -55.8045, -34.2429 ], [ -55.7979, -34.2434 ], [ -55.7903, -34.2327 ], [ -55.7747, -34.2317 ], [ -55.7614, -34.2216 ], [ -55.7599, -34.2172 ], [ -55.7419, -34.216 ], [ -55.7357, -34.2122 ], [ -55.7232, -34.2223 ], [ -55.7168, -34.2195 ], [ -55.7139, -34.2223 ], [ -55.7001, -34.2138 ], [ -55.6891, -34.2169 ], [ -55.6778, -34.2126 ], [ -55.6735, -34.2176 ], [ -55.6685, -34.2178 ], [ -55.6687, -34.214 ], [ -55.6635, -34.2145 ], [ -55.6489, -34.2075 ], [ -55.6402, -34.2109 ], [ -55.629, -34.2055 ], [ -55.6239, -34.2079 ], [ -55.616, -34.195 ], [ -55.6043, -34.1873 ], [ -55.6025, -34.1749 ], [ -55.5929, -34.1708 ], [ -55.5915, -34.1598 ], [ -55.579, -34.1577 ], [ -55.573, -34.1455 ], [ -55.5645, -34.1447 ], [ -55.5597, -34.1387 ], [ -55.5482, -34.1368 ], [ -55.5538, -34.1176 ], [ -55.5482, -34.1064 ], [ -55.5353, -34.0949 ], [ -55.5339, -34.08 ], [ -55.5284, -34.0752 ], [ -55.5192, -34.0577 ], [ -55.5055, -34.0564 ], [ -55.4987, -34.0517 ], [ -55.4886, -34.0535 ], [ -55.4836, -34.0577 ], [ -55.4664, -34.0426 ], [ -55.4489, -34.0378 ], [ -55.4461, -34.0289 ], [ -55.44, -34.0257 ], [ -55.4461, -34.0216 ], [ -55.4431, -34.0131 ], [ -55.4503, -34.0082 ], [ -55.4436, -34.0062 ], [ -55.4409, -33.9968 ], [ -55.4359, -33.9967 ], [ -55.4319, -33.9923 ], [ -55.4319, -33.9839 ], [ -55.4273, -33.9845 ], [ -55.4144, -33.966 ], [ -55.4115, -33.9584 ], [ -55.4147, -33.9502 ], [ -55.4107, -33.9506 ], [ -55.4106, -33.9415 ], [ -55.4059, -33.9408 ], [ -55.4071, -33.9382 ], [ -55.3959, -33.9295 ], [ -55.3911, -33.9121 ], [ -55.3827, -33.9105 ], [ -55.375, -33.9013 ], [ -55.3687, -33.9038 ], [ -55.3613, -33.8933 ], [ -55.3555, -33.8578 ], [ -55.3492, -33.8492 ], [ -55.3433, -33.8299 ], [ -55.3156, -33.812 ], [ -55.3163, -33.7962 ], [ -55.3103, -33.7881 ], [ -55.3125, -33.7808 ], [ -55.3011, -33.7637 ], [ -55.3112, -33.7543 ], [ -55.3102, -33.7483 ], [ -55.3199, -33.7329 ], [ -55.3175, -33.7247 ], [ -55.304, -33.7106 ], [ -55.3161, -33.7044 ], [ -55.3394, -33.7005 ], [ -55.3433, -33.6862 ], [ -55.3377, -33.6796 ], [ -55.3476, -33.6727 ], [ -55.3527, -33.6632 ], [ -55.3495, -33.6535 ], [ -55.3572, -33.6489 ], [ -55.359, -33.6441 ], [ -55.352, -33.6336 ], [ -55.3379, -33.6292 ], [ -55.3369, -33.6159 ], [ -55.3333, -33.61 ], [ -55.2982, -33.5969 ], [ -55.2702, -33.5942 ], [ -55.2614, -33.5894 ], [ -55.2469, -33.5919 ], [ -55.2401, -33.5878 ], [ -55.2334, -33.5744 ], [ -55.2303, -33.5575 ], [ -55.224, -33.5478 ], [ -55.2229, -33.5197 ], [ -55.2103, -33.509 ], [ -55.1935, -33.5092 ], [ -55.1758, -33.503 ], [ -55.1674, -33.5051 ], [ -55.1559, -33.5157 ], [ -55.1503, -33.5157 ], [ -55.1428, -33.5098 ], [ -55.1436, -33.4899 ], [ -55.147, -33.4828 ], [ -55.1522, -33.4843 ], [ -55.1501, -33.48 ], [ -55.1522, -33.4706 ], [ -55.1487, -33.4652 ], [ -55.1323, -33.4583 ], [ -55.1286, -33.4455 ], [ -55.1348, -33.4341 ], [ -55.1538, -33.4248 ], [ -55.1496, -33.4206 ], [ -55.1486, -33.4138 ], [ -55.1585, -33.3964 ], [ -55.1583, -33.3769 ], [ -55.1424, -33.3456 ], [ -55.1304, -33.3395 ], [ -55.1323, -33.3284 ], [ -55.1397, -33.3245 ], [ -55.1422, -33.3159 ], [ -55.131, -33.309 ], [ -55.1183, -33.2924 ], [ -55.105, -33.2879 ], [ -55.0983, -33.274 ], [ -55.1114, -33.2518 ], [ -55.1214, -33.246 ], [ -55.1276, -33.2378 ], [ -55.1393, -33.2319 ], [ -55.1319, -33.2128 ], [ -55.124, -33.2066 ], [ -55.1171, -33.1943 ], [ -55.1301, -33.1828 ], [ -55.1257, -33.1729 ], [ -55.1273, -33.1589 ], [ -55.1196, -33.1412 ], [ -55.1367, -33.1268 ], [ -55.1304, -33.1101 ], [ -55.1325, -33.1043 ], [ -55.139, -33.1024 ], [ -55.1512, -33.1031 ], [ -55.1606, -33.1085 ], [ -55.1698, -33.1054 ], [ -55.1783, -33.1079 ], [ -55.1773, -33.1174 ], [ -55.196, -33.133 ], [ -55.1947, -33.1387 ], [ -55.1982, -33.1426 ], [ -55.1975, -33.1469 ], [ -55.2029, -33.1498 ], [ -55.2024, -33.1551 ], [ -55.2074, -33.1607 ], [ -55.2209, -33.1645 ], [ -55.2312, -33.1723 ], [ -55.2308, -33.1849 ], [ -55.2402, -33.186 ], [ -55.243, -33.1921 ], [ -55.2503, -33.1956 ], [ -55.2508, -33.2015 ], [ -55.2687, -33.1983 ], [ -55.2711, -33.1934 ], [ -55.2824, -33.1988 ], [ -55.29, -33.1934 ], [ -55.3053, -33.1986 ], [ -55.3136, -33.1935 ], [ -55.3152, -33.2018 ], [ -55.3309, -33.2037 ], [ -55.3329, -33.2115 ], [ -55.3511, -33.2267 ] ] ] } },
{ "type": "Feature", "properties": { }, "geometry": { "type": "Polygon", "coordinates": [ [ [ -55.8489, -34.281 ], [ -55.8598, -34.2775 ], [ -55.8774, -34.2806 ], [ -55.8805, -34.2841 ], [ -55.8868, -34.2803 ], [ -55.8875, -34.2841 ], [ -55.8901, -34.2783 ], [ -55.9004, -34.2709 ], [ -55.9087, -34.272 ], [ -55.9176, -34.2665 ], [ -55.9215, -34.2702 ], [ -55.9191, -34.2729 ], [ -55.9316, -34.2793 ], [ -55.9463, -34.2746 ], [ -55.9524, -34.2817 ], [ -55.9862, -34.2634 ], [ -55.9957, -34.263 ], [ -56.0171, -34.2506 ], [ -56.0356, -34.2455 ], [ -56.0557, -34.2555 ], [ -56.059, -34.2615 ], [ -56.0564, -34.2659 ], [ -56.0671, -34.2741 ], [ -56.0855, -34.2798 ], [ -56.1013, -34.2789 ], [ -56.1086, -34.2863 ], [ -56.1173, -34.2865 ], [ -56.1227, -34.2923 ], [ -56.1221, -34.2966 ], [ -56.1272, -34.2962 ], [ -56.1279, -34.3006 ], [ -56.1241, -34.3036 ], [ -56.1322, -34.3175 ], [ -56.1321, -34.3245 ], [ -56.1379, -34.3259 ], [ -56.142, -34.3379 ], [ -56.1591, -34.3452 ], [ -56.1645, -34.3557 ], [ -56.1698, -34.3577 ], [ -56.1705, -34.3725 ], [ -56.1823, -34.387 ], [ -56.1922, -34.3841 ], [ -56.2002, -34.3769 ], [ -56.2072, -34.377 ], [ -56.2123, -34.3808 ], [ -56.2213, -34.3782 ], [ -56.2339, -34.3807 ], [ -56.238, -34.3772 ], [ -56.2408, -34.3654 ], [ -56.2561, -34.3651 ], [ -56.2601, -34.361 ], [ -56.2706, -34.3663 ], [ -56.2732, -34.3723 ], [ -56.2824, -34.3706 ], [ -56.2875, -34.3658 ], [ -56.2972, -34.3632 ], [ -56.3013, -34.3536 ], [ -56.312, -34.3543 ], [ -56.316, -34.3491 ], [ -56.3241, -34.3502 ], [ -56.3291, -34.3469 ], [ -56.3335, -34.3526 ], [ -56.3385, -34.3522 ], [ -56.3634, -34.3649 ], [ -56.3724, -34.3632 ], [ -56.3826, -34.368 ], [ -56.3857, -34.3739 ], [ -56.3836, -34.3815 ], [ -56.3911, -34.3892 ], [ -56.3909, -34.3999 ], [ -56.3851, -34.4091 ], [ -56.3858, -34.4134 ], [ -56.392, -34.4187 ], [ -56.3911, -34.4269 ], [ -56.401, -34.4414 ], [ -56.401, -34.4487 ], [ -56.407, -34.4541 ], [ -56.4159, -34.4561 ], [ -56.4191, -34.4655 ], [ -56.4168, -34.4819 ], [ -56.4056, -34.4861 ], [ -56.4095, -34.4958 ], [ -56.3991, -34.5054 ], [ -56.3927, -34.5058 ], [ -56.3912, -34.51 ], [ -56.4014, -34.5149 ], [ -56.4037, -34.53 ], [ -56.4077, -34.5313 ], [ -56.4114, -34.526 ], [ -56.4157, -34.5273 ], [ -56.4113, -34.5347 ], [ -56.413, -34.5379 ], [ -56.4247, -34.5416 ], [ -56.4282, -34.5392 ], [ -56.4288, -34.5313 ], [ -56.4436, -34.5327 ], [ -56.4479, -34.5381 ], [ -56.4502, -34.555 ], [ -56.4566, -34.5582 ], [ -56.4691, -34.5578 ], [ -56.4764, -34.5725 ], [ -56.4919, -34.579 ], [ -56.4936, -34.5935 ], [ -56.4887, -34.5996 ], [ -56.4789, -34.6035 ], [ -56.4767, -34.6114 ], [ -56.4873, -34.6462 ], [ -56.4775, -34.6534 ], [ -56.4644, -34.6709 ], [ -56.4547, -34.6736 ], [ -56.452, -34.6873 ], [ -56.4138, -34.6942 ], [ -56.3732, -34.7067 ], [ -56.3599, -34.717 ], [ -56.3536, -34.7277 ], [ -56.3418, -34.7129 ], [ -56.3358, -34.7152 ], [ -56.324, -34.7017 ], [ -56.308, -34.703 ], [ -56.2966, -34.7121 ], [ -56.2945, -34.7173 ], [ -56.2888, -34.7178 ], [ -56.2795, -34.7262 ], [ -56.2772, -34.7382 ], [ -56.2717, -34.7394 ], [ -56.2742, -34.7445 ], [ -56.2712, -34.7496 ], [ -56.2427, -34.7603 ], [ -56.2318, -34.7699 ], [ -56.221, -34.7652 ], [ -56.2117, -34.7433 ], [ -56.2032, -34.7308 ], [ -56.192, -34.7216 ], [ -56.1748, -34.7194 ], [ -56.1659, -34.7355 ], [ -56.1666, -34.7326 ], [ -56.156, -34.722 ], [ -56.1427, -34.7147 ], [ -56.1274, -34.7167 ], [ -56.1242, -34.7189 ], [ -56.1225, -34.7274 ], [ -56.1261, -34.7365 ], [ -56.1209, -34.7393 ], [ -56.1199, -34.7483 ], [ -56.107, -34.7516 ], [ -56.1044, -34.7498 ], [ -56.0946, -34.7575 ], [ -56.0932, -34.76 ], [ -56.0995, -34.7697 ], [ -56.0982, -34.7753 ], [ -56.0918, -34.7795 ], [ -56.0827, -34.7784 ], [ -56.0752, -34.7719 ], [ -56.0711, -34.7729 ], [ -56.0671, -34.7662 ], [ -56.0594, -34.7696 ], [ -56.0544, -34.7607 ], [ -56.038, -34.7647 ], [ -56.0295, -34.7772 ], [ -56.0297, -34.7816 ], [ -56.0368, -34.784 ], [ -56.0396, -34.791 ], [ -56.043, -34.7921 ], [ -56.0387, -34.7965 ], [ -56.0419, -34.7984 ], [ -56.0402, -34.805 ], [ -56.0453, -34.806 ], [ -56.0532, -34.8159 ], [ -56.0545, -34.8523 ], [ -56.0562, -34.8606 ], [ -56.0606, -34.8654 ], [ -56.0533, -34.8696 ], [ -56.042, -34.869 ], [ -56.0298, -34.8802 ], [ -55.9013, -34.8083 ], [ -55.8802, -34.8001 ], [ -55.8587, -34.797 ], [ -55.8149, -34.7783 ], [ -55.7851, -34.7719 ], [ -55.7667, -34.7745 ], [ -55.7617, -34.7823 ], [ -55.7526, -34.7815 ], [ -55.717, -34.7685 ], [ -55.6847, -34.7623 ], [ -55.6633, -34.7684 ], [ -55.6514, -34.7804 ], [ -55.6249, -34.774 ], [ -55.5999, -34.7734 ], [ -55.5807, -34.7835 ], [ -55.5622, -34.7863 ], [ -55.5562, -34.792 ], [ -55.5455, -34.7908 ], [ -55.5281, -34.7992 ], [ -55.5054, -34.7954 ], [ -55.4882, -34.7995 ], [ -55.41, -34.7903 ], [ -55.3907, -34.7946 ], [ -55.3946, -34.7898 ], [ -55.3957, -34.7788 ], [ -55.4052, -34.768 ], [ -55.4125, -34.7658 ], [ -55.4195, -34.7515 ], [ -55.4257, -34.7479 ], [ -55.4542, -34.7468 ], [ -55.4508, -34.7441 ], [ -55.4497, -34.7327 ], [ -55.4525, -34.7256 ], [ -55.441, -34.7106 ], [ -55.445, -34.7008 ], [ -55.4414, -34.6836 ], [ -55.4474, -34.6777 ], [ -55.4555, -34.6784 ], [ -55.4728, -34.6692 ], [ -55.4841, -34.6577 ], [ -55.48, -34.6256 ], [ -55.4826, -34.6189 ], [ -55.4801, -34.6079 ], [ -55.4739, -34.6053 ], [ -55.4789, -34.6034 ], [ -55.481, -34.5979 ], [ -55.4867, -34.5971 ], [ -55.4895, -34.5904 ], [ -55.4859, -34.5869 ], [ -55.4946, -34.5807 ], [ -55.4877, -34.5753 ], [ -55.4919, -34.5685 ], [ -55.4904, -34.5622 ], [ -55.498, -34.5598 ], [ -55.4934, -34.554 ], [ -55.497, -34.5487 ], [ -55.4948, -34.5452 ], [ -55.4988, -34.5424 ], [ -55.4966, -34.5376 ], [ -55.5008, -34.536 ], [ -55.5033, -34.5288 ], [ -55.5181, -34.5247 ], [ -55.5208, -34.5157 ], [ -55.527, -34.5201 ], [ -55.5267, -34.5111 ], [ -55.5327, -34.511 ], [ -55.5349, -34.5069 ], [ -55.5417, -34.5069 ], [ -55.5503, -34.5014 ], [ -55.5506, -34.4968 ], [ -55.5461, -34.4987 ], [ -55.5503, -34.4911 ], [ -55.5456, -34.4839 ], [ -55.5559, -34.4791 ], [ -55.5526, -34.4784 ], [ -55.5557, -34.4692 ], [ -55.5493, -34.4698 ], [ -55.5435, -34.4599 ], [ -55.536, -34.4552 ], [ -55.5392, -34.4505 ], [ -55.5364, -34.4473 ], [ -55.5405, -34.4418 ], [ -55.5384, -34.4282 ], [ -55.535, -34.4266 ], [ -55.5374, -34.4129 ], [ -55.5323, -34.4053 ], [ -55.5368, -34.3942 ], [ -55.5344, -34.3887 ], [ -55.5452, -34.3875 ], [ -55.5504, -34.3758 ], [ -55.5542, -34.3754 ], [ -55.5615, -34.3573 ], [ -55.5719, -34.3552 ], [ -55.6244, -34.2075 ], [ -55.629, -34.2055 ], [ -55.6402, -34.2109 ], [ -55.6489, -34.2075 ], [ -55.6635, -34.2145 ], [ -55.6687, -34.214 ], [ -55.6685, -34.2178 ], [ -55.6735, -34.2176 ], [ -55.6778, -34.2126 ], [ -55.6891, -34.2169 ], [ -55.7001, -34.2138 ], [ -55.7139, -34.2223 ], [ -55.7168, -34.2195 ], [ -55.7232, -34.2223 ], [ -55.7357, -34.2122 ], [ -55.7419, -34.216 ], [ -55.7599, -34.2172 ], [ -55.7614, -34.2216 ], [ -55.7747, -34.2317 ], [ -55.7903, -34.2327 ], [ -55.7979, -34.2434 ], [ -55.8045, -34.2429 ], [ -55.809, -34.2472 ], [ -55.81, -34.244 ], [ -55.8154, -34.2538 ], [ -55.8235, -34.2589 ], [ -55.8302, -34.257 ], [ -55.8342, -34.2656 ], [ -55.8423, -34.2628 ], [ -55.8489, -34.281 ] ] ] } },
{ "type": "Feature", "properties": { }, "geometry": { "type": "Polygon", "coordinates": [ [ [ -54.9886, -33.3527 ], [ -55.0, -33.3571 ], [ -54.9999, -33.344 ], [ -55.0029, -33.3395 ], [ -55.0127, -33.3459 ], [ -55.0086, -33.3482 ], [ -55.0102, -33.3522 ], [ -55.0212, -33.3484 ], [ -55.0223, -33.344 ], [ -55.0324, -33.3388 ], [ -55.0352, -33.3504 ], [ -55.0498, -33.3508 ], [ -55.0558, -33.3462 ], [ -55.063, -33.3484 ], [ -55.0675, -33.3434 ], [ -55.0705, -33.3458 ], [ -55.0682, -33.3497 ], [ -55.0733, -33.3543 ], [ -55.0804, -33.3516 ], [ -55.0853, -33.3568 ], [ -55.0914, -33.3501 ], [ -55.096, -33.3576 ], [ -55.0958, -33.3709 ], [ -55.105, -33.3706 ], [ -55.1067, -33.3735 ], [ -55.1011, -33.3811 ], [ -55.1066, -33.3888 ], [ -55.1, -33.4 ], [ -55.1045, -33.4099 ], [ -55.0932, -33.4189 ], [ -55.0962, -33.4275 ], [ -55.1018, -33.432 ], [ -55.1163, -33.4262 ], [ -55.121, -33.4319 ], [ -55.1245, -33.4318 ], [ -55.1323, -33.4583 ], [ -55.1487, -33.4652 ], [ -55.1522, -33.4706 ], [ -55.1501, -33.48 ], [ -55.1522, -33.4843 ], [ -55.147, -33.4828 ], [ -55.1436, -33.4899 ], [ -55.1428, -33.5098 ], [ -55.1503, -33.5157 ], [ -55.1559, -33.5157 ], [ -55.1674, -33.5051 ], [ -55.1758, -33.503 ], [ -55.1935, -33.5092 ], [ -55.2103, -33.509 ], [ -55.2229, -33.5197 ], [ -55.224, -33.5478 ], [ -55.2303, -33.5575 ], [ -55.2334, -33.5744 ], [ -55.2401, -33.5878 ], [ -55.2469, -33.5919 ], [ -55.2614, -33.5894 ], [ -55.2702, -33.5942 ], [ -55.2982, -33.5969 ], [ -55.3333, -33.61 ], [ -55.3369, -33.6159 ], [ -55.3379, -33.6292 ], [ -55.3537, -33.6353 ], [ -55.359, -33.6441 ], [ -55.3572, -33.6489 ], [ -55.3495, -33.6535 ], [ -55.3527, -33.6632 ], [ -55.3476, -33.6727 ], [ -55.3377, -33.6796 ], [ -55.3433, -33.6862 ], [ -55.3394, -33.7005 ], [ -55.3161, -33.7044 ], [ -55.304, -33.7106 ], [ -55.3175, -33.7247 ], [ -55.3199, -33.7329 ], [ -55.3102, -33.7483 ], [ -55.3112, -33.7543 ], [ -55.3011, -33.7637 ], [ -55.3125, -33.7808 ], [ -55.3103, -33.7881 ], [ -55.3163, -33.7962 ], [ -55.3156, -33.812 ], [ -55.3433, -33.8299 ], [ -55.3492, -33.8492 ], [ -55.3555, -33.8578 ], [ -55.3613, -33.8933 ], [ -55.3687, -33.9038 ], [ -55.375, -33.9013 ], [ -55.3827, -33.9105 ], [ -55.3911, -33.9121 ], [ -55.3959, -33.9295 ], [ -55.4071, -33.9382 ], [ -55.4059, -33.9408 ], [ -55.4106, -33.9415 ], [ -55.4107, -33.9506 ], [ -55.4147, -33.9502 ], [ -55.4115, -33.9584 ], [ -55.4144, -33.966 ], [ -55.4273, -33.9845 ], [ -55.4319, -33.9839 ], [ -55.4319, -33.9923 ], [ -55.4359, -33.9967 ], [ -55.4409, -33.9968 ], [ -55.4436, -34.0062 ], [ -55.4503, -34.0082 ], [ -55.4431, -34.0131 ], [ -55.4461, -34.0216 ], [ -55.44, -34.0257 ], [ -55.4461, -34.0289 ], [ -55.4489, -34.0378 ], [ -55.4664, -34.0426 ], [ -55.4836, -34.0577 ], [ -55.4886, -34.0535 ], [ -55.4987, -34.0517 ], [ -55.5055, -34.0564 ], [ -55.5192, -34.0577 ], [ -55.5284, -34.0752 ], [ -55.5339, -34.08 ], [ -55.5353, -34.0949 ], [ -55.5482, -34.1064 ], [ -55.5538, -34.1176 ], [ -55.5482, -34.1368 ], [ -55.5597, -34.1387 ], [ -55.5645, -34.1447 ], [ -55.573, -34.1455 ], [ -55.579, -34.1577 ], [ -55.5915, -34.1598 ], [ -55.5929, -34.1708 ], [ -55.6031, -34.176 ], [ -55.6043, -34.1873 ], [ -55.616, -34.195 ], [ -55.624, -34.206 ], [ -55.5719, -34.3552 ], [ -55.5615, -34.3573 ], [ -55.5542, -34.3754 ], [ -55.5504, -34.3758 ], [ -55.5452, -34.3875 ], [ -55.5344, -34.3887 ], [ -55.5368, -34.3942 ], [ -55.5323, -34.4053 ], [ -55.5374, -34.4129 ], [ -55.535, -34.4266 ], [ -55.5384, -34.4282 ], [ -55.5405, -34.4418 ], [ -55.5364, -34.4473 ], [ -55.5392, -34.4505 ], [ -55.536, -34.4552 ], [ -55.5435, -34.4599 ], [ -55.5493, -34.4698 ], [ -55.5569, -34.4708 ], [ -55.5526, -34.4778 ], [ -55.5554, -34.4798 ], [ -55.5456, -34.4839 ], [ -55.5503, -34.4911 ], [ -55.5461, -34.4987 ], [ -55.5506, -34.4968 ], [ -55.5507, -34.5007 ], [ -55.5417, -34.5069 ], [ -55.5349, -34.5069 ], [ -55.5327, -34.511 ], [ -55.5267, -34.5111 ], [ -55.527, -34.5201 ], [ -55.5208, -34.5157 ], [ -55.5181, -34.5247 ], [ -55.5033, -34.5288 ], [ -55.5008, -34.536 ], [ -55.4966, -34.5376 ], [ -55.4988, -34.5424 ], [ -55.4948, -34.5452 ], [ -55.497, -34.5487 ], [ -55.4934, -34.554 ], [ -55.498, -34.5598 ], [ -55.4904, -34.5622 ], [ -55.4919, -34.5685 ], [ -55.4877, -34.5753 ], [ -55.4946, -34.5807 ], [ -55.4859, -34.5869 ], [ -55.4895, -34.5904 ], [ -55.4867, -34.5971 ], [ -55.481, -34.5979 ], [ -55.4789, -34.6034 ], [ -55.4739, -34.6053 ], [ -55.4803, -34.6084 ], [ -55.4826, -34.6189 ], [ -55.4792, -34.6277 ], [ -55.4723, -34.6275 ], [ -55.467, -34.6193 ], [ -55.4632, -34.6193 ], [ -55.4516, -34.635 ], [ -55.4391, -34.6332 ], [ -55.4359, -34.6358 ], [ -55.4258, -34.6343 ], [ -55.4246, -34.6295 ], [ -55.4169, -34.6253 ], [ -55.4154, -34.6274 ], [ -55.4016, -34.6231 ], [ -55.39, -34.6293 ], [ -55.3826, -34.6245 ], [ -55.3695, -34.626 ], [ -55.3572, -34.6204 ], [ -55.3161, -34.6308 ], [ -55.3138, -34.6253 ], [ -55.326, -34.618 ], [ -55.3228, -34.6113 ], [ -55.3286, -34.6003 ], [ -55.3245, -34.5949 ], [ -55.3286, -34.5875 ], [ -55.3209, -34.5794 ], [ -55.3245, -34.575 ], [ -55.3067, -34.5716 ], [ -55.2924, -34.5757 ], [ -55.279, -34.5601 ], [ -55.2629, -34.5532 ], [ -55.2477, -34.5411 ], [ -55.2395, -34.5401 ], [ -55.2209, -34.5454 ], [ -55.2219, -34.5308 ], [ -55.2149, -34.5186 ], [ -55.2024, -34.5158 ], [ -55.2009, -34.5109 ], [ -55.1924, -34.5054 ], [ -55.177, -34.5051 ], [ -55.1478, -34.4919 ], [ -55.1296, -34.4992 ], [ -55.1201, -34.5119 ], [ -55.1052, -34.5137 ], [ -55.098, -34.5033 ], [ -55.0893, -34.5047 ], [ -55.069, -34.497 ], [ -55.0652, -34.4873 ], [ -55.0581, -34.4834 ], [ -55.0469, -34.4827 ], [ -55.0415, -34.4755 ], [ -55.0275, -34.4681 ], [ -55.0226, -34.4587 ], [ -55.0006, -34.4494 ], [ -54.9931, -34.4322 ], [ -54.9784, -34.4343 ], [ -54.9621, -34.4423 ], [ -54.9396, -34.4248 ], [ -54.934, -34.4157 ], [ -54.9258, -34.4135 ], [ -54.9175, -34.4232 ], [ -54.9071, -34.4231 ], [ -54.9026, -34.4176 ], [ -54.8926, -34.4205 ], [ -54.8879, -34.4102 ], [ -54.8787, -34.4095 ], [ -54.8667, -34.401 ], [ -54.8502, -34.4072 ], [ -54.84, -34.3708 ], [ -54.8427, -34.3613 ], [ -54.8337, -34.3481 ], [ -54.8355, -34.3443 ], [ -54.828, -34.3335 ], [ -54.8264, -34.3235 ], [ -54.8224, -34.3217 ], [ -54.8249, -34.316 ], [ -54.8185, -34.3072 ], [ -54.8204, -34.3042 ], [ -54.8151, -34.2841 ], [ -54.8108, -34.2802 ], [ -54.7954, -34.2907 ], [ -54.7814, -34.2649 ], [ -54.7866, -34.2567 ], [ -54.7787, -34.2467 ], [ -54.778, -34.2335 ], [ -54.781, -34.2336 ], [ -54.7818, -34.2265 ], [ -54.7718, -34.2116 ], [ -54.7705, -34.203 ], [ -54.778, -34.1971 ], [ -54.7737, -34.1844 ], [ -54.762, -34.174 ], [ -54.7599, -34.1677 ], [ -54.7509, -34.1691 ], [ -54.7481, -34.1632 ], [ -54.7529, -34.158 ], [ -54.7495, -34.1529 ], [ -54.751, -34.147 ], [ -54.7267, -34.139 ], [ -54.7239, -34.1358 ], [ -54.7289, -34.1279 ], [ -54.7164, -34.1176 ], [ -54.7198, -34.1141 ], [ -54.7156, -34.1083 ], [ -54.7142, -34.0942 ], [ -54.7171, -34.0912 ], [ -54.7118, -34.0757 ], [ -54.7159, -34.0673 ], [ -54.71, -34.0606 ], [ -54.6981, -34.0573 ], [ -54.6971, -34.0552 ], [ -54.7018, -34.0521 ], [ -54.6896, -34.0455 ], [ -54.684, -34.0464 ], [ -54.679, -34.0517 ], [ -54.6696, -34.0411 ], [ -54.6507, -34.0461 ], [ -54.6498, -34.0521 ], [ -54.6455, -34.0522 ], [ -54.6305, -34.0448 ], [ -54.6185, -34.0448 ], [ -54.6129, -34.0484 ], [ -54.5999, -34.0357 ], [ -54.5858, -34.0362 ], [ -54.5795, -34.0273 ], [ -54.5789, -34.011 ], [ -54.569, -34.0081 ], [ -54.5606, -33.9987 ], [ -54.5505, -33.9972 ], [ -54.5469, -33.9935 ], [ -54.5514, -33.9825 ], [ -54.5447, -33.9762 ], [ -54.5508, -33.9653 ], [ -54.5392, -33.9593 ], [ -54.5411, -33.952 ], [ -54.5344, -33.9405 ], [ -54.529, -33.9367 ], [ -54.5246, -33.9383 ], [ -54.5235, -33.935 ], [ -54.5193, -33.9365 ], [ -54.5125, -33.931 ], [ -54.5035, -33.9394 ], [ -54.4997, -33.9339 ], [ -54.4883, -33.9351 ], [ -54.4889, -33.9304 ], [ -54.4839, -33.9283 ], [ -54.4861, -33.9194 ], [ -54.483, -33.919 ], [ -54.4853, -33.9114 ], [ -54.4816, -33.9014 ], [ -54.4755, -33.8983 ], [ -54.4664, -33.9018 ], [ -54.4474, -33.8959 ], [ -54.4493, -33.8908 ], [ -54.4457, -33.8877 ], [ -54.4466, -33.8833 ], [ -54.4391, -33.8779 ], [ -54.4361, -33.86 ], [ -54.4322, -33.8556 ], [ -54.4366, -33.847 ], [ -54.4319, -33.8455 ], [ -54.4287, -33.8328 ], [ -54.4237, -33.828 ], [ -54.4332, -33.8232 ], [ -54.4396, -33.8136 ], [ -54.4313, -33.81 ], [ -54.4312, -33.7934 ], [ -54.4249, -33.7911 ], [ -54.4192, -33.7817 ], [ -54.4154, -33.7827 ], [ -54.4179, -33.7869 ], [ -54.4145, -33.7883 ], [ -54.4108, -33.7833 ], [ -54.4139, -33.7783 ], [ -54.4004, -33.7724 ], [ -54.3981, -33.7687 ], [ -54.3934, -33.7698 ], [ -54.3884, -33.7648 ], [ -54.3915, -33.7618 ], [ -54.3914, -33.7523 ], [ -54.3799, -33.7396 ], [ -54.3749, -33.738 ], [ -54.3805, -33.7381 ], [ -54.3793, -33.73 ], [ -54.3894, -33.7226 ], [ -54.3854, -33.7114 ], [ -54.3925, -33.6992 ], [ -54.3896, -33.6955 ], [ -54.3918, -33.6901 ], [ -54.3894, -33.6857 ], [ -54.3929, -33.6804 ], [ -54.387, -33.6714 ], [ -54.3917, -33.665 ], [ -54.3852, -33.6587 ], [ -54.3871, -33.6383 ], [ -54.382, -33.6359 ], [ -54.3814, -33.6279 ], [ -54.3761, -33.6237 ], [ -54.3728, -33.6251 ], [ -54.3669, -33.6188 ], [ -54.3695, -33.6162 ], [ -54.3652, -33.614 ], [ -54.359, -33.6167 ], [ -54.3545, -33.6127 ], [ -54.3489, -33.6161 ], [ -54.3332, -33.6157 ], [ -54.3242, -33.6076 ], [ -54.3224, -33.6134 ], [ -54.3167, -33.608 ], [ -54.3035, -33.6054 ], [ -54.3006, -33.601 ], [ -54.3033, -33.597 ], [ -54.2914, -33.5933 ], [ -54.2831, -33.5813 ], [ -54.2678, -33.5681 ], [ -54.2656, -33.5565 ], [ -54.2705, -33.5573 ], [ -54.2676, -33.5498 ], [ -54.2603, -33.5489 ], [ -54.2606, -33.5455 ], [ -54.2547, -33.5425 ], [ -54.2361, -33.5442 ], [ -54.2321, -33.5363 ], [ -54.2371, -33.5368 ], [ -54.239, -33.5306 ], [ -54.2348, -33.5313 ], [ -54.2322, -33.5242 ], [ -54.2246, -33.524 ], [ -54.2185, -33.5161 ], [ -54.2266, -33.5099 ], [ -54.2223, -33.5051 ], [ -54.2266, -33.5061 ], [ -54.2292, -33.5027 ], [ -54.2288, -33.4993 ], [ -54.2258, -33.5003 ], [ -54.2185, -33.4936 ], [ -54.2191, -33.4888 ], [ -54.2094, -33.4877 ], [ -54.2078, -33.4829 ], [ -54.2035, -33.4852 ], [ -54.196, -33.4832 ], [ -54.1964, -33.4864 ], [ -54.187, -33.4818 ], [ -54.1778, -33.4873 ], [ -54.1758, -33.481 ], [ -54.172, -33.4839 ], [ -54.1669, -33.4797 ], [ -54.1594, -33.4806 ], [ -54.1605, -33.4776 ], [ -54.1576, -33.4765 ], [ -54.1529, -33.4828 ], [ -54.1408, -33.4816 ], [ -54.1375, -33.4784 ], [ -54.1394, -33.4731 ], [ -54.1355, -33.4713 ], [ -54.1353, -33.4639 ], [ -54.1296, -33.4595 ], [ -54.1347, -33.46 ], [ -54.137, -33.4566 ], [ -54.144, -33.4642 ], [ -54.1447, -33.4609 ], [ -54.1487, -33.4619 ], [ -54.1503, -33.4594 ], [ -54.1596, -33.461 ], [ -54.1661, -33.4565 ], [ -54.1679, -33.4488 ], [ -54.1737, -33.4483 ], [ -54.1717, -33.4451 ], [ -54.1789, -33.4424 ], [ -54.1903, -33.4501 ], [ -54.1964, -33.4454 ], [ -54.2, -33.449 ], [ -54.2069, -33.4465 ], [ -54.206, -33.4361 ], [ -54.2136, -33.4339 ], [ -54.2107, -33.431 ], [ -54.2216, -33.4254 ], [ -54.2269, -33.4279 ], [ -54.2446, -33.4106 ], [ -54.2548, -33.408 ], [ -54.2643, -33.3935 ], [ -54.2652, -33.3866 ], [ -54.2836, -33.3826 ], [ -54.2797, -33.3792 ], [ -54.2834, -33.3691 ], [ -54.2875, -33.3685 ], [ -54.2893, -33.3627 ], [ -54.2959, -33.3626 ], [ -54.2946, -33.359 ], [ -54.2996, -33.3621 ], [ -54.3049, -33.3555 ], [ -54.3087, -33.3587 ], [ -54.3186, -33.3552 ], [ -54.3252, -33.3576 ], [ -54.3234, -33.3613 ], [ -54.3297, -33.3652 ], [ -54.3333, -33.3629 ], [ -54.3414, -33.3669 ], [ -54.3458, -33.3644 ], [ -54.3451, -33.3674 ], [ -54.3512, -33.3676 ], [ -54.3509, -33.3712 ], [ -54.3554, -33.3726 ], [ -54.3583, -33.3689 ], [ -54.3628, -33.3709 ], [ -54.3628, -33.3748 ], [ -54.3747, -33.3793 ], [ -54.3733, -33.388 ], [ -54.3788, -33.3901 ], [ -54.3786, -33.3962 ], [ -54.4073, -33.3915 ], [ -54.4136, -33.3897 ], [ -54.4121, -33.3872 ], [ -54.4228, -33.3868 ], [ -54.4229, -33.3839 ], [ -54.4303, -33.3829 ], [ -54.4293, -33.3878 ], [ -54.4346, -33.3872 ], [ -54.4315, -33.3953 ], [ -54.4349, -33.3946 ], [ -54.435, -33.3997 ], [ -54.4392, -33.4016 ], [ -54.4395, -33.4093 ], [ -54.4447, -33.4102 ], [ -54.4422, -33.4141 ], [ -54.4463, -33.4136 ], [ -54.4454, -33.4181 ], [ -54.4543, -33.4226 ], [ -54.4525, -33.4294 ], [ -54.4577, -33.4329 ], [ -54.4562, -33.4415 ], [ -54.4643, -33.4441 ], [ -54.4805, -33.442 ], [ -54.4883, -33.4489 ], [ -54.495, -33.4444 ], [ -54.5016, -33.4486 ], [ -54.5101, -33.4453 ], [ -54.5188, -33.4523 ], [ -54.525, -33.4504 ], [ -54.5299, -33.4421 ], [ -54.5386, -33.4381 ], [ -54.5531, -33.4404 ], [ -54.5582, -33.4359 ], [ -54.5792, -33.4383 ], [ -54.5851, -33.4287 ], [ -54.5919, -33.4244 ], [ -54.62, -33.428 ], [ -54.6216, -33.4236 ], [ -54.6264, -33.4246 ], [ -54.6315, -33.4191 ], [ -54.6387, -33.4178 ], [ -54.6572, -33.4193 ], [ -54.6753, -33.4262 ], [ -54.6921, -33.4201 ], [ -54.7104, -33.4219 ], [ -54.7931, -33.3423 ], [ -54.8012, -33.3356 ], [ -54.8046, -33.3376 ], [ -54.8173, -33.3338 ], [ -54.8205, -33.3226 ], [ -54.8279, -33.319 ], [ -54.8336, -33.3213 ], [ -54.834, -33.3303 ], [ -54.8443, -33.3307 ], [ -54.8471, -33.336 ], [ -54.8592, -33.3273 ], [ -54.8646, -33.3333 ], [ -54.875, -33.3334 ], [ -54.8713, -33.3373 ], [ -54.8742, -33.3473 ], [ -54.8808, -33.3483 ], [ -54.8807, -33.3565 ], [ -54.889, -33.3498 ], [ -54.9019, -33.3539 ], [ -54.9221, -33.3494 ], [ -54.9275, -33.3643 ], [ -54.9399, -33.3601 ], [ -54.9466, -33.3728 ], [ -54.9543, -33.3723 ], [ -54.9615, -33.3649 ], [ -54.9595, -33.3623 ], [ -54.951, -33.3626 ], [ -54.957, -33.355 ], [ -54.9855, -33.3563 ], [ -54.9886, -33.3527 ] ] ] } },
{ "type": "Feature", "properties": { }, "geometry": { "type": "Polygon", "coordinates": [ [ [ -56.1832, -31.2485 ], [ -56.1807, -31.2593 ], [ -56.1663, -31.2683 ], [ -56.1542, -31.2807 ], [ -56.1578, -31.2935 ], [ -56.1579, -31.2983 ], [ -56.1539, -31.3016 ], [ -56.156, -31.3061 ], [ -56.1639, -31.3079 ], [ -56.1759, -31.3211 ], [ -56.1868, -31.3264 ], [ -56.1738, -31.3661 ], [ -56.2014, -31.3887 ], [ -56.2007, -31.4036 ], [ -56.2095, -31.4052 ], [ -56.2187, -31.4202 ], [ -56.2451, -31.4305 ], [ -56.2538, -31.4285 ], [ -56.2592, -31.4351 ], [ -56.2649, -31.4351 ], [ -56.267, -31.44 ], [ -56.2648, -31.4461 ], [ -56.2553, -31.4545 ], [ -56.2808, -31.4656 ], [ -56.2982, -31.48 ], [ -56.2991, -31.486 ], [ -56.3044, -31.485 ], [ -56.314, -31.4895 ], [ -56.3141, -31.4985 ], [ -56.3229, -31.5059 ], [ -56.3212, -31.5157 ], [ -56.324, -31.5285 ], [ -56.3296, -31.5349 ], [ -56.3249, -31.5406 ], [ -56.3248, -31.5466 ], [ -56.3361, -31.5513 ], [ -56.3388, -31.5643 ], [ -56.3523, -31.5673 ], [ -56.3591, -31.5746 ], [ -56.3632, -31.5809 ], [ -56.3584, -31.5864 ], [ -56.3623, -31.5931 ], [ -56.3666, -31.5938 ], [ -56.3658, -31.6032 ], [ -56.3514, -31.6191 ], [ -56.3375, -31.6208 ], [ -56.3399, -31.6332 ], [ -56.3342, -31.6392 ], [ -56.3384, -31.6485 ], [ -56.338, -31.6572 ], [ -56.3488, -31.6681 ], [ -56.3381, -31.6771 ], [ -56.3379, -31.6842 ], [ -56.3219, -31.6896 ], [ -56.3168, -31.6966 ], [ -56.3053, -31.7373 ], [ -56.3016, -31.7399 ], [ -56.2839, -31.7395 ], [ -56.2748, -31.7428 ], [ -56.2686, -31.7498 ], [ -56.2659, -31.7627 ], [ -56.2693, -31.7751 ], [ -56.2622, -31.7824 ], [ -56.2655, -31.7825 ], [ -56.269, -31.7903 ], [ -56.2686, -31.7991 ], [ -56.2745, -31.8135 ], [ -56.2701, -31.8162 ], [ -56.2745, -31.8266 ], [ -56.2722, -31.8332 ], [ -56.2673, -31.8363 ], [ -56.2672, -31.8493 ], [ -56.2548, -31.8544 ], [ -56.2466, -31.8658 ], [ -56.2492, -31.871 ], [ -56.2389, -31.8798 ], [ -56.2442, -31.8968 ], [ -56.2417, -31.901 ], [ -56.2629, -31.9134 ], [ -56.2648, -31.9208 ], [ -56.2691, -31.9205 ], [ -56.2839, -31.9368 ], [ -56.2812, -31.9454 ], [ -56.2824, -31.9592 ], [ -56.2964, -31.978 ], [ -56.298, -31.9926 ], [ -56.2891, -32.0173 ], [ -56.2998, -32.0526 ], [ -56.3091, -32.0595 ], [ -56.3134, -32.0701 ], [ -56.3086, -32.0801 ], [ -56.2862, -32.0946 ], [ -56.2937, -32.1035 ], [ -56.2955, -32.1109 ], [ -56.306, -32.1205 ], [ -56.3044, -32.1326 ], [ -56.311, -32.1406 ], [ -56.3096, -32.1584 ], [ -56.3123, -32.1617 ], [ -56.3282, -32.1626 ], [ -56.3419, -32.1793 ], [ -56.347, -32.1913 ], [ -56.3431, -32.2012 ], [ -56.3466, -32.216 ], [ -56.3646, -32.2255 ], [ -56.3642, -32.2327 ], [ -56.3713, -32.2424 ], [ -56.3817, -32.2462 ], [ -56.3976, -32.2621 ], [ -56.415, -32.272 ], [ -56.4466, -32.2999 ], [ -56.4681, -32.304 ], [ -56.4747, -32.3211 ], [ -56.4739, -32.3291 ], [ -56.4921, -32.3354 ], [ -56.4942, -32.344 ], [ -56.5046, -32.3522 ], [ -56.5143, -32.3681 ], [ -56.5199, -32.3836 ], [ -56.5306, -32.3917 ], [ -56.538, -32.4426 ], [ -56.5462, -32.4655 ], [ -56.5554, -32.4796 ], [ -56.5508, -32.4842 ], [ -56.5474, -32.5004 ], [ -56.551, -32.5276 ], [ -56.5637, -32.5441 ], [ -56.5699, -32.575 ], [ -56.5876, -32.5902 ], [ -56.5889, -32.6065 ], [ -56.5935, -32.6136 ], [ -56.5927, -32.6217 ], [ -56.5981, -32.6391 ], [ -56.5937, -32.6601 ], [ -56.6164, -32.6642 ], [ -56.6236, -32.6768 ], [ -56.6373, -32.6841 ], [ -56.6462, -32.6943 ], [ -56.6492, -32.7105 ], [ -56.6384, -32.7195 ], [ -56.6364, -32.7276 ], [ -56.6403, -32.7536 ], [ -56.6379, -32.7687 ], [ -56.6495, -32.7766 ], [ -56.666, -32.7797 ], [ -56.6836, -32.7963 ], [ -56.665, -32.8093 ], [ -56.6509, -32.8141 ], [ -56.6518, -32.8199 ], [ -56.6659, -32.8339 ], [ -56.6655, -32.8511 ], [ -56.6527, -32.8628 ], [ -56.6396, -32.8625 ], [ -56.6213, -32.8334 ], [ -56.604, -32.8258 ], [ -56.5921, -32.8073 ], [ -56.5868, -32.8047 ], [ -56.5605, -32.807 ], [ -56.5575, -32.8099 ], [ -56.5572, -32.8139 ], [ -56.5674, -32.8194 ], [ -56.5747, -32.8311 ], [ -56.573, -32.8387 ], [ -56.5645, -32.8428 ], [ -56.5561, -32.8379 ], [ -56.5532, -32.8257 ], [ -56.5429, -32.8203 ], [ -56.5391, -32.8078 ], [ -56.5352, -32.809 ], [ -56.5289, -32.8188 ], [ -56.5017, -32.8227 ], [ -56.4976, -32.8205 ], [ -56.4954, -32.8088 ], [ -56.4903, -32.8026 ], [ -56.4839, -32.8052 ], [ -56.4801, -32.8172 ], [ -56.4763, -32.8194 ], [ -56.4658, -32.8202 ], [ -56.4562, -32.8114 ], [ -56.446, -32.8177 ], [ -56.4391, -32.8267 ], [ -56.4432, -32.841 ], [ -56.4426, -32.8542 ], [ -56.4305, -32.8666 ], [ -56.415, -32.8574 ], [ -56.4148, -32.8407 ], [ -56.4221, -32.8309 ], [ -56.4174, -32.8233 ], [ -56.3976, -32.8188 ], [ -56.3117, -32.8166 ], [ -56.257, -32.8053 ], [ -56.228, -32.7864 ], [ -56.2236, -32.778 ], [ -56.2234, -32.759 ], [ -56.2053, -32.7548 ], [ -56.1908, -32.7354 ], [ -56.2012, -32.7144 ], [ -56.1982, -32.6986 ], [ -56.1925, -32.6889 ], [ -56.1604, -32.6883 ], [ -56.1401, -32.6816 ], [ -56.1223, -32.6799 ], [ -56.0803, -32.6886 ], [ -56.0201, -32.6837 ], [ -55.9983, -32.6751 ], [ -55.9497, -32.6381 ], [ -55.9255, -32.6027 ], [ -55.9177, -32.5983 ], [ -55.9068, -32.5979 ], [ -55.8821, -32.6065 ], [ -55.8696, -32.6156 ], [ -55.8576, -32.6329 ], [ -55.8422, -32.6329 ], [ -55.8109, -32.6213 ], [ -55.8068, -32.6185 ], [ -55.8052, -32.6116 ], [ -55.8166, -32.5991 ], [ -55.8144, -32.5931 ], [ -55.7907, -32.6013 ], [ -55.7796, -32.5962 ], [ -55.7749, -32.5892 ], [ -55.7829, -32.5783 ], [ -55.7982, -32.5688 ], [ -55.7986, -32.5642 ], [ -55.7888, -32.5592 ], [ -55.7693, -32.5638 ], [ -55.7657, -32.5585 ], [ -55.7673, -32.5323 ], [ -55.7523, -32.5213 ], [ -55.7537, -32.5139 ], [ -55.7804, -32.5113 ], [ -55.7819, -32.5059 ], [ -55.7781, -32.4988 ], [ -55.7376, -32.5054 ], [ -55.7187, -32.4949 ], [ -55.7125, -32.4948 ], [ -55.7092, -32.5006 ], [ -55.7141, -32.5181 ], [ -55.7119, -32.5238 ], [ -55.6804, -32.5357 ], [ -55.6761, -32.5328 ], [ -55.6807, -32.5198 ], [ -55.6759, -32.511 ], [ -55.6342, -32.4814 ], [ -55.5964, -32.4868 ], [ -55.5898, -32.4904 ], [ -55.5882, -32.4965 ], [ -55.5826, -32.5005 ], [ -55.5719, -32.4961 ], [ -55.561, -32.5004 ], [ -55.5453, -32.4999 ], [ -55.5324, -32.4926 ], [ -55.5, -32.505 ], [ -55.4761, -32.4998 ], [ -55.4728, -32.4961 ], [ -55.4732, -32.4886 ], [ -55.4898, -32.4801 ], [ -55.4945, -32.4712 ], [ -55.4878, -32.456 ], [ -55.493, -32.45 ], [ -55.4933, -32.4445 ], [ -55.4856, -32.4349 ], [ -55.4837, -32.4233 ], [ -55.4739, -32.4115 ], [ -55.4593, -32.4158 ], [ -55.4548, -32.4101 ], [ -55.4484, -32.4146 ], [ -55.4363, -32.4095 ], [ -55.4317, -32.4108 ], [ -55.4326, -32.4182 ], [ -55.4276, -32.4342 ], [ -55.4314, -32.4361 ], [ -55.4344, -32.4458 ], [ -55.4293, -32.4478 ], [ -55.427, -32.4571 ], [ -55.4128, -32.4769 ], [ -55.3986, -32.4668 ], [ -55.3919, -32.4693 ], [ -55.3908, -32.4653 ], [ -55.3812, -32.4604 ], [ -55.381, -32.4688 ], [ -55.3776, -32.4658 ], [ -55.3746, -32.4692 ], [ -55.3776, -32.4724 ], [ -55.376, -32.4757 ], [ -55.3618, -32.4677 ], [ -55.3568, -32.4705 ], [ -55.3545, -32.4788 ], [ -55.3605, -32.4793 ], [ -55.3581, -32.4825 ], [ -55.3478, -32.4842 ], [ -55.34, -32.4784 ], [ -55.3272, -32.4813 ], [ -55.3214, -32.4886 ], [ -55.3104, -32.4885 ], [ -55.3091, -32.4838 ], [ -55.2997, -32.4851 ], [ -55.3008, -32.4807 ], [ -55.2976, -32.4798 ], [ -55.2936, -32.4702 ], [ -55.2776, -32.4755 ], [ -55.2708, -32.4656 ], [ -55.2618, -32.4657 ], [ -55.2538, -32.4751 ], [ -55.2388, -32.4618 ], [ -55.2384, -32.4538 ], [ -55.2442, -32.4522 ], [ -55.2439, -32.4483 ], [ -55.2322, -32.4448 ], [ -55.2204, -32.4475 ], [ -55.218, -32.4514 ], [ -55.2101, -32.454 ], [ -55.1906, -32.454 ], [ -55.1811, -32.4667 ], [ -55.1733, -32.4638 ], [ -55.1676, -32.4564 ], [ -55.161, -32.4555 ], [ -55.1552, -32.4676 ], [ -55.1484, -32.4705 ], [ -55.1466, -32.478 ], [ -55.133, -32.4758 ], [ -55.129, -32.4795 ], [ -55.1228, -32.4757 ], [ -55.1133, -32.4809 ], [ -55.0914, -32.474 ], [ -55.0887, -32.4755 ], [ -55.0924, -32.4783 ], [ -55.0805, -32.4873 ], [ -55.0717, -32.4807 ], [ -55.0606, -32.4851 ], [ -55.0501, -32.4838 ], [ -55.0315, -32.4615 ], [ -55.027, -32.4606 ], [ -55.0218, -32.4682 ], [ -55.0192, -32.4676 ], [ -55.0132, -32.4575 ], [ -55.0139, -32.4519 ], [ -55.0051, -32.4516 ], [ -54.994, -32.4368 ], [ -54.9919, -32.4286 ], [ -54.9874, -32.4329 ], [ -54.9843, -32.424 ], [ -54.9775, -32.4259 ], [ -54.9796, -32.4209 ], [ -54.9669, -32.4149 ], [ -54.9681, -32.4115 ], [ -54.9631, -32.399 ], [ -54.9545, -32.3868 ], [ -54.948, -32.3865 ], [ -54.946, -32.3825 ], [ -54.9398, -32.3893 ], [ -54.939, -32.3852 ], [ -54.9311, -32.3878 ], [ -54.924, -32.3846 ], [ -54.9216, -32.3887 ], [ -54.9114, -32.3846 ], [ -54.911, -32.381 ], [ -54.9149, -32.3827 ], [ -54.9215, -32.3784 ], [ -54.9061, -32.3659 ], [ -54.911, -32.3656 ], [ -54.9023, -32.353 ], [ -54.9061, -32.3496 ], [ -54.8918, -32.3431 ], [ -54.8966, -32.3403 ], [ -54.8958, -32.3381 ], [ -54.8878, -32.3327 ], [ -54.8808, -32.3332 ], [ -54.8787, -32.3261 ], [ -54.8677, -32.3324 ], [ -54.8629, -32.3258 ], [ -54.8567, -32.3288 ], [ -54.8464, -32.323 ], [ -54.841, -32.3095 ], [ -54.8457, -32.2954 ], [ -54.8331, -32.2954 ], [ -54.828, -32.2688 ], [ -54.8145, -32.2665 ], [ -54.8175, -32.2573 ], [ -54.8123, -32.2508 ], [ -54.8178, -32.2478 ], [ -54.817, -32.2414 ], [ -54.8109, -32.2393 ], [ -54.8102, -32.2351 ], [ -54.7992, -32.2319 ], [ -54.7995, -32.2271 ], [ -54.795, -32.2271 ], [ -54.7938, -32.2236 ], [ -54.7962, -32.2197 ], [ -54.7894, -32.2185 ], [ -54.7932, -32.2136 ], [ -54.798, -32.2155 ], [ -54.7967, -32.2106 ], [ -54.8081, -32.2114 ], [ -54.8076, -32.2062 ], [ -54.8117, -32.2005 ], [ -54.805, -32.1852 ], [ -54.8129, -32.1808 ], [ -54.8104, -32.1765 ], [ -54.8151, -32.1754 ], [ -54.815, -32.1718 ], [ -54.808, -32.169 ], [ -54.8043, -32.157 ], [ -54.7924, -32.149 ], [ -54.7855, -32.152 ], [ -54.7736, -32.1509 ], [ -54.7726, -32.1387 ], [ -54.7765, -32.1349 ], [ -54.7663, -32.1204 ], [ -54.7585, -32.1191 ], [ -54.7545, -32.1137 ], [ -54.7577, -32.1096 ], [ -54.7641, -32.1098 ], [ -54.7574, -32.0972 ], [ -54.7275, -32.0908 ], [ -54.7241, -32.0948 ], [ -54.7088, -32.0993 ], [ -54.7074, -32.1058 ], [ -54.6973, -32.1171 ], [ -54.6901, -32.1166 ], [ -54.6903, -32.1129 ], [ -54.6871, -32.1118 ], [ -54.6782, -32.1168 ], [ -54.6673, -32.1099 ], [ -54.6903, -32.0807 ], [ -54.7295, -32.0404 ], [ -54.7598, -32.001 ], [ -54.7749, -31.9917 ], [ -54.7935, -31.9591 ], [ -54.7929, -31.9548 ], [ -54.8268, -31.9096 ], [ -54.8455, -31.8777 ], [ -54.8667, -31.8754 ], [ -54.8743, -31.8641 ], [ -54.8883, -31.8536 ], [ -54.8909, -31.8323 ], [ -54.8953, -31.8296 ], [ -54.9333, -31.8254 ], [ -54.9539, -31.8147 ], [ -54.9728, -31.8133 ], [ -54.9935, -31.823 ], [ -55.0164, -31.8292 ], [ -55.0401, -31.8309 ], [ -55.0593, -31.8217 ], [ -55.0695, -31.81 ], [ -55.1294, -31.807 ], [ -55.1562, -31.8133 ], [ -55.1673, -31.8212 ], [ -55.1753, -31.8223 ], [ -55.1837, -31.8206 ], [ -55.1851, -31.8127 ], [ -55.1899, -31.8109 ], [ -55.2698, -31.808 ], [ -55.299, -31.7945 ], [ -55.3282, -31.7881 ], [ -55.3413, -31.7749 ], [ -55.3555, -31.7762 ], [ -55.365, -31.7737 ], [ -55.3839, -31.7802 ], [ -55.4151, -31.7778 ], [ -55.4227, -31.7827 ], [ -55.446, -31.7886 ], [ -55.4896, -31.788 ], [ -55.4895, -31.7842 ], [ -55.5084, -31.7911 ], [ -55.5241, -31.7817 ], [ -55.5332, -31.7828 ], [ -55.5356, -31.7793 ], [ -55.5484, -31.779 ], [ -55.5469, -31.7768 ], [ -55.5523, -31.7737 ], [ -55.5603, -31.7775 ], [ -55.5662, -31.7748 ], [ -55.5736, -31.7789 ], [ -55.5725, -31.7738 ], [ -55.5804, -31.7765 ], [ -55.5793, -31.7786 ], [ -55.5888, -31.7855 ], [ -55.5874, -31.7883 ], [ -55.5996, -31.7909 ], [ -55.6044, -31.7888 ], [ -55.6119, -31.7972 ], [ -55.619, -31.8001 ], [ -55.6288, -31.7975 ], [ -55.6378, -31.7797 ], [ -55.6343, -31.7698 ], [ -55.6372, -31.7687 ], [ -55.6359, -31.7648 ], [ -55.6418, -31.7635 ], [ -55.6377, -31.7623 ], [ -55.6347, -31.75 ], [ -55.6302, -31.7473 ], [ -55.6306, -31.7414 ], [ -55.6355, -31.7397 ], [ -55.634, -31.736 ], [ -55.6423, -31.7304 ], [ -55.6401, -31.7288 ], [ -55.6436, -31.7256 ], [ -55.6614, -31.717 ], [ -55.6571, -31.7113 ], [ -55.6614, -31.7073 ], [ -55.66, -31.7007 ], [ -55.6559, -31.6977 ], [ -55.6543, -31.6902 ], [ -55.6596, -31.6867 ], [ -55.6592, -31.6795 ], [ -55.6572, -31.6774 ], [ -55.6557, -31.6816 ], [ -55.651, -31.6803 ], [ -55.6531, -31.6758 ], [ -55.6507, -31.6723 ], [ -55.6567, -31.6654 ], [ -55.647, -31.6564 ], [ -55.6473, -31.6456 ], [ -55.6394, -31.6367 ], [ -55.6427, -31.6351 ], [ -55.6411, -31.6256 ], [ -55.6468, -31.6255 ], [ -55.6461, -31.6217 ], [ -55.6528, -31.6204 ], [ -55.6534, -31.6252 ], [ -55.6575, -31.6252 ], [ -55.6693, -31.618 ], [ -55.663, -31.6131 ], [ -55.6636, -31.6069 ], [ -55.6577, -31.5988 ], [ -55.6599, -31.5961 ], [ -55.6515, -31.5901 ], [ -55.6725, -31.57 ], [ -55.6834, -31.5693 ], [ -55.6824, -31.564 ], [ -55.6728, -31.5537 ], [ -55.6766, -31.5501 ], [ -55.6731, -31.5395 ], [ -55.6896, -31.5273 ], [ -55.7148, -31.5372 ], [ -55.7255, -31.5367 ], [ -55.7286, -31.5306 ], [ -55.7337, -31.5328 ], [ -55.7404, -31.5305 ], [ -55.7504, -31.5204 ], [ -55.7529, -31.5085 ], [ -55.7763, -31.5069 ], [ -55.7843, -31.4933 ], [ -55.7914, -31.4899 ], [ -55.789, -31.488 ], [ -55.7902, -31.4828 ], [ -55.7999, -31.4768 ], [ -55.8082, -31.4768 ], [ -55.8109, -31.4646 ], [ -55.8161, -31.4595 ], [ -55.8113, -31.4553 ], [ -55.8132, -31.4512 ], [ -55.8107, -31.4522 ], [ -55.8067, -31.4468 ], [ -55.8089, -31.4337 ], [ -55.8033, -31.4321 ], [ -55.81, -31.4274 ], [ -55.8034, -31.418 ], [ -55.8043, -31.4035 ], [ -55.8028, -31.3971 ], [ -55.7997, -31.3969 ], [ -55.8091, -31.3887 ], [ -55.809, -31.3849 ], [ -55.8142, -31.3844 ], [ -55.8146, -31.3808 ], [ -55.82, -31.3778 ], [ -55.8179, -31.3759 ], [ -55.8215, -31.3727 ], [ -55.8184, -31.371 ], [ -55.8256, -31.3593 ], [ -55.8357, -31.3643 ], [ -55.8559, -31.366 ], [ -55.8645, -31.3573 ], [ -55.8734, -31.3602 ], [ -55.8941, -31.3501 ], [ -55.8953, -31.3451 ], [ -55.9021, -31.3516 ], [ -55.9068, -31.3516 ], [ -55.9137, -31.3434 ], [ -55.9204, -31.3414 ], [ -55.9219, -31.3346 ], [ -55.9378, -31.3341 ], [ -55.9502, -31.3248 ], [ -55.9471, -31.3195 ], [ -55.9516, -31.3126 ], [ -55.9629, -31.308 ], [ -55.9747, -31.3091 ], [ -55.981, -31.2999 ], [ -55.9907, -31.2931 ], [ -56.0281, -31.2702 ], [ -56.0367, -31.2678 ], [ -56.0491, -31.2572 ], [ -56.063, -31.2527 ], [ -56.0692, -31.2436 ], [ -56.0878, -31.2356 ], [ -56.0963, -31.2396 ], [ -56.1177, -31.2307 ], [ -56.1303, -31.234 ], [ -56.1414, -31.2413 ], [ -56.1426, -31.2459 ], [ -56.1565, -31.2504 ], [ -56.1728, -31.2452 ], [ -56.1832, -31.2485 ] ] ] } },
{ "type": "Feature", "properties": { }, "geometry": { "type": "Polygon", "coordinates": [ [ [ -55.8318, -31.0441 ], [ -55.8472, -31.0424 ], [ -55.8559, -31.0456 ], [ -55.8711, -31.0713 ], [ -55.8835, -31.0768 ], [ -55.893, -31.0745 ], [ -55.8979, -31.0669 ], [ -55.911, -31.0748 ], [ -55.9234, -31.0752 ], [ -55.9328, -31.0871 ], [ -55.9441, -31.0817 ], [ -55.9778, -31.0741 ], [ -55.986, -31.076 ], [ -55.9895, -31.0845 ], [ -55.9932, -31.0859 ], [ -56.011, -31.0834 ], [ -56.0152, -31.0869 ], [ -56.015, -31.0991 ], [ -56.0259, -31.1195 ], [ -56.0373, -31.1252 ], [ -56.0502, -31.1419 ], [ -56.0601, -31.1667 ], [ -56.0709, -31.175 ], [ -56.0703, -31.1976 ], [ -56.0823, -31.2074 ], [ -56.1062, -31.2072 ], [ -56.1328, -31.2159 ], [ -56.1364, -31.221 ], [ -56.145, -31.2204 ], [ -56.1551, -31.2359 ], [ -56.1783, -31.2407 ], [ -56.1852, -31.2457 ], [ -56.178, -31.2489 ], [ -56.1728, -31.2452 ], [ -56.1565, -31.2504 ], [ -56.1426, -31.2459 ], [ -56.1414, -31.2413 ], [ -56.1303, -31.234 ], [ -56.117, -31.2306 ], [ -56.0963, -31.2396 ], [ -56.0878, -31.2356 ], [ -56.0692, -31.2436 ], [ -56.063, -31.2527 ], [ -56.0491, -31.2572 ], [ -56.0367, -31.2678 ], [ -56.0281, -31.2702 ], [ -55.9907, -31.2931 ], [ -55.981, -31.2999 ], [ -55.9747, -31.3091 ], [ -55.9629, -31.308 ], [ -55.9516, -31.3126 ], [ -55.9471, -31.3195 ], [ -55.9502, -31.3248 ], [ -55.9378, -31.3341 ], [ -55.9219, -31.3346 ], [ -55.9204, -31.3414 ], [ -55.9137, -31.3434 ], [ -55.9068, -31.3516 ], [ -55.9021, -31.3516 ], [ -55.8953, -31.3451 ], [ -55.8941, -31.3501 ], [ -55.8734, -31.3602 ], [ -55.8645, -31.3573 ], [ -55.8559, -31.366 ], [ -55.8357, -31.3643 ], [ -55.8256, -31.3593 ], [ -55.8184, -31.371 ], [ -55.8215, -31.3727 ], [ -55.8179, -31.3759 ], [ -55.82, -31.3778 ], [ -55.8146, -31.3808 ], [ -55.8142, -31.3844 ], [ -55.809, -31.3849 ], [ -55.8091, -31.3887 ], [ -55.7997, -31.3969 ], [ -55.8028, -31.3971 ], [ -55.8043, -31.4035 ], [ -55.8034, -31.418 ], [ -55.81, -31.4274 ], [ -55.8033, -31.4321 ], [ -55.8089, -31.4337 ], [ -55.8067, -31.4468 ], [ -55.8107, -31.4522 ], [ -55.8132, -31.4512 ], [ -55.8113, -31.4553 ], [ -55.8161, -31.4595 ], [ -55.8109, -31.4646 ], [ -55.8082, -31.4768 ], [ -55.7999, -31.4768 ], [ -55.7902, -31.4828 ], [ -55.789, -31.488 ], [ -55.7914, -31.4899 ], [ -55.7843, -31.4933 ], [ -55.7763, -31.5069 ], [ -55.7529, -31.5085 ], [ -55.7504, -31.5204 ], [ -55.7404, -31.5305 ], [ -55.7337, -31.5328 ], [ -55.7286, -31.5306 ], [ -55.7255, -31.5367 ], [ -55.7148, -31.5372 ], [ -55.6896, -31.5273 ], [ -55.6731, -31.5395 ], [ -55.6766, -31.5501 ], [ -55.6728, -31.5537 ], [ -55.6824, -31.564 ], [ -55.6834, -31.5693 ], [ -55.6725, -31.57 ], [ -55.6515, -31.5901 ], [ -55.6599, -31.5961 ], [ -55.6577, -31.5988 ], [ -55.6636, -31.6069 ], [ -55.663, -31.6131 ], [ -55.6693, -31.618 ], [ -55.6575, -31.6252 ], [ -55.6534, -31.6252 ], [ -55.6528, -31.6204 ], [ -55.6461, -31.6217 ], [ -55.6468, -31.6255 ], [ -55.6411, -31.6256 ], [ -55.6427, -31.6351 ], [ -55.6394, -31.6367 ], [ -55.6473, -31.6456 ], [ -55.647, -31.6564 ], [ -55.6567, -31.6654 ], [ -55.6507, -31.6723 ], [ -55.6531, -31.6758 ], [ -55.651, -31.6803 ], [ -55.6557, -31.6816 ], [ -55.6572, -31.6774 ], [ -55.6592, -31.6795 ], [ -55.6596, -31.6867 ], [ -55.6543, -31.6902 ], [ -55.6559, -31.6977 ], [ -55.66, -31.7007 ], [ -55.6614, -31.7073 ], [ -55.6571, -31.7113 ], [ -55.6614, -31.717 ], [ -55.6436, -31.7256 ], [ -55.6401, -31.7288 ], [ -55.6423, -31.7304 ], [ -55.634, -31.736 ], [ -55.6355, -31.7397 ], [ -55.6306, -31.7414 ], [ -55.6302, -31.7473 ], [ -55.6347, -31.75 ], [ -55.6377, -31.7623 ], [ -55.6418, -31.7635 ], [ -55.6359, -31.7648 ], [ -55.6372, -31.7687 ], [ -55.6343, -31.7698 ], [ -55.6378, -31.7797 ], [ -55.6292, -31.7972 ], [ -55.619, -31.8001 ], [ -55.6119, -31.7972 ], [ -55.6044, -31.7888 ], [ -55.5996, -31.7909 ], [ -55.5874, -31.7883 ], [ -55.5888, -31.7855 ], [ -55.5793, -31.7786 ], [ -55.5804, -31.7765 ], [ -55.5725, -31.7738 ], [ -55.5736, -31.7789 ], [ -55.5662, -31.7748 ], [ -55.5603, -31.7775 ], [ -55.5523, -31.7737 ], [ -55.5469, -31.7768 ], [ -55.5484, -31.779 ], [ -55.5356, -31.7793 ], [ -55.5332, -31.7828 ], [ -55.5241, -31.7817 ], [ -55.5084, -31.7911 ], [ -55.4895, -31.7842 ], [ -55.4896, -31.788 ], [ -55.446, -31.7886 ], [ -55.4227, -31.7827 ], [ -55.4151, -31.7778 ], [ -55.3839, -31.7802 ], [ -55.365, -31.7737 ], [ -55.3555, -31.7762 ], [ -55.3413, -31.7749 ], [ -55.3282, -31.7881 ], [ -55.299, -31.7945 ], [ -55.2698, -31.808 ], [ -55.1899, -31.8109 ], [ -55.1851, -31.8127 ], [ -55.1837, -31.8206 ], [ -55.1753, -31.8223 ], [ -55.1673, -31.8212 ], [ -55.1562, -31.8133 ], [ -55.1294, -31.807 ], [ -55.0695, -31.81 ], [ -55.0593, -31.8217 ], [ -55.0401, -31.8309 ], [ -55.0164, -31.8292 ], [ -54.9935, -31.823 ], [ -54.9728, -31.8133 ], [ -54.9539, -31.8147 ], [ -54.9333, -31.8254 ], [ -54.8953, -31.8296 ], [ -54.8909, -31.8323 ], [ -54.8883, -31.8536 ], [ -54.8743, -31.8641 ], [ -54.8667, -31.8754 ], [ -54.8455, -31.8777 ], [ -54.8268, -31.9096 ], [ -54.7929, -31.9548 ], [ -54.7935, -31.9591 ], [ -54.7749, -31.9917 ], [ -54.7598, -32.001 ], [ -54.7295, -32.0404 ], [ -54.6903, -32.0807 ], [ -54.6673, -32.1099 ], [ -54.6606, -32.1048 ], [ -54.6399, -32.1014 ], [ -54.6243, -32.1037 ], [ -54.6224, -32.1074 ], [ -54.6176, -32.1035 ], [ -54.6123, -32.1058 ], [ -54.6138, -32.1103 ], [ -54.6023, -32.1066 ], [ -54.5968, -32.0993 ], [ -54.5896, -32.0985 ], [ -54.5896, -32.0905 ], [ -54.5716, -32.0853 ], [ -54.5761, -32.0835 ], [ -54.575, -32.0813 ], [ -54.5657, -32.0811 ], [ -54.5447, -32.0644 ], [ -54.5517, -32.0577 ], [ -54.5493, -32.0525 ], [ -54.5547, -32.0508 ], [ -54.5537, -32.0432 ], [ -54.5577, -32.0431 ], [ -54.5573, -32.0393 ], [ -54.5412, -32.0277 ], [ -54.5366, -32.0209 ], [ -54.5342, -32.0235 ], [ -54.5287, -32.0213 ], [ -54.5312, -32.0165 ], [ -54.5267, -32.0167 ], [ -54.538, -32.0071 ], [ -54.5314, -32.0047 ], [ -54.5386, -31.9997 ], [ -54.5401, -31.9941 ], [ -54.5339, -31.9873 ], [ -54.5471, -31.9826 ], [ -54.5478, -31.9802 ], [ -54.5385, -31.9798 ], [ -54.5479, -31.9743 ], [ -54.5415, -31.9679 ], [ -54.5365, -31.9686 ], [ -54.5265, -31.9577 ], [ -54.5285, -31.9517 ], [ -54.5244, -31.95 ], [ -54.5267, -31.9481 ], [ -54.525, -31.945 ], [ -54.5209, -31.9445 ], [ -54.5246, -31.9412 ], [ -54.5161, -31.9372 ], [ -54.5155, -31.931 ], [ -54.5107, -31.9262 ], [ -54.5155, -31.9117 ], [ -54.5087, -31.9127 ], [ -54.5079, -31.9033 ], [ -54.5048, -31.9018 ], [ -54.5123, -31.8978 ], [ -54.509, -31.8949 ], [ -54.5052, -31.8976 ], [ -54.5085, -31.888 ], [ -54.4902, -31.8839 ], [ -54.4929, -31.8793 ], [ -54.4906, -31.8679 ], [ -54.4882, -31.8701 ], [ -54.4818, -31.8663 ], [ -54.4843, -31.8594 ], [ -54.4805, -31.8592 ], [ -54.4807, -31.8539 ], [ -54.4732, -31.8518 ], [ -54.4751, -31.8485 ], [ -54.4798, -31.8506 ], [ -54.4835, -31.8471 ], [ -54.4613, -31.8365 ], [ -54.4651, -31.8313 ], [ -54.4601, -31.8292 ], [ -54.4634, -31.8249 ], [ -54.4597, -31.8198 ], [ -54.4647, -31.8136 ], [ -54.4603, -31.8124 ], [ -54.4549, -31.8034 ], [ -54.4597, -31.7976 ], [ -54.4554, -31.7952 ], [ -54.4574, -31.7918 ], [ -54.4551, -31.7883 ], [ -54.4603, -31.7913 ], [ -54.4615, -31.7893 ], [ -54.4568, -31.7802 ], [ -54.4658, -31.7839 ], [ -54.4646, -31.7698 ], [ -54.4766, -31.764 ], [ -54.4705, -31.7496 ], [ -54.4864, -31.7431 ], [ -54.4844, -31.7363 ], [ -54.48, -31.7366 ], [ -54.4795, -31.7274 ], [ -54.4706, -31.7259 ], [ -54.479, -31.7219 ], [ -54.4773, -31.7182 ], [ -54.4798, -31.717 ], [ -54.4828, -31.7009 ], [ -54.4708, -31.6927 ], [ -54.4716, -31.6899 ], [ -54.4743, -31.6926 ], [ -54.4761, -31.69 ], [ -54.4694, -31.6828 ], [ -54.4717, -31.6779 ], [ -54.4694, -31.6746 ], [ -54.4738, -31.6728 ], [ -54.4642, -31.6628 ], [ -54.4671, -31.6583 ], [ -54.4653, -31.6548 ], [ -54.4598, -31.654 ], [ -54.4601, -31.6576 ], [ -54.4578, -31.6571 ], [ -54.458, -31.6517 ], [ -54.4519, -31.6422 ], [ -54.4551, -31.6353 ], [ -54.454, -31.629 ], [ -54.461, -31.6267 ], [ -54.4602, -31.6222 ], [ -54.4647, -31.6192 ], [ -54.4632, -31.6142 ], [ -54.4667, -31.6129 ], [ -54.4601, -31.6059 ], [ -54.4566, -31.6069 ], [ -54.457, -31.6013 ], [ -54.4529, -31.6034 ], [ -54.4527, -31.5995 ], [ -54.4582, -31.5979 ], [ -54.4578, -31.5943 ], [ -54.4627, -31.5925 ], [ -54.464, -31.5884 ], [ -54.4697, -31.5924 ], [ -54.4729, -31.5704 ], [ -54.4803, -31.57 ], [ -54.4934, -31.5587 ], [ -54.4905, -31.55 ], [ -54.5014, -31.5374 ], [ -54.503, -31.5271 ], [ -54.51, -31.5215 ], [ -54.5155, -31.5104 ], [ -54.5205, -31.5083 ], [ -54.5236, -31.5106 ], [ -54.5241, -31.5049 ], [ -54.5481, -31.498 ], [ -54.5539, -31.4923 ], [ -54.557, -31.495 ], [ -54.5608, -31.4871 ], [ -54.5668, -31.4872 ], [ -54.5753, -31.482 ], [ -54.5796, -31.4674 ], [ -54.5879, -31.4599 ], [ -54.5865, -31.4566 ], [ -54.6702, -31.4541 ], [ -54.6767, -31.4476 ], [ -54.6846, -31.4448 ], [ -54.6922, -31.4461 ], [ -54.7011, -31.4352 ], [ -54.7036, -31.4392 ], [ -54.7193, -31.4384 ], [ -54.7246, -31.4295 ], [ -54.7354, -31.4297 ], [ -54.7388, -31.4255 ], [ -54.7503, -31.4273 ], [ -54.7519, -31.4245 ], [ -54.7685, -31.4261 ], [ -54.7893, -31.4349 ], [ -54.8048, -31.429 ], [ -54.8118, -31.4319 ], [ -54.8118, -31.4349 ], [ -54.8272, -31.4364 ], [ -54.8365, -31.442 ], [ -54.8573, -31.4182 ], [ -54.8617, -31.4179 ], [ -54.8581, -31.408 ], [ -54.8782, -31.398 ], [ -54.8875, -31.3832 ], [ -54.8843, -31.3811 ], [ -54.8862, -31.3773 ], [ -54.892, -31.3749 ], [ -54.8997, -31.3763 ], [ -54.8981, -31.3814 ], [ -54.9049, -31.384 ], [ -54.9183, -31.379 ], [ -54.9326, -31.3851 ], [ -54.9406, -31.3808 ], [ -54.9372, -31.3702 ], [ -54.9338, -31.3693 ], [ -54.9369, -31.3642 ], [ -54.9351, -31.3603 ], [ -54.9388, -31.3541 ], [ -54.9516, -31.3517 ], [ -54.9531, -31.3546 ], [ -54.9601, -31.3515 ], [ -54.9603, -31.342 ], [ -54.9529, -31.3393 ], [ -54.9533, -31.3319 ], [ -54.9575, -31.3244 ], [ -54.9783, -31.3169 ], [ -54.9823, -31.3119 ], [ -54.9796, -31.3032 ], [ -54.9815, -31.2961 ], [ -54.9954, -31.2883 ], [ -54.9943, -31.2828 ], [ -55.0003, -31.2826 ], [ -55.002, -31.2689 ], [ -55.0069, -31.2668 ], [ -55.0082, -31.2699 ], [ -55.0201, -31.267 ], [ -55.0314, -31.2695 ], [ -55.0363, -31.2757 ], [ -55.0317, -31.2784 ], [ -55.0355, -31.2842 ], [ -55.0331, -31.2916 ], [ -55.0361, -31.2915 ], [ -55.0419, -31.3072 ], [ -55.0476, -31.3074 ], [ -55.0529, -31.3139 ], [ -55.0597, -31.3153 ], [ -55.0566, -31.3192 ], [ -55.0616, -31.3247 ], [ -55.0571, -31.3319 ], [ -55.0741, -31.3321 ], [ -55.0878, -31.3197 ], [ -55.1028, -31.3151 ], [ -55.109, -31.3077 ], [ -55.122, -31.3129 ], [ -55.1221, -31.3048 ], [ -55.1255, -31.3025 ], [ -55.1365, -31.3016 ], [ -55.1492, -31.2953 ], [ -55.1566, -31.2854 ], [ -55.1633, -31.2857 ], [ -55.1662, -31.281 ], [ -55.1629, -31.2792 ], [ -55.1636, -31.2761 ], [ -55.1691, -31.2694 ], [ -55.1798, -31.2705 ], [ -55.1836, -31.2653 ], [ -55.2021, -31.2618 ], [ -55.2135, -31.2633 ], [ -55.235, -31.2584 ], [ -55.2401, -31.2607 ], [ -55.2402, -31.2537 ], [ -55.2465, -31.2521 ], [ -55.2482, -31.2481 ], [ -55.2475, -31.2161 ], [ -55.2539, -31.2112 ], [ -55.25, -31.206 ], [ -55.2627, -31.1947 ], [ -55.2826, -31.1939 ], [ -55.2855, -31.1855 ], [ -55.2707, -31.1771 ], [ -55.2744, -31.1702 ], [ -55.2806, -31.17 ], [ -55.2842, -31.1648 ], [ -55.2909, -31.1639 ], [ -55.2903, -31.1593 ], [ -55.2852, -31.1563 ], [ -55.2906, -31.1503 ], [ -55.291, -31.1423 ], [ -55.2976, -31.1447 ], [ -55.3053, -31.1412 ], [ -55.3132, -31.1472 ], [ -55.3187, -31.1452 ], [ -55.3209, -31.1361 ], [ -55.3264, -31.1381 ], [ -55.3402, -31.1315 ], [ -55.3371, -31.12 ], [ -55.33, -31.1167 ], [ -55.3289, -31.1104 ], [ -55.3341, -31.105 ], [ -55.3336, -31.0988 ], [ -55.3276, -31.0883 ], [ -55.339, -31.0852 ], [ -55.3496, -31.0725 ], [ -55.3499, -31.068 ], [ -55.3523, -31.0706 ], [ -55.3599, -31.0675 ], [ -55.3529, -31.0571 ], [ -55.3498, -31.0392 ], [ -55.3597, -31.0403 ], [ -55.3695, -31.0344 ], [ -55.3737, -31.0279 ], [ -55.3714, -31.0235 ], [ -55.3741, -31.0192 ], [ -55.3802, -31.0236 ], [ -55.3873, -31.0207 ], [ -55.4002, -31.0287 ], [ -55.4053, -31.0275 ], [ -55.4069, -31.0189 ], [ -55.415, -31.0145 ], [ -55.4233, -31.0179 ], [ -55.425, -31.0117 ], [ -55.4371, -31.0047 ], [ -55.4344, -31.001 ], [ -55.4374, -30.9941 ], [ -55.4316, -30.9927 ], [ -55.4291, -30.9868 ], [ -55.4246, -30.9856 ], [ -55.433, -30.9728 ], [ -55.4381, -30.9726 ], [ -55.4413, -30.9599 ], [ -55.4526, -30.9606 ], [ -55.4574, -30.9515 ], [ -55.4784, -30.9538 ], [ -55.4867, -30.9478 ], [ -55.4899, -30.9387 ], [ -55.4863, -30.9284 ], [ -55.4884, -30.9257 ], [ -55.5039, -30.925 ], [ -55.51, -30.9114 ], [ -55.5079, -30.9044 ], [ -55.5101, -30.902 ], [ -55.525, -30.898 ], [ -55.5324, -30.9025 ], [ -55.5336, -30.8973 ], [ -55.5457, -30.8906 ], [ -55.5544, -30.8727 ], [ -55.5633, -30.8687 ], [ -55.5646, -30.8568 ], [ -55.5622, -30.8551 ], [ -55.567, -30.8455 ], [ -55.5772, -30.8433 ], [ -55.5784, -30.8329 ], [ -55.5849, -30.8363 ], [ -55.5864, -30.8412 ], [ -55.6042, -30.85 ], [ -55.6186, -30.8418 ], [ -55.6289, -30.8482 ], [ -55.6326, -30.8453 ], [ -55.6379, -30.8463 ], [ -55.6466, -30.8551 ], [ -55.6453, -30.8576 ], [ -55.6498, -30.8662 ], [ -55.6579, -30.8636 ], [ -55.6631, -30.8738 ], [ -55.6529, -30.8833 ], [ -55.6558, -30.885 ], [ -55.6541, -30.8965 ], [ -55.6422, -30.9116 ], [ -55.6485, -30.9231 ], [ -55.6562, -30.9249 ], [ -55.6638, -30.9331 ], [ -55.6587, -30.9437 ], [ -55.6619, -30.9487 ], [ -55.6647, -30.9468 ], [ -55.6663, -30.954 ], [ -55.6766, -30.9559 ], [ -55.6887, -30.9525 ], [ -55.689, -30.9449 ], [ -55.6951, -30.9435 ], [ -55.7042, -30.9552 ], [ -55.7098, -30.9548 ], [ -55.7162, -30.943 ], [ -55.7241, -30.9428 ], [ -55.7212, -30.9454 ], [ -55.7246, -30.9512 ], [ -55.7241, -30.9662 ], [ -55.7314, -30.9742 ], [ -55.7279, -30.9793 ], [ -55.7465, -30.9796 ], [ -55.7455, -30.9853 ], [ -55.7519, -30.9986 ], [ -55.763, -31.0 ], [ -55.7732, -30.9969 ], [ -55.7745, -31.0 ], [ -55.7676, -31.0034 ], [ -55.7664, -31.0099 ], [ -55.7691, -31.012 ], [ -55.7808, -31.017 ], [ -55.8124, -31.015 ], [ -55.812, -31.0215 ], [ -55.8318, -31.0441 ] ] ] } },
{ "type": "Feature", "properties": { }, "geometry": { "type": "Polygon", "coordinates": [ [ [ -57.095, -30.1209 ], [ -57.0962, -30.1146 ], [ -57.1164, -30.1144 ], [ -57.1139, -30.127 ], [ -57.1048, -30.1259 ], [ -57.1071, -30.1324 ], [ -57.1051, -30.1351 ], [ -57.1146, -30.1451 ], [ -57.1295, -30.1414 ], [ -57.1344, -30.157 ], [ -57.144, -30.1657 ], [ -57.1443, -30.1718 ], [ -57.1581, -30.1845 ], [ -57.1587, -30.1925 ], [ -57.1681, -30.1986 ], [ -57.1655, -30.2033 ], [ -57.1683, -30.2077 ], [ -57.1645, -30.2124 ], [ -57.1679, -30.2169 ], [ -57.1625, -30.2169 ], [ -57.1654, -30.2241 ], [ -57.155, -30.2339 ], [ -57.1617, -30.2426 ], [ -57.1672, -30.2419 ], [ -57.1681, -30.2494 ], [ -57.1766, -30.2511 ], [ -57.1956, -30.2646 ], [ -57.2029, -30.2849 ], [ -57.2206, -30.2894 ], [ -57.2501, -30.2891 ], [ -57.2553, -30.282 ], [ -57.2525, -30.2748 ], [ -57.2588, -30.2667 ], [ -57.2689, -30.2715 ], [ -57.269, -30.2844 ], [ -57.2776, -30.2929 ], [ -57.2858, -30.2938 ], [ -57.2941, -30.2864 ], [ -57.306, -30.2647 ], [ -57.315, -30.2581 ], [ -57.3218, -30.2717 ], [ -57.3402, -30.277 ], [ -57.3534, -30.2853 ], [ -57.3576, -30.2834 ], [ -57.3612, -30.2717 ], [ -57.374, -30.2761 ], [ -57.39, -30.2963 ], [ -57.3882, -30.3024 ], [ -57.3947, -30.3048 ], [ -57.4101, -30.3008 ], [ -57.4204, -30.3028 ], [ -57.4211, -30.2885 ], [ -57.4147, -30.2812 ], [ -57.4174, -30.2785 ], [ -57.4289, -30.2751 ], [ -57.4515, -30.2769 ], [ -57.4641, -30.2661 ], [ -57.4884, -30.2687 ], [ -57.499, -30.2894 ], [ -57.5238, -30.286 ], [ -57.5499, -30.2741 ], [ -57.5539, -30.2659 ], [ -57.5673, -30.2564 ], [ -57.5575, -30.2354 ], [ -57.5555, -30.213 ], [ -57.6082, -30.1889 ], [ -57.6303, -30.1872 ], [ -57.6422, -30.1927 ], [ -57.6439, -30.1982 ], [ -57.6414, -30.2025 ], [ -57.6181, -30.2285 ], [ -57.6155, -30.2267 ], [ -57.615, -30.2295 ], [ -57.6177, -30.2291 ], [ -57.6137, -30.2337 ], [ -57.6096, -30.2522 ], [ -57.6086, -30.2467 ], [ -57.61, -30.2424 ], [ -57.6083, -30.2466 ], [ -57.6092, -30.257 ], [ -57.6157, -30.2778 ], [ -57.6304, -30.3139 ], [ -57.6301, -30.3301 ], [ -57.6351, -30.3432 ], [ -57.6521, -30.357 ], [ -57.6587, -30.3668 ], [ -57.6768, -30.376 ], [ -57.6899, -30.3879 ], [ -57.7228, -30.4072 ], [ -57.7574, -30.4185 ], [ -57.7762, -30.4419 ], [ -57.8435, -30.4746 ], [ -57.8521, -30.4958 ], [ -57.8701, -30.5101 ], [ -57.8769, -30.5297 ], [ -57.8771, -30.5385 ], [ -57.8699, -30.5454 ], [ -57.8692, -30.5531 ], [ -57.8605, -30.5624 ], [ -57.8551, -30.5601 ], [ -57.849, -30.564 ], [ -57.8407, -30.5805 ], [ -57.8387, -30.5975 ], [ -57.8275, -30.6231 ], [ -57.8329, -30.64 ], [ -57.8312, -30.6499 ], [ -57.8231, -30.6636 ], [ -57.8157, -30.6647 ], [ -57.818, -30.668 ], [ -57.8152, -30.6712 ], [ -57.8093, -30.6764 ], [ -57.8025, -30.6765 ], [ -57.8078, -30.683 ], [ -57.7998, -30.6863 ], [ -57.8011, -30.6915 ], [ -57.7954, -30.6968 ], [ -57.7959, -30.7001 ], [ -57.786, -30.6974 ], [ -57.7856, -30.7004 ], [ -57.7935, -30.7078 ], [ -57.7902, -30.7106 ], [ -57.7929, -30.7136 ], [ -57.791, -30.7183 ], [ -57.7963, -30.7253 ], [ -57.7993, -30.7409 ], [ -57.7966, -30.7418 ], [ -57.8002, -30.7441 ], [ -57.7965, -30.7501 ], [ -57.8005, -30.7519 ], [ -57.7981, -30.7581 ], [ -57.7928, -30.758 ], [ -57.7971, -30.7614 ], [ -57.7943, -30.7622 ], [ -57.7948, -30.7669 ], [ -57.7861, -30.7733 ], [ -57.7707, -30.768 ], [ -57.7703, -30.7574 ], [ -57.7765, -30.7472 ], [ -57.7714, -30.7413 ], [ -57.7657, -30.7411 ], [ -57.7568, -30.7486 ], [ -57.7443, -30.7447 ], [ -57.7194, -30.7562 ], [ -57.7065, -30.754 ], [ -57.6975, -30.7601 ], [ -57.6974, -30.7645 ], [ -57.6918, -30.7705 ], [ -57.6778, -30.776 ], [ -57.6772, -30.7806 ], [ -57.6741, -30.7793 ], [ -57.6527, -30.7908 ], [ -57.6438, -30.7897 ], [ -57.6392, -30.7925 ], [ -57.6243, -30.8163 ], [ -57.6139, -30.8184 ], [ -57.6049, -30.8265 ], [ -57.5883, -30.8523 ], [ -57.5805, -30.8582 ], [ -57.5592, -30.8648 ], [ -57.5312, -30.8543 ], [ -57.5197, -30.8577 ], [ -57.4821, -30.8491 ], [ -57.3561, -30.9307 ], [ -57.3145, -30.9311 ], [ -57.2949, -30.9517 ], [ -57.2851, -30.9542 ], [ -57.2798, -30.9612 ], [ -57.2404, -30.9622 ], [ -57.23, -30.9715 ], [ -57.2217, -30.9722 ], [ -57.2152, -30.9781 ], [ -57.2154, -30.9858 ], [ -57.2098, -30.9953 ], [ -57.1945, -30.9966 ], [ -57.1891, -31.0046 ], [ -57.181, -31.0094 ], [ -57.1813, -31.0162 ], [ -57.1768, -31.0227 ], [ -57.1572, -31.0314 ], [ -57.1378, -31.0357 ], [ -57.124, -31.0459 ], [ -57.1151, -31.0446 ], [ -57.1002, -31.057 ], [ -57.0836, -31.0562 ], [ -57.0719, -31.0706 ], [ -57.049, -31.0524 ], [ -57.0305, -31.0499 ], [ -57.0217, -31.0453 ], [ -57.0126, -31.0483 ], [ -57.0083, -31.0456 ], [ -56.9999, -31.0473 ], [ -56.9867, -31.0389 ], [ -56.9638, -31.0441 ], [ -56.947, -31.0366 ], [ -56.9038, -31.0345 ], [ -56.881, -31.0379 ], [ -56.8617, -31.0462 ], [ -56.8505, -31.0465 ], [ -56.8372, -31.0411 ], [ -56.83, -31.0453 ], [ -56.8103, -31.0484 ], [ -56.8071, -31.0519 ], [ -56.7988, -31.0492 ], [ -56.7756, -31.0547 ], [ -56.7531, -31.0487 ], [ -56.7388, -31.0496 ], [ -56.7105, -31.0399 ], [ -56.7011, -31.0397 ], [ -56.6831, -31.0284 ], [ -56.6627, -31.0089 ], [ -56.6056, -31.0053 ], [ -56.5763, -30.986 ], [ -56.57, -30.9888 ], [ -56.5468, -30.9884 ], [ -56.5043, -30.9539 ], [ -56.4626, -30.941 ], [ -56.4528, -30.927 ], [ -56.4507, -30.9172 ], [ -56.4557, -30.9085 ], [ -56.4534, -30.9022 ], [ -56.4292, -30.8921 ], [ -56.4044, -30.8772 ], [ -56.393, -30.887 ], [ -56.3707, -30.8951 ], [ -56.3657, -30.9008 ], [ -56.3532, -30.9009 ], [ -56.351, -30.909 ], [ -56.3419, -30.9145 ], [ -56.3287, -30.9109 ], [ -56.3105, -30.9217 ], [ -56.2943, -30.9246 ], [ -56.2839, -30.9232 ], [ -56.2701, -30.9154 ], [ -56.262, -30.9154 ], [ -56.2553, -30.9264 ], [ -56.2424, -30.9265 ], [ -56.2204, -30.9389 ], [ -56.2078, -30.9379 ], [ -56.1946, -30.9313 ], [ -56.1877, -30.9343 ], [ -56.1816, -30.9314 ], [ -56.1668, -30.9445 ], [ -56.1423, -30.9551 ], [ -56.1412, -30.993 ], [ -56.0833, -31.0125 ], [ -56.0677, -31.0427 ], [ -56.0405, -31.0563 ], [ -56.0341, -31.0645 ], [ -56.0095, -31.0826 ], [ -55.9933, -31.0858 ], [ -55.9897, -31.0847 ], [ -55.9862, -31.076 ], [ -55.9779, -31.0741 ], [ -55.9652, -31.0757 ], [ -55.9323, -31.0894 ], [ -55.9281, -31.0885 ], [ -55.9254, -31.0769 ], [ -55.9194, -31.0727 ], [ -55.9098, -31.0729 ], [ -55.8989, -31.067 ], [ -55.8859, -31.0783 ], [ -55.8718, -31.0733 ], [ -55.8568, -31.0477 ], [ -55.8516, -31.0439 ], [ -55.831, -31.0439 ], [ -55.8243, -31.0372 ], [ -55.8178, -31.0276 ], [ -55.8275, -31.0326 ], [ -55.8254, -31.0192 ], [ -55.8336, -31.0149 ], [ -55.8416, -31.0005 ], [ -55.8683, -30.9846 ], [ -55.8776, -30.9747 ], [ -55.8898, -30.9754 ], [ -55.8925, -30.97 ], [ -55.9111, -30.9581 ], [ -55.9136, -30.9494 ], [ -55.9229, -30.9504 ], [ -55.9377, -30.943 ], [ -55.9442, -30.9282 ], [ -55.9549, -30.9278 ], [ -55.9639, -30.9105 ], [ -55.9625, -30.9018 ], [ -55.9655, -30.8953 ], [ -55.9815, -30.882 ], [ -55.992, -30.8482 ], [ -56.0047, -30.8394 ], [ -56.0042, -30.8301 ], [ -56.0088, -30.8201 ], [ -56.0168, -30.8182 ], [ -56.0127, -30.807 ], [ -56.0155, -30.8026 ], [ -56.0244, -30.799 ], [ -56.0209, -30.7915 ], [ -56.0226, -30.786 ], [ -56.0351, -30.7842 ], [ -56.0394, -30.7751 ], [ -56.062, -30.7747 ], [ -56.0665, -30.7642 ], [ -56.0645, -30.7525 ], [ -56.0684, -30.7469 ], [ -56.0739, -30.7452 ], [ -56.0884, -30.7574 ], [ -56.0958, -30.7535 ], [ -56.1063, -30.732 ], [ -56.1164, -30.7327 ], [ -56.1244, -30.739 ], [ -56.1324, -30.7319 ], [ -56.1284, -30.7203 ], [ -56.1321, -30.7136 ], [ -56.1507, -30.7049 ], [ -56.1498, -30.6932 ], [ -56.1389, -30.688 ], [ -56.1378, -30.6847 ], [ -56.1439, -30.6795 ], [ -56.1518, -30.6805 ], [ -56.1651, -30.6658 ], [ -56.1698, -30.653 ], [ -56.165, -30.642 ], [ -56.1805, -30.6321 ], [ -56.183, -30.6264 ], [ -56.1789, -30.6212 ], [ -56.1716, -30.6188 ], [ -56.1708, -30.615 ], [ -56.1923, -30.604 ], [ -56.2196, -30.6074 ], [ -56.2246, -30.5971 ], [ -56.2344, -30.5934 ], [ -56.2346, -30.5874 ], [ -56.224, -30.584 ], [ -56.226, -30.5785 ], [ -56.2333, -30.575 ], [ -56.2454, -30.5744 ], [ -56.2557, -30.5879 ], [ -56.2619, -30.5846 ], [ -56.2615, -30.5702 ], [ -56.2562, -30.5666 ], [ -56.258, -30.5619 ], [ -56.2656, -30.5546 ], [ -56.2757, -30.5607 ], [ -56.2816, -30.5604 ], [ -56.2786, -30.5534 ], [ -56.2883, -30.5409 ], [ -56.2896, -30.5294 ], [ -56.2866, -30.5281 ], [ -56.2918, -30.52 ], [ -56.296, -30.5259 ], [ -56.3006, -30.5256 ], [ -56.3059, -30.5301 ], [ -56.3222, -30.5316 ], [ -56.336, -30.524 ], [ -56.3351, -30.5116 ], [ -56.3473, -30.5053 ], [ -56.3496, -30.4971 ], [ -56.3562, -30.4915 ], [ -56.3642, -30.4922 ], [ -56.3649, -30.4962 ], [ -56.36, -30.4958 ], [ -56.3595, -30.4995 ], [ -56.3667, -30.503 ], [ -56.3834, -30.4984 ], [ -56.3893, -30.4931 ], [ -56.3841, -30.4929 ], [ -56.3877, -30.4905 ], [ -56.3865, -30.4869 ], [ -56.3957, -30.4848 ], [ -56.3965, -30.4717 ], [ -56.4016, -30.4746 ], [ -56.4061, -30.47 ], [ -56.4071, -30.4601 ], [ -56.4014, -30.46 ], [ -56.3979, -30.4491 ], [ -56.4071, -30.4471 ], [ -56.4118, -30.4427 ], [ -56.4162, -30.4312 ], [ -56.4277, -30.4351 ], [ -56.4392, -30.4324 ], [ -56.4537, -30.4226 ], [ -56.4444, -30.4125 ], [ -56.4542, -30.4015 ], [ -56.4614, -30.385 ], [ -56.4757, -30.389 ], [ -56.4839, -30.3989 ], [ -56.4896, -30.3985 ], [ -56.4967, -30.3866 ], [ -56.5067, -30.382 ], [ -56.5049, -30.3709 ], [ -56.5178, -30.3608 ], [ -56.5462, -30.3601 ], [ -56.5443, -30.3526 ], [ -56.5516, -30.3429 ], [ -56.5372, -30.3345 ], [ -56.5416, -30.313 ], [ -56.5464, -30.3116 ], [ -56.5567, -30.3198 ], [ -56.5631, -30.3115 ], [ -56.5758, -30.3037 ], [ -56.5764, -30.2891 ], [ -56.5964, -30.2954 ], [ -56.6051, -30.2926 ], [ -56.6127, -30.3003 ], [ -56.6192, -30.3007 ], [ -56.6215, -30.2935 ], [ -56.6114, -30.288 ], [ -56.6071, -30.2819 ], [ -56.612, -30.2638 ], [ -56.6151, -30.2613 ], [ -56.6283, -30.2667 ], [ -56.6374, -30.2605 ], [ -56.6405, -30.255 ], [ -56.6305, -30.2543 ], [ -56.6251, -30.2457 ], [ -56.6419, -30.2343 ], [ -56.6492, -30.2213 ], [ -56.6649, -30.2221 ], [ -56.6683, -30.219 ], [ -56.6479, -30.2107 ], [ -56.6466, -30.2044 ], [ -56.6517, -30.2073 ], [ -56.6625, -30.1979 ], [ -56.6791, -30.2002 ], [ -56.6811, -30.1943 ], [ -56.6973, -30.2049 ], [ -56.708, -30.1889 ], [ -56.7059, -30.1762 ], [ -56.7178, -30.1803 ], [ -56.7298, -30.1715 ], [ -56.7585, -30.161 ], [ -56.7769, -30.1635 ], [ -56.785, -30.1513 ], [ -56.7779, -30.1343 ], [ -56.7806, -30.1262 ], [ -56.8004, -30.1214 ], [ -56.807, -30.1038 ], [ -56.8173, -30.1069 ], [ -56.824, -30.0958 ], [ -56.8428, -30.0899 ], [ -56.8579, -30.089 ], [ -56.8701, -30.0938 ], [ -56.8743, -30.0864 ], [ -56.8848, -30.0874 ], [ -56.8882, -30.0895 ], [ -56.8919, -30.1016 ], [ -56.9042, -30.1135 ], [ -56.9059, -30.1078 ], [ -56.9143, -30.1101 ], [ -56.9109, -30.1028 ], [ -56.9164, -30.0963 ], [ -56.9343, -30.0942 ], [ -56.9562, -30.1011 ], [ -56.9768, -30.0976 ], [ -56.9815, -30.0889 ], [ -56.9927, -30.0858 ], [ -57.0225, -30.0873 ], [ -57.0287, -30.0929 ], [ -57.0299, -30.1005 ], [ -57.0398, -30.1046 ], [ -57.0448, -30.1052 ], [ -57.0563, -30.0988 ], [ -57.0666, -30.1018 ], [ -57.0671, -30.0912 ], [ -57.0612, -30.0901 ], [ -57.0669, -30.0856 ], [ -57.0867, -30.1005 ], [ -57.0919, -30.112 ], [ -57.0856, -30.1099 ], [ -57.085, -30.1155 ], [ -57.095, -30.1209 ] ] ] } },
{ "type": "Feature", "properties": { }, "geometry": { "type": "Polygon", "coordinates": [ [ [ -57.7443, -30.7447 ], [ -57.7568, -30.7486 ], [ -57.7657, -30.7411 ], [ -57.7714, -30.7413 ], [ -57.7765, -30.7472 ], [ -57.7703, -30.7574 ], [ -57.7707, -30.768 ], [ -57.7861, -30.7733 ], [ -57.7799, -30.7863 ], [ -57.7851, -30.7851 ], [ -57.7875, -30.79 ], [ -57.7912, -30.8037 ], [ -57.7853, -30.8102 ], [ -57.7929, -30.8106 ], [ -57.7936, -30.818 ], [ -57.7896, -30.8205 ], [ -57.7941, -30.8231 ], [ -57.7917, -30.8265 ], [ -57.7936, -30.8357 ], [ -57.791, -30.8398 ], [ -57.7855, -30.8406 ], [ -57.7848, -30.8445 ], [ -57.7922, -30.8435 ], [ -57.7898, -30.8468 ], [ -57.7939, -30.8552 ], [ -57.7868, -30.86 ], [ -57.7954, -30.8603 ], [ -57.7972, -30.8642 ], [ -57.7929, -30.8656 ], [ -57.7969, -30.8668 ], [ -57.7943, -30.8706 ], [ -57.7875, -30.8695 ], [ -57.7902, -30.8724 ], [ -57.7858, -30.8743 ], [ -57.7936, -30.8792 ], [ -57.7893, -30.8895 ], [ -57.7891, -30.9166 ], [ -57.7957, -30.9207 ], [ -57.8104, -30.9418 ], [ -57.8176, -30.9462 ], [ -57.8226, -30.9421 ], [ -57.831, -30.9463 ], [ -57.8346, -30.9384 ], [ -57.8424, -30.9432 ], [ -57.8525, -30.9357 ], [ -57.8561, -30.9398 ], [ -57.8623, -30.9351 ], [ -57.8684, -30.9428 ], [ -57.8732, -30.9436 ], [ -57.8746, -30.9492 ], [ -57.8796, -30.9509 ], [ -57.8768, -30.9558 ], [ -57.8793, -30.9585 ], [ -57.8772, -30.9624 ], [ -57.8802, -30.9648 ], [ -57.8781, -30.9709 ], [ -57.8572, -30.9786 ], [ -57.8521, -30.9989 ], [ -57.8539, -31.0035 ], [ -57.8514, -31.0048 ], [ -57.8541, -31.0072 ], [ -57.8497, -31.01 ], [ -57.8533, -31.0136 ], [ -57.8394, -31.0173 ], [ -57.8398, -31.0207 ], [ -57.8504, -31.02 ], [ -57.8552, -31.0256 ], [ -57.8438, -31.0289 ], [ -57.8531, -31.0318 ], [ -57.8413, -31.0391 ], [ -57.8553, -31.0368 ], [ -57.8463, -31.0509 ], [ -57.8561, -31.0469 ], [ -57.8595, -31.0657 ], [ -57.8525, -31.0719 ], [ -57.8614, -31.0699 ], [ -57.8584, -31.0807 ], [ -57.8699, -31.099 ], [ -57.876, -31.1021 ], [ -57.8709, -31.11 ], [ -57.8796, -31.1088 ], [ -57.883, -31.105 ], [ -57.8842, -31.1095 ], [ -57.8877, -31.1073 ], [ -57.8867, -31.1161 ], [ -57.896, -31.1262 ], [ -57.8973, -31.1428 ], [ -57.8888, -31.1482 ], [ -57.8945, -31.152 ], [ -57.8948, -31.1726 ], [ -57.8877, -31.1754 ], [ -57.894, -31.1783 ], [ -57.8909, -31.1831 ], [ -57.8931, -31.189 ], [ -57.8829, -31.2099 ], [ -57.8782, -31.2127 ], [ -57.9004, -31.2263 ], [ -57.8952, -31.2299 ], [ -57.8958, -31.235 ], [ -57.9032, -31.2313 ], [ -57.9004, -31.2383 ], [ -57.9071, -31.2361 ], [ -57.9067, -31.2388 ], [ -57.8964, -31.2395 ], [ -57.8972, -31.242 ], [ -57.8931, -31.2427 ], [ -57.8951, -31.2449 ], [ -57.8893, -31.2473 ], [ -57.8918, -31.2502 ], [ -57.8959, -31.2491 ], [ -57.8944, -31.2544 ], [ -57.9013, -31.2469 ], [ -57.9004, -31.2531 ], [ -57.9078, -31.25 ], [ -57.9038, -31.2606 ], [ -57.9073, -31.2605 ], [ -57.9098, -31.2554 ], [ -57.9145, -31.2564 ], [ -57.9103, -31.2598 ], [ -57.9143, -31.2645 ], [ -57.9096, -31.2662 ], [ -57.9163, -31.2677 ], [ -57.9135, -31.2743 ], [ -57.9244, -31.2714 ], [ -57.9191, -31.2789 ], [ -57.9259, -31.2804 ], [ -57.9331, -31.277 ], [ -57.9752, -31.3183 ], [ -57.986, -31.3596 ], [ -57.9815, -31.3732 ], [ -57.9713, -31.3841 ], [ -57.9769, -31.3834 ], [ -57.9742, -31.3872 ], [ -58.0013, -31.4115 ], [ -58.0485, -31.4352 ], [ -58.0725, -31.4537 ], [ -58.0789, -31.4733 ], [ -58.075, -31.4846 ], [ -58.0629, -31.4959 ], [ -58.0538, -31.4982 ], [ -58.0532, -31.4939 ], [ -58.053, -31.4984 ], [ -58.0335, -31.5039 ], [ -58.0306, -31.496 ], [ -58.0197, -31.4867 ], [ -57.9917, -31.4867 ], [ -57.9782, -31.4837 ], [ -57.9622, -31.504 ], [ -57.9348, -31.5017 ], [ -57.9314, -31.4957 ], [ -57.9439, -31.4928 ], [ -57.954, -31.4832 ], [ -57.9527, -31.469 ], [ -57.9583, -31.4599 ], [ -57.9486, -31.461 ], [ -57.9263, -31.4708 ], [ -57.9198, -31.4593 ], [ -57.8965, -31.4585 ], [ -57.8863, -31.4524 ], [ -57.8777, -31.4547 ], [ -57.8766, -31.4614 ], [ -57.8798, -31.4652 ], [ -57.8767, -31.4681 ], [ -57.8585, -31.467 ], [ -57.8517, -31.4622 ], [ -57.8425, -31.4741 ], [ -57.8293, -31.4742 ], [ -57.825, -31.4805 ], [ -57.8137, -31.4782 ], [ -57.7978, -31.481 ], [ -57.7845, -31.4751 ], [ -57.7798, -31.4806 ], [ -57.7849, -31.4926 ], [ -57.7737, -31.5071 ], [ -57.7744, -31.5188 ], [ -57.7536, -31.5272 ], [ -57.7558, -31.5344 ], [ -57.7466, -31.5418 ], [ -57.745, -31.5584 ], [ -57.7384, -31.5716 ], [ -57.7253, -31.5724 ], [ -57.7091, -31.5681 ], [ -57.7024, -31.5717 ], [ -57.6941, -31.568 ], [ -57.6904, -31.5765 ], [ -57.6822, -31.577 ], [ -57.6793, -31.5802 ], [ -57.6667, -31.5721 ], [ -57.6561, -31.5783 ], [ -57.6456, -31.5693 ], [ -57.6343, -31.5847 ], [ -57.6154, -31.5843 ], [ -57.5942, -31.5917 ], [ -57.5793, -31.59 ], [ -57.5673, -31.593 ], [ -57.5419, -31.6044 ], [ -57.5045, -31.6332 ], [ -57.4643, -31.6511 ], [ -57.4283, -31.6616 ], [ -57.4126, -31.6629 ], [ -57.4041, -31.66 ], [ -57.3733, -31.6648 ], [ -57.3603, -31.6806 ], [ -57.3616, -31.6851 ], [ -57.3482, -31.687 ], [ -57.3387, -31.7028 ], [ -57.3313, -31.7075 ], [ -57.3147, -31.729 ], [ -57.2858, -31.7323 ], [ -57.2612, -31.7446 ], [ -57.2333, -31.7477 ], [ -57.2205, -31.7597 ], [ -57.1983, -31.7618 ], [ -57.1875, -31.7597 ], [ -57.1705, -31.7764 ], [ -57.151, -31.784 ], [ -57.1341, -31.7839 ], [ -57.1146, -31.7787 ], [ -57.0949, -31.7856 ], [ -57.0478, -31.7903 ], [ -57.031, -31.7833 ], [ -56.9866, -31.7827 ], [ -56.9719, -31.7949 ], [ -56.9575, -31.796 ], [ -56.9505, -31.7999 ], [ -56.9439, -31.7973 ], [ -56.9357, -31.8049 ], [ -56.8994, -31.8046 ], [ -56.8784, -31.7911 ], [ -56.8326, -31.7772 ], [ -56.8151, -31.7831 ], [ -56.7976, -31.7828 ], [ -56.7761, -31.788 ], [ -56.7533, -31.8105 ], [ -56.7355, -31.7984 ], [ -56.7105, -31.8106 ], [ -56.6997, -31.8228 ], [ -56.6779, -31.8319 ], [ -56.6642, -31.8255 ], [ -56.6506, -31.8369 ], [ -56.6329, -31.8388 ], [ -56.6268, -31.8364 ], [ -56.6216, -31.8405 ], [ -56.6108, -31.8402 ], [ -56.596, -31.8317 ], [ -56.5873, -31.8319 ], [ -56.5766, -31.8441 ], [ -56.5583, -31.8535 ], [ -56.5408, -31.8484 ], [ -56.5371, -31.8612 ], [ -56.4781, -31.8624 ], [ -56.4724, -31.8712 ], [ -56.4533, -31.8711 ], [ -56.4388, -31.8352 ], [ -56.4146, -31.8299 ], [ -56.4044, -31.8077 ], [ -56.3894, -31.7979 ], [ -56.3917, -31.7702 ], [ -56.3584, -31.7583 ], [ -56.3434, -31.7491 ], [ -56.3016, -31.7399 ], [ -56.3061, -31.7357 ], [ -56.3168, -31.6966 ], [ -56.3219, -31.6896 ], [ -56.3379, -31.6842 ], [ -56.3381, -31.6771 ], [ -56.3488, -31.6681 ], [ -56.338, -31.6572 ], [ -56.3384, -31.6485 ], [ -56.3342, -31.6392 ], [ -56.3399, -31.6332 ], [ -56.3375, -31.6208 ], [ -56.3514, -31.6191 ], [ -56.3658, -31.6032 ], [ -56.3666, -31.5938 ], [ -56.3623, -31.5931 ], [ -56.3584, -31.5864 ], [ -56.3632, -31.5809 ], [ -56.3591, -31.5746 ], [ -56.3523, -31.5673 ], [ -56.3388, -31.5643 ], [ -56.3361, -31.5513 ], [ -56.3248, -31.5466 ], [ -56.3249, -31.5406 ], [ -56.3296, -31.5349 ], [ -56.324, -31.5285 ], [ -56.3212, -31.5157 ], [ -56.3229, -31.5059 ], [ -56.3141, -31.4985 ], [ -56.314, -31.4895 ], [ -56.3044, -31.485 ], [ -56.2991, -31.486 ], [ -56.2982, -31.48 ], [ -56.2808, -31.4656 ], [ -56.2553, -31.4545 ], [ -56.2648, -31.4461 ], [ -56.267, -31.44 ], [ -56.2649, -31.4351 ], [ -56.2592, -31.4351 ], [ -56.2538, -31.4285 ], [ -56.2451, -31.4305 ], [ -56.2187, -31.4202 ], [ -56.2095, -31.4052 ], [ -56.2007, -31.4036 ], [ -56.2014, -31.3887 ], [ -56.1738, -31.3661 ], [ -56.1868, -31.3264 ], [ -56.1759, -31.3211 ], [ -56.1639, -31.3079 ], [ -56.156, -31.3061 ], [ -56.1539, -31.3016 ], [ -56.1579, -31.2983 ], [ -56.1578, -31.2935 ], [ -56.1542, -31.2807 ], [ -56.1808, -31.2591 ], [ -56.1852, -31.2457 ], [ -56.1783, -31.2407 ], [ -56.1551, -31.2359 ], [ -56.145, -31.2204 ], [ -56.1364, -31.221 ], [ -56.1328, -31.2159 ], [ -56.1062, -31.2072 ], [ -56.0823, -31.2074 ], [ -56.0703, -31.1976 ], [ -56.0709, -31.175 ], [ -56.0601, -31.1667 ], [ -56.0502, -31.1419 ], [ -56.0373, -31.1252 ], [ -56.0259, -31.1195 ], [ -56.015, -31.0991 ], [ -56.0152, -31.0869 ], [ -56.0095, -31.0826 ], [ -56.0341, -31.0645 ], [ -56.0405, -31.0563 ], [ -56.0677, -31.0427 ], [ -56.0833, -31.0125 ], [ -56.1412, -30.993 ], [ -56.1423, -30.9551 ], [ -56.1668, -30.9445 ], [ -56.1816, -30.9314 ], [ -56.1877, -30.9343 ], [ -56.1946, -30.9313 ], [ -56.2078, -30.9379 ], [ -56.2204, -30.9389 ], [ -56.2424, -30.9265 ], [ -56.2553, -30.9264 ], [ -56.262, -30.9154 ], [ -56.2701, -30.9154 ], [ -56.2839, -30.9232 ], [ -56.2943, -30.9246 ], [ -56.3105, -30.9217 ], [ -56.3287, -30.9109 ], [ -56.3419, -30.9145 ], [ -56.351, -30.909 ], [ -56.3532, -30.9009 ], [ -56.3657, -30.9008 ], [ -56.3707, -30.8951 ], [ -56.393, -30.887 ], [ -56.4044, -30.8772 ], [ -56.4292, -30.8921 ], [ -56.4534, -30.9022 ], [ -56.4557, -30.9085 ], [ -56.4507, -30.9172 ], [ -56.4528, -30.927 ], [ -56.4626, -30.941 ], [ -56.5043, -30.9539 ], [ -56.5468, -30.9884 ], [ -56.57, -30.9888 ], [ -56.5763, -30.986 ], [ -56.6056, -31.0053 ], [ -56.6627, -31.0089 ], [ -56.6831, -31.0284 ], [ -56.7011, -31.0397 ], [ -56.7105, -31.0399 ], [ -56.7388, -31.0496 ], [ -56.7531, -31.0487 ], [ -56.7756, -31.0547 ], [ -56.7988, -31.0492 ], [ -56.8071, -31.0519 ], [ -56.8103, -31.0484 ], [ -56.83, -31.0453 ], [ -56.8372, -31.0411 ], [ -56.8505, -31.0465 ], [ -56.8617, -31.0462 ], [ -56.881, -31.0379 ], [ -56.9038, -31.0345 ], [ -56.947, -31.0366 ], [ -56.9638, -31.0441 ], [ -56.9867, -31.0389 ], [ -56.9999, -31.0473 ], [ -57.0083, -31.0456 ], [ -57.0126, -31.0483 ], [ -57.0217, -31.0453 ], [ -57.0305, -31.0499 ], [ -57.049, -31.0524 ], [ -57.0719, -31.0706 ], [ -57.0836, -31.0562 ], [ -57.1002, -31.057 ], [ -57.1151, -31.0446 ], [ -57.124, -31.0459 ], [ -57.1378, -31.0357 ], [ -57.1572, -31.0314 ], [ -57.1768, -31.0227 ], [ -57.1813, -31.0162 ], [ -57.181, -31.0094 ], [ -57.1891, -31.0046 ], [ -57.1945, -30.9966 ], [ -57.2098, -30.9953 ], [ -57.2154, -30.9858 ], [ -57.2152, -30.9781 ], [ -57.2217, -30.9722 ], [ -57.23, -30.9715 ], [ -57.2404, -30.9622 ], [ -57.2798, -30.9612 ], [ -57.2851, -30.9542 ], [ -57.2949, -30.9517 ], [ -57.3145, -30.9311 ], [ -57.3561, -30.9307 ], [ -57.4821, -30.8491 ], [ -57.5197, -30.8577 ], [ -57.5312, -30.8543 ], [ -57.5592, -30.8648 ], [ -57.5805, -30.8582 ], [ -57.5883, -30.8523 ], [ -57.6049, -30.8265 ], [ -57.6139, -30.8184 ], [ -57.6243, -30.8163 ], [ -57.6405, -30.7914 ], [ -57.6527, -30.7908 ], [ -57.6741, -30.7793 ], [ -57.6772, -30.7806 ], [ -57.6778, -30.776 ], [ -57.6918, -30.7705 ], [ -57.6974, -30.7645 ], [ -57.6975, -30.7601 ], [ -57.7065, -30.754 ], [ -57.7194, -30.7562 ], [ -57.7443, -30.7447 ] ] ] } },
{ "type": "Feature", "properties": { }, "geometry": { "type": "Polygon", "coordinates": [ [ [ -57.162, -32.3758 ], [ -57.1749, -32.3726 ], [ -57.1921, -32.3744 ], [ -57.1924, -32.3841 ], [ -57.1997, -32.3916 ], [ -57.2017, -32.3982 ], [ -57.1991, -32.4015 ], [ -57.2037, -32.4075 ], [ -57.2127, -32.4076 ], [ -57.2295, -32.4227 ], [ -57.2445, -32.4256 ], [ -57.2617, -32.4443 ], [ -57.269, -32.4422 ], [ -57.281, -32.4453 ], [ -57.2854, -32.4411 ], [ -57.2861, -32.4324 ], [ -57.2931, -32.419 ], [ -57.3073, -32.4167 ], [ -57.3113, -32.4199 ], [ -57.3205, -32.4119 ], [ -57.3505, -32.4207 ], [ -57.3695, -32.4138 ], [ -57.3998, -32.4216 ], [ -57.4064, -32.4257 ], [ -57.4086, -32.4335 ], [ -57.4142, -32.4343 ], [ -57.4205, -32.4258 ], [ -57.4324, -32.4241 ], [ -57.4415, -32.4145 ], [ -57.4507, -32.4121 ], [ -57.459, -32.4141 ], [ -57.459, -32.4178 ], [ -57.467, -32.4215 ], [ -57.4735, -32.419 ], [ -57.4805, -32.4211 ], [ -57.4829, -32.4251 ], [ -57.4792, -32.4346 ], [ -57.4884, -32.4413 ], [ -57.4908, -32.4496 ], [ -57.5002, -32.4538 ], [ -57.5011, -32.4585 ], [ -57.507, -32.4572 ], [ -57.5111, -32.4599 ], [ -57.5184, -32.4551 ], [ -57.5203, -32.461 ], [ -57.5274, -32.461 ], [ -57.5306, -32.4679 ], [ -57.5269, -32.4706 ], [ -57.5325, -32.4801 ], [ -57.5303, -32.4858 ], [ -57.5391, -32.4902 ], [ -57.5386, -32.498 ], [ -57.5439, -32.5067 ], [ -57.5638, -32.4985 ], [ -57.5723, -32.5067 ], [ -57.5854, -32.5118 ], [ -57.584, -32.5223 ], [ -57.5893, -32.5271 ], [ -57.5983, -32.5197 ], [ -57.604, -32.5274 ], [ -57.612, -32.5286 ], [ -57.6103, -32.5327 ], [ -57.6261, -32.5383 ], [ -57.6341, -32.5312 ], [ -57.65, -32.5278 ], [ -57.6626, -32.5354 ], [ -57.6754, -32.5391 ], [ -57.6792, -32.5366 ], [ -57.6814, -32.5414 ], [ -57.6889, -32.5449 ], [ -57.7039, -32.5376 ], [ -57.7114, -32.5439 ], [ -57.7478, -32.542 ], [ -57.7526, -32.5471 ], [ -57.7557, -32.5646 ], [ -57.763, -32.5675 ], [ -57.7575, -32.5785 ], [ -57.764, -32.5847 ], [ -57.7745, -32.5813 ], [ -57.7798, -32.5871 ], [ -57.7741, -32.5917 ], [ -57.7818, -32.5959 ], [ -57.7856, -32.594 ], [ -57.7872, -32.5862 ], [ -57.7962, -32.5865 ], [ -57.8126, -32.5808 ], [ -57.8055, -32.5743 ], [ -57.8077, -32.5707 ], [ -57.8254, -32.5762 ], [ -57.8354, -32.563 ], [ -57.8445, -32.5638 ], [ -57.8514, -32.5691 ], [ -57.8584, -32.5637 ], [ -57.8686, -32.5775 ], [ -57.8764, -32.5786 ], [ -57.8797, -32.5736 ], [ -57.8915, -32.5851 ], [ -57.905, -32.5768 ], [ -57.911, -32.5769 ], [ -57.9216, -32.5837 ], [ -57.9263, -32.5806 ], [ -57.9348, -32.5811 ], [ -57.9378, -32.577 ], [ -57.9507, -32.5804 ], [ -57.9626, -32.5791 ], [ -57.9653, -32.5701 ], [ -57.9806, -32.5714 ], [ -57.9923, -32.5643 ], [ -57.9989, -32.5639 ], [ -57.9972, -32.5582 ], [ -57.9921, -32.5556 ], [ -57.9933, -32.5426 ], [ -58.0081, -32.5329 ], [ -58.0234, -32.5313 ], [ -58.0353, -32.5193 ], [ -58.0317, -32.513 ], [ -58.0494, -32.507 ], [ -58.0501, -32.4944 ], [ -58.0638, -32.4777 ], [ -58.0597, -32.4723 ], [ -58.0755, -32.4638 ], [ -58.0866, -32.4658 ], [ -58.0957, -32.4742 ], [ -58.1053, -32.4583 ], [ -58.1088, -32.4585 ], [ -58.1111, -32.4632 ], [ -58.1128, -32.4588 ], [ -58.1138, -32.4742 ], [ -58.1192, -32.4785 ], [ -58.1355, -32.4689 ], [ -58.1383, -32.4638 ], [ -58.1308, -32.4655 ], [ -58.1302, -32.4598 ], [ -58.1368, -32.458 ], [ -58.1419, -32.4648 ], [ -58.1472, -32.4662 ], [ -58.148, -32.4738 ], [ -58.1565, -32.4712 ], [ -58.1587, -32.4664 ], [ -58.1758, -32.4742 ], [ -58.182, -32.485 ], [ -58.1907, -32.4877 ], [ -58.1919, -32.4936 ], [ -58.1815, -32.5168 ], [ -58.1802, -32.5272 ], [ -58.1686, -32.5469 ], [ -58.1572, -32.5586 ], [ -58.1555, -32.5721 ], [ -58.1589, -32.5776 ], [ -58.159, -32.5864 ], [ -58.1468, -32.6205 ], [ -58.1502, -32.6412 ], [ -58.139, -32.6689 ], [ -58.1455, -32.6922 ], [ -58.1382, -32.7244 ], [ -58.1319, -32.7362 ], [ -58.1366, -32.7521 ], [ -58.1317, -32.785 ], [ -58.1195, -32.8076 ], [ -58.1183, -32.8262 ], [ -58.1031, -32.8315 ], [ -58.0979, -32.8414 ], [ -58.0861, -32.8448 ], [ -58.0822, -32.8678 ], [ -58.0626, -32.8843 ], [ -58.0548, -32.9064 ], [ -58.0399, -32.9219 ], [ -58.0409, -32.9381 ], [ -58.0548, -32.9614 ], [ -58.0534, -32.9697 ], [ -58.0658, -32.9819 ], [ -58.064, -32.9892 ], [ -58.0843, -33.016 ], [ -58.0815, -33.0284 ], [ -58.0745, -33.0262 ], [ -58.0776, -33.0354 ], [ -58.0953, -33.0457 ], [ -58.095, -33.0522 ], [ -58.1006, -33.0572 ], [ -58.1009, -33.0638 ], [ -58.1058, -33.064 ], [ -58.1164, -33.0758 ], [ -58.1285, -33.081 ], [ -58.1322, -33.0894 ], [ -58.1355, -33.0877 ], [ -58.1609, -33.1003 ], [ -58.1582, -33.1043 ], [ -58.1654, -33.1065 ], [ -58.1685, -33.1124 ], [ -58.177, -33.1066 ], [ -58.1922, -33.1086 ], [ -58.1963, -33.1117 ], [ -58.2078, -33.1096 ], [ -58.2128, -33.1137 ], [ -58.2154, -33.1111 ], [ -58.2225, -33.1128 ], [ -58.2274, -33.1077 ], [ -58.2384, -33.1087 ], [ -58.2415, -33.1042 ], [ -58.2634, -33.1103 ], [ -58.2677, -33.1197 ], [ -58.2727, -33.122 ], [ -58.2887, -33.1108 ], [ -58.3007, -33.1082 ], [ -58.3062, -33.1126 ], [ -58.3154, -33.1114 ], [ -58.3195, -33.1191 ], [ -58.3332, -33.116 ], [ -58.3413, -33.1203 ], [ -58.3433, -33.1261 ], [ -58.3516, -33.1275 ], [ -58.3592, -33.1496 ], [ -58.3605, -33.166 ], [ -58.3561, -33.1695 ], [ -58.3601, -33.1864 ], [ -58.3532, -33.1913 ], [ -58.3528, -33.1956 ], [ -58.3587, -33.2127 ], [ -58.3539, -33.2322 ], [ -58.3564, -33.2436 ], [ -58.3527, -33.2463 ], [ -58.3551, -33.2581 ], [ -58.3462, -33.2662 ], [ -58.3549, -33.3015 ], [ -58.35, -33.3089 ], [ -58.3523, -33.3116 ], [ -58.3506, -33.3172 ], [ -58.3604, -33.3275 ], [ -58.3914, -33.3387 ], [ -58.4172, -33.3552 ], [ -58.4199, -33.3606 ], [ -58.414, -33.3715 ], [ -58.414, -33.3841 ], [ -58.4221, -33.4042 ], [ -58.4085, -33.4045 ], [ -58.4084, -33.4018 ], [ -58.4025, -33.3997 ], [ -58.3949, -33.403 ], [ -58.3826, -33.3886 ], [ -58.3612, -33.388 ], [ -58.3393, -33.3815 ], [ -58.3199, -33.382 ], [ -58.3014, -33.3754 ], [ -58.276, -33.3562 ], [ -58.2745, -33.338 ], [ -58.2639, -33.3215 ], [ -58.2503, -33.3133 ], [ -58.2406, -33.3112 ], [ -58.218, -33.2934 ], [ -58.2022, -33.2944 ], [ -58.153, -33.3117 ], [ -58.1335, -33.3083 ], [ -58.1116, -33.2888 ], [ -58.1182, -33.2748 ], [ -58.1324, -33.2608 ], [ -58.1363, -33.2488 ], [ -58.1355, -33.2385 ], [ -58.122, -33.2278 ], [ -58.0801, -33.2236 ], [ -58.0504, -33.2409 ], [ -58.0139, -33.2403 ], [ -58.0106, -33.2355 ], [ -58.0113, -33.2287 ], [ -58.0255, -33.2123 ], [ -58.0315, -33.1789 ], [ -58.0394, -33.1694 ], [ -58.0454, -33.1528 ], [ -58.0547, -33.1386 ], [ -58.0481, -33.1188 ], [ -58.0448, -33.1157 ], [ -58.0356, -33.115 ], [ -58.0133, -33.1257 ], [ -57.9817, -33.1302 ], [ -57.9683, -33.1384 ], [ -57.9547, -33.1344 ], [ -57.945, -33.1235 ], [ -57.9433, -33.109 ], [ -57.9443, -33.091 ], [ -57.9578, -33.0817 ], [ -57.9547, -33.0718 ], [ -57.9326, -33.056 ], [ -57.9048, -33.0554 ], [ -57.8768, -33.0404 ], [ -57.8729, -33.0359 ], [ -57.8747, -33.0225 ], [ -57.8708, -33.0195 ], [ -57.8605, -33.0193 ], [ -57.8432, -33.0269 ], [ -57.8281, -33.0296 ], [ -57.7943, -33.0556 ], [ -57.781, -33.056 ], [ -57.762, -33.0406 ], [ -57.7449, -33.039 ], [ -57.7356, -33.0424 ], [ -57.7259, -33.0555 ], [ -57.7017, -33.0614 ], [ -57.6736, -33.0637 ], [ -57.6552, -33.0798 ], [ -57.6332, -33.0827 ], [ -57.6198, -33.073 ], [ -57.6214, -33.0411 ], [ -57.5523, -33.0182 ], [ -57.5376, -33.0032 ], [ -57.5283, -33.0002 ], [ -57.5073, -33.0197 ], [ -57.483, -33.0166 ], [ -57.4596, -33.024 ], [ -57.4522, -33.0518 ], [ -57.4382, -33.0827 ], [ -57.4306, -33.0907 ], [ -57.4206, -33.0927 ], [ -57.4121, -33.0892 ], [ -57.3943, -33.0654 ], [ -57.3609, -33.0688 ], [ -57.2986, -33.0956 ], [ -57.2707, -33.125 ], [ -57.2371, -33.124 ], [ -57.2279, -33.1408 ], [ -57.2216, -33.1427 ], [ -57.1983, -33.1301 ], [ -57.1866, -33.1277 ], [ -57.1759, -33.1155 ], [ -57.1413, -33.1165 ], [ -57.1318, -33.1119 ], [ -57.1259, -33.104 ], [ -57.1252, -33.0929 ], [ -57.1366, -33.0733 ], [ -57.1521, -33.0695 ], [ -57.186, -33.0696 ], [ -57.194, -33.0621 ], [ -57.1965, -33.0498 ], [ -57.1897, -33.044 ], [ -57.1583, -33.0376 ], [ -57.139, -33.0232 ], [ -57.1183, -33.0167 ], [ -57.1193, -33.0129 ], [ -57.1308, -33.006 ], [ -57.1267, -32.9993 ], [ -57.0787, -32.9911 ], [ -57.0615, -32.9977 ], [ -57.0482, -33.0099 ], [ -57.0382, -33.0092 ], [ -57.0177, -33.0197 ], [ -56.9984, -33.0204 ], [ -56.9788, -33.0315 ], [ -56.9705, -33.0312 ], [ -56.9651, -33.0245 ], [ -56.9651, -32.994 ], [ -56.9834, -32.9919 ], [ -56.9942, -32.9866 ], [ -57.0003, -32.9808 ], [ -56.998, -32.971 ], [ -56.9732, -32.9676 ], [ -56.956, -32.9758 ], [ -56.9361, -32.9794 ], [ -56.9381, -32.9713 ], [ -56.9541, -32.967 ], [ -56.9567, -32.9628 ], [ -56.9455, -32.9377 ], [ -56.9385, -32.9335 ], [ -56.9139, -32.9489 ], [ -56.9073, -32.9734 ], [ -56.868, -32.9664 ], [ -56.8653, -32.9627 ], [ -56.8673, -32.9603 ], [ -56.8857, -32.9553 ], [ -56.8942, -32.9437 ], [ -56.8945, -32.9363 ], [ -56.8882, -32.9305 ], [ -56.8772, -32.9289 ], [ -56.8635, -32.9095 ], [ -56.851, -32.9052 ], [ -56.8246, -32.9226 ], [ -56.8178, -32.9202 ], [ -56.8136, -32.9112 ], [ -56.8341, -32.8969 ], [ -56.8356, -32.8862 ], [ -56.8228, -32.8696 ], [ -56.8089, -32.8711 ], [ -56.8014, -32.8767 ], [ -56.7934, -32.8731 ], [ -56.7943, -32.8693 ], [ -56.8111, -32.8594 ], [ -56.7955, -32.8539 ], [ -56.7914, -32.8378 ], [ -56.7861, -32.8351 ], [ -56.7772, -32.8363 ], [ -56.7744, -32.8464 ], [ -56.7609, -32.8539 ], [ -56.7353, -32.8496 ], [ -56.7342, -32.8461 ], [ -56.7415, -32.8359 ], [ -56.7341, -32.8295 ], [ -56.7099, -32.8434 ], [ -56.6955, -32.8457 ], [ -56.6939, -32.8388 ], [ -56.7044, -32.8255 ], [ -56.6904, -32.7977 ], [ -56.6836, -32.7963 ], [ -56.666, -32.7797 ], [ -56.6495, -32.7766 ], [ -56.6379, -32.7687 ], [ -56.6403, -32.7536 ], [ -56.6364, -32.7276 ], [ -56.6384, -32.7195 ], [ -56.6492, -32.7105 ], [ -56.6473, -32.6961 ], [ -56.6373, -32.6841 ], [ -56.6236, -32.6768 ], [ -56.6172, -32.6648 ], [ -56.5937, -32.6601 ], [ -56.5981, -32.6395 ], [ -56.5927, -32.6217 ], [ -56.5935, -32.6136 ], [ -56.5889, -32.6065 ], [ -56.5876, -32.5902 ], [ -56.5699, -32.575 ], [ -56.5637, -32.5441 ], [ -56.5511, -32.5281 ], [ -56.5511, -32.5154 ], [ -56.5471, -32.5068 ], [ -56.5512, -32.49 ], [ -56.5835, -32.4741 ], [ -56.6111, -32.474 ], [ -56.6181, -32.4593 ], [ -56.6446, -32.4384 ], [ -56.6497, -32.4276 ], [ -56.6663, -32.4211 ], [ -56.671, -32.4044 ], [ -56.6692, -32.3998 ], [ -56.6774, -32.3927 ], [ -56.6848, -32.3947 ], [ -56.6994, -32.3871 ], [ -56.7186, -32.3958 ], [ -56.7831, -32.3926 ], [ -56.7998, -32.4019 ], [ -56.8373, -32.3828 ], [ -56.8544, -32.3844 ], [ -56.88, -32.3928 ], [ -56.9207, -32.3861 ], [ -56.9469, -32.3706 ], [ -56.9622, -32.353 ], [ -56.9825, -32.3451 ], [ -57.004, -32.3519 ], [ -57.0198, -32.3533 ], [ -57.0362, -32.3425 ], [ -57.0466, -32.3505 ], [ -57.0603, -32.3533 ], [ -57.0858, -32.3769 ], [ -57.1006, -32.3682 ], [ -57.1306, -32.3712 ], [ -57.1423, -32.3649 ], [ -57.162, -32.3758 ] ] ] } },
{ "type": "Feature", "properties": { }, "geometry": { "type": "Polygon", "coordinates": [ [ [ -58.4161, -33.8409 ], [ -58.4107, -33.8562 ], [ -58.4214, -33.8782 ], [ -58.4186, -33.9113 ], [ -58.3946, -33.9305 ], [ -58.3846, -33.9427 ], [ -58.3699, -33.9464 ], [ -58.3616, -33.9509 ], [ -58.3592, -33.9541 ], [ -58.3641, -33.9543 ], [ -58.3581, -33.9578 ], [ -58.3308, -33.9672 ], [ -58.2982, -34.0056 ], [ -58.2997, -34.0072 ], [ -58.2917, -34.0172 ], [ -58.2916, -34.0263 ], [ -58.2619, -34.0438 ], [ -58.233, -34.0732 ], [ -58.2204, -34.097 ], [ -58.2201, -34.1147 ], [ -58.214, -34.1229 ], [ -58.2148, -34.1328 ], [ -58.2238, -34.1502 ], [ -58.2171, -34.1535 ], [ -58.2101, -34.1654 ], [ -58.1892, -34.1635 ], [ -58.1358, -34.1684 ], [ -58.1085, -34.1736 ], [ -58.0793, -34.1869 ], [ -58.0694, -34.2016 ], [ -58.0745, -34.2066 ], [ -58.0634, -34.213 ], [ -58.0616, -34.2215 ], [ -58.0664, -34.2272 ], [ -58.0613, -34.2345 ], [ -58.0394, -34.2361 ], [ -58.0328, -34.2407 ], [ -58.0327, -34.2467 ], [ -58.0203, -34.2488 ], [ -57.9999, -34.2587 ], [ -57.9851, -34.2793 ], [ -57.9567, -34.3032 ], [ -57.9341, -34.3354 ], [ -57.9173, -34.3497 ], [ -57.897, -34.3786 ], [ -57.8935, -34.3984 ], [ -57.894, -34.4249 ], [ -57.8857, -34.4353 ], [ -57.8518, -34.4507 ], [ -57.8458, -34.4585 ], [ -57.8455, -34.4649 ], [ -57.8482, -34.4685 ], [ -57.8543, -34.4685 ], [ -57.8546, -34.4733 ], [ -57.8435, -34.4764 ], [ -57.8398, -34.473 ], [ -57.8279, -34.4755 ], [ -57.8164, -34.4719 ], [ -57.8072, -34.4734 ], [ -57.7877, -34.4666 ], [ -57.7809, -34.4678 ], [ -57.7792, -34.4726 ], [ -57.7732, -34.472 ], [ -57.7602, -34.4692 ], [ -57.7553, -34.4629 ], [ -57.7365, -34.4561 ], [ -57.7277, -34.458 ], [ -57.7251, -34.4627 ], [ -57.7201, -34.462 ], [ -57.6846, -34.4488 ], [ -57.6702, -34.4496 ], [ -57.6557, -34.4416 ], [ -57.6175, -34.43 ], [ -57.5911, -34.4259 ], [ -57.5712, -34.4285 ], [ -57.5561, -34.4397 ], [ -57.5554, -34.4444 ], [ -57.5469, -34.4464 ], [ -57.5458, -34.4501 ], [ -57.5375, -34.4539 ], [ -57.491, -34.4332 ], [ -57.4638, -34.4281 ], [ -57.4478, -34.4324 ], [ -57.4439, -34.4395 ], [ -57.4468, -34.4421 ], [ -57.4431, -34.4434 ], [ -57.4029, -34.4298 ], [ -57.387, -34.4282 ], [ -57.3566, -34.431 ], [ -57.3488, -34.4335 ], [ -57.3517, -34.4387 ], [ -57.3361, -34.4426 ], [ -57.3239, -34.4433 ], [ -57.2881, -34.4368 ], [ -57.2169, -34.4377 ], [ -57.1539, -34.4473 ], [ -57.1498, -34.4396 ], [ -57.1422, -34.4383 ], [ -57.1434, -34.4338 ], [ -57.1361, -34.4337 ], [ -57.1206, -34.4222 ], [ -57.125, -34.411 ], [ -57.1119, -34.4089 ], [ -57.1138, -34.3991 ], [ -57.1087, -34.3883 ], [ -57.1055, -34.3662 ], [ -57.1097, -34.364 ], [ -57.1103, -34.3481 ], [ -57.1038, -34.3485 ], [ -57.1022, -34.3444 ], [ -57.0958, -34.3453 ], [ -57.0952, -34.3412 ], [ -57.0907, -34.3397 ], [ -57.1017, -34.3267 ], [ -57.1024, -34.3181 ], [ -57.0885, -34.3126 ], [ -57.0899, -34.3035 ], [ -57.1025, -34.3022 ], [ -57.1043, -34.2974 ], [ -57.1108, -34.2948 ], [ -57.1179, -34.2762 ], [ -57.1152, -34.2689 ], [ -57.117, -34.2607 ], [ -57.1134, -34.2548 ], [ -57.1167, -34.2464 ], [ -57.1033, -34.2322 ], [ -57.1043, -34.2239 ], [ -57.1077, -34.2221 ], [ -57.1009, -34.2158 ], [ -57.1033, -34.2117 ], [ -57.0943, -34.2023 ], [ -57.081, -34.2 ], [ -57.0793, -34.1973 ], [ -57.0705, -34.1992 ], [ -57.0638, -34.1934 ], [ -57.0562, -34.1942 ], [ -57.0522, -34.1912 ], [ -57.0498, -34.1932 ], [ -57.0414, -34.1746 ], [ -57.0202, -34.1691 ], [ -57.0116, -34.1542 ], [ -56.9938, -34.1497 ], [ -56.9892, -34.1425 ], [ -56.9887, -34.1333 ], [ -56.9819, -34.1272 ], [ -56.99, -34.1216 ], [ -56.9876, -34.117 ], [ -56.9899, -34.1122 ], [ -57.0053, -34.1075 ], [ -57.0135, -34.0827 ], [ -57.0283, -34.0666 ], [ -57.0358, -34.0628 ], [ -57.0513, -34.0435 ], [ -57.0844, -34.0337 ], [ -57.0866, -34.0185 ], [ -57.1028, -34.0045 ], [ -57.1101, -34.0029 ], [ -57.0941, -33.9646 ], [ -57.0979, -33.9522 ], [ -57.1274, -33.9563 ], [ -57.1442, -33.9501 ], [ -57.1497, -33.9395 ], [ -57.1676, -33.9402 ], [ -57.1782, -33.9307 ], [ -57.1941, -33.9329 ], [ -57.2118, -33.9227 ], [ -57.2201, -33.9236 ], [ -57.2221, -33.9182 ], [ -57.2299, -33.9147 ], [ -57.2463, -33.9245 ], [ -57.2873, -33.9239 ], [ -57.3057, -33.9272 ], [ -57.3371, -33.8905 ], [ -57.3623, -33.8743 ], [ -57.3857, -33.8756 ], [ -57.4214, -33.8863 ], [ -57.4275, -33.8832 ], [ -57.4387, -33.8875 ], [ -57.4404, -33.8958 ], [ -57.4477, -33.9038 ], [ -57.4592, -33.905 ], [ -57.4753, -33.9147 ], [ -57.4856, -33.9167 ], [ -57.4912, -33.9131 ], [ -57.5148, -33.9115 ], [ -57.539, -33.9171 ], [ -57.5523, -33.9253 ], [ -57.5637, -33.9263 ], [ -57.5666, -33.93 ], [ -57.5741, -33.9289 ], [ -57.5862, -33.9388 ], [ -57.6048, -33.9425 ], [ -57.6159, -33.951 ], [ -57.6249, -33.9491 ], [ -57.6384, -33.9367 ], [ -57.6489, -33.9435 ], [ -57.6683, -33.9429 ], [ -57.6822, -33.9358 ], [ -57.7014, -33.936 ], [ -57.721, -33.9218 ], [ -57.7329, -33.9215 ], [ -57.7538, -33.9134 ], [ -57.7592, -33.914 ], [ -57.7673, -33.9245 ], [ -57.7739, -33.9245 ], [ -57.781, -33.9077 ], [ -57.7904, -33.9031 ], [ -57.7953, -33.8966 ], [ -57.8093, -33.8964 ], [ -57.8264, -33.8855 ], [ -57.8277, -33.8764 ], [ -57.8628, -33.8701 ], [ -57.8713, -33.8652 ], [ -57.8993, -33.8603 ], [ -57.9106, -33.8625 ], [ -57.9151, -33.859 ], [ -57.9293, -33.8595 ], [ -57.9354, -33.8693 ], [ -57.9502, -33.8794 ], [ -57.9683, -33.8841 ], [ -57.9894, -33.8655 ], [ -58.0103, -33.8313 ], [ -58.0246, -33.8304 ], [ -58.0265, -33.8162 ], [ -58.0456, -33.8079 ], [ -58.0591, -33.8133 ], [ -58.0671, -33.7939 ], [ -58.0775, -33.7918 ], [ -58.0933, -33.7758 ], [ -58.1237, -33.7655 ], [ -58.1514, -33.778 ], [ -58.1593, -33.7905 ], [ -58.1678, -33.7975 ], [ -58.1825, -33.7961 ], [ -58.2109, -33.8007 ], [ -58.225, -33.798 ], [ -58.241, -33.8027 ], [ -58.2465, -33.7999 ], [ -58.2534, -33.8023 ], [ -58.2797, -33.8154 ], [ -58.2811, -33.8288 ], [ -58.2928, -33.8404 ], [ -58.2981, -33.8406 ], [ -58.31, -33.834 ], [ -58.3164, -33.8369 ], [ -58.3223, -33.8352 ], [ -58.3286, -33.8392 ], [ -58.3397, -33.8361 ], [ -58.3424, -33.8378 ], [ -58.3417, -33.8481 ], [ -58.3482, -33.8553 ], [ -58.3561, -33.852 ], [ -58.3618, -33.8547 ], [ -58.3889, -33.855 ], [ -58.3972, -33.8472 ], [ -58.4049, -33.8483 ], [ -58.4109, -33.8448 ], [ -58.4112, -33.8405 ], [ -58.4161, -33.8409 ] ] ] } },
{ "type": "Feature", "properties": { }, "geometry": { "type": "Polygon", "coordinates": [ [ [ -56.6088, -33.8402 ], [ -56.6299, -33.8609 ], [ -56.6288, -33.8641 ], [ -56.6333, -33.8659 ], [ -56.6377, -33.8746 ], [ -56.6491, -33.8774 ], [ -56.657, -33.8911 ], [ -56.6673, -33.8935 ], [ -56.684, -33.904 ], [ -56.7206, -33.9107 ], [ -56.7263, -33.9155 ], [ -56.7357, -33.9127 ], [ -56.7505, -33.9207 ], [ -56.7512, -33.9249 ], [ -56.7605, -33.9316 ], [ -56.7728, -33.9286 ], [ -56.7833, -33.9391 ], [ -56.7951, -33.9401 ], [ -56.7978, -33.9443 ], [ -56.7966, -33.952 ], [ -56.806, -33.9525 ], [ -56.8141, -33.9578 ], [ -56.8106, -33.9676 ], [ -56.8252, -33.9712 ], [ -56.8303, -33.9844 ], [ -56.8859, -33.9821 ], [ -57.085, -33.9638 ], [ -57.0943, -33.9809 ], [ -57.0989, -33.9765 ], [ -57.1101, -34.0029 ], [ -57.1028, -34.0045 ], [ -57.0866, -34.0185 ], [ -57.0844, -34.0337 ], [ -57.0513, -34.0435 ], [ -57.0358, -34.0628 ], [ -57.0283, -34.0666 ], [ -57.0135, -34.0827 ], [ -57.0053, -34.1075 ], [ -56.9899, -34.1122 ], [ -56.9876, -34.117 ], [ -56.99, -34.1216 ], [ -56.9819, -34.1272 ], [ -56.9887, -34.1333 ], [ -56.9892, -34.1425 ], [ -56.9938, -34.1497 ], [ -57.0116, -34.1542 ], [ -57.0202, -34.1691 ], [ -57.0414, -34.1746 ], [ -57.0498, -34.1932 ], [ -57.0522, -34.1912 ], [ -57.0562, -34.1942 ], [ -57.0638, -34.1934 ], [ -57.0705, -34.1992 ], [ -57.0793, -34.1973 ], [ -57.081, -34.2 ], [ -57.0943, -34.2023 ], [ -57.1033, -34.2117 ], [ -57.1009, -34.2158 ], [ -57.1077, -34.2221 ], [ -57.1043, -34.2239 ], [ -57.1033, -34.2322 ], [ -57.1167, -34.2464 ], [ -57.1134, -34.2548 ], [ -57.117, -34.2607 ], [ -57.1152, -34.2689 ], [ -57.1179, -34.2762 ], [ -57.1108, -34.2948 ], [ -57.1043, -34.2974 ], [ -57.1025, -34.3022 ], [ -57.0899, -34.3035 ], [ -57.0885, -34.3126 ], [ -57.1024, -34.3181 ], [ -57.1017, -34.3267 ], [ -57.0907, -34.3397 ], [ -57.0952, -34.3412 ], [ -57.0958, -34.3453 ], [ -57.1022, -34.3444 ], [ -57.1038, -34.3485 ], [ -57.1103, -34.3481 ], [ -57.1097, -34.364 ], [ -57.1055, -34.3662 ], [ -57.1087, -34.3883 ], [ -57.1138, -34.3991 ], [ -57.1119, -34.4089 ], [ -57.125, -34.411 ], [ -57.1206, -34.4222 ], [ -57.1361, -34.4337 ], [ -57.1434, -34.4338 ], [ -57.1422, -34.4383 ], [ -57.1498, -34.4396 ], [ -57.1539, -34.4473 ], [ -57.1314, -34.4517 ], [ -57.0951, -34.474 ], [ -57.0786, -34.4915 ], [ -57.0777, -34.4994 ], [ -57.0635, -34.5164 ], [ -57.0618, -34.5267 ], [ -56.9936, -34.5634 ], [ -56.9448, -34.604 ], [ -56.9065, -34.6284 ], [ -56.8938, -34.6555 ], [ -56.8454, -34.6705 ], [ -56.8279, -34.68 ], [ -56.8226, -34.6878 ], [ -56.6623, -34.7162 ], [ -56.6241, -34.7284 ], [ -56.5575, -34.7603 ], [ -56.5109, -34.7507 ], [ -56.4553, -34.7515 ], [ -56.4354, -34.758 ], [ -56.4126, -34.7712 ], [ -56.3829, -34.776 ], [ -56.3741, -34.7884 ], [ -56.3516, -34.7834 ], [ -56.3432, -34.7756 ], [ -56.3468, -34.7589 ], [ -56.3417, -34.7499 ], [ -56.3586, -34.7187 ], [ -56.3776, -34.7051 ], [ -56.4138, -34.6942 ], [ -56.452, -34.6873 ], [ -56.4547, -34.6736 ], [ -56.4644, -34.6709 ], [ -56.4775, -34.6534 ], [ -56.4873, -34.6462 ], [ -56.4797, -34.6248 ], [ -56.4773, -34.6056 ], [ -56.4908, -34.598 ], [ -56.4939, -34.5922 ], [ -56.4919, -34.579 ], [ -56.4764, -34.5725 ], [ -56.4691, -34.5578 ], [ -56.4566, -34.5582 ], [ -56.449, -34.5537 ], [ -56.4489, -34.5414 ], [ -56.445, -34.5336 ], [ -56.4288, -34.5313 ], [ -56.4282, -34.5392 ], [ -56.4247, -34.5416 ], [ -56.413, -34.5379 ], [ -56.4113, -34.5347 ], [ -56.4157, -34.5273 ], [ -56.4114, -34.526 ], [ -56.4077, -34.5313 ], [ -56.4037, -34.53 ], [ -56.4014, -34.5149 ], [ -56.3956, -34.5142 ], [ -56.3909, -34.5091 ], [ -56.4071, -34.4992 ], [ -56.4096, -34.4945 ], [ -56.4059, -34.4919 ], [ -56.4056, -34.4861 ], [ -56.4153, -34.4831 ], [ -56.4191, -34.4756 ], [ -56.4166, -34.4567 ], [ -56.407, -34.4541 ], [ -56.401, -34.4487 ], [ -56.401, -34.4414 ], [ -56.3911, -34.4269 ], [ -56.392, -34.4187 ], [ -56.3959, -34.4239 ], [ -56.4045, -34.4234 ], [ -56.4222, -34.412 ], [ -56.4269, -34.4051 ], [ -56.4235, -34.4017 ], [ -56.4318, -34.3932 ], [ -56.4321, -34.3825 ], [ -56.4437, -34.38 ], [ -56.4443, -34.3737 ], [ -56.4566, -34.3748 ], [ -56.4572, -34.365 ], [ -56.4706, -34.3649 ], [ -56.4713, -34.359 ], [ -56.4597, -34.3544 ], [ -56.4511, -34.3403 ], [ -56.4457, -34.3401 ], [ -56.4471, -34.336 ], [ -56.4384, -34.3339 ], [ -56.4318, -34.3377 ], [ -56.4249, -34.3353 ], [ -56.4261, -34.3235 ], [ -56.4172, -34.319 ], [ -56.4246, -34.3065 ], [ -56.431, -34.3036 ], [ -56.4294, -34.2993 ], [ -56.4212, -34.2948 ], [ -56.428, -34.2832 ], [ -56.4248, -34.278 ], [ -56.4294, -34.2743 ], [ -56.4235, -34.2639 ], [ -56.4251, -34.2549 ], [ -56.4174, -34.2574 ], [ -56.4081, -34.2493 ], [ -56.4154, -34.2478 ], [ -56.4121, -34.2453 ], [ -56.4146, -34.2407 ], [ -56.4099, -34.2352 ], [ -56.4178, -34.2308 ], [ -56.4156, -34.2242 ], [ -56.4258, -34.2177 ], [ -56.4324, -34.2171 ], [ -56.4355, -34.2204 ], [ -56.4404, -34.2184 ], [ -56.435, -34.207 ], [ -56.4423, -34.2032 ], [ -56.4426, -34.1988 ], [ -56.452, -34.1964 ], [ -56.4566, -34.1899 ], [ -56.4504, -34.1866 ], [ -56.4516, -34.1782 ], [ -56.4466, -34.1749 ], [ -56.451, -34.1686 ], [ -56.4475, -34.1633 ], [ -56.4486, -34.1597 ], [ -56.4415, -34.1588 ], [ -56.4311, -34.1512 ], [ -56.4316, -34.1416 ], [ -56.4161, -34.1254 ], [ -56.4095, -34.1233 ], [ -56.4078, -34.1184 ], [ -56.4126, -34.1145 ], [ -56.4054, -34.1051 ], [ -56.4059, -34.0997 ], [ -56.4012, -34.0969 ], [ -56.4021, -34.0846 ], [ -56.405, -34.0822 ], [ -56.3982, -34.0803 ], [ -56.3982, -34.0705 ], [ -56.4076, -34.0649 ], [ -56.4121, -34.0666 ], [ -56.415, -34.0628 ], [ -56.4165, -34.0547 ], [ -56.4132, -34.042 ], [ -56.4215, -34.0187 ], [ -56.4186, -34.0114 ], [ -56.4227, -34.0068 ], [ -56.4192, -33.9872 ], [ -56.4227, -33.9809 ], [ -56.4201, -33.967 ], [ -56.4218, -33.9636 ], [ -56.4393, -33.9653 ], [ -56.4427, -33.9561 ], [ -56.4571, -33.9602 ], [ -56.4546, -33.9554 ], [ -56.4583, -33.9413 ], [ -56.4501, -33.9359 ], [ -56.4458, -33.9287 ], [ -56.4485, -33.9098 ], [ -56.4534, -33.903 ], [ -56.4906, -33.8772 ], [ -56.5003, -33.876 ], [ -56.5143, -33.8637 ], [ -56.5307, -33.8685 ], [ -56.5488, -33.8609 ], [ -56.556, -33.8612 ], [ -56.5833, -33.849 ], [ -56.5951, -33.8381 ], [ -56.5939, -33.8321 ], [ -56.6088, -33.8402 ] ] ] } },
{ "type": "Feature", "properties": { }, "geometry": { "type": "Polygon", "coordinates": [ [ [ -54.4551, -31.8038 ], [ -54.4603, -31.8124 ], [ -54.4647, -31.8136 ], [ -54.4597, -31.8198 ], [ -54.4634, -31.8249 ], [ -54.4601, -31.8292 ], [ -54.4651, -31.8313 ], [ -54.4613, -31.8365 ], [ -54.4835, -31.8471 ], [ -54.4798, -31.8506 ], [ -54.4751, -31.8485 ], [ -54.4732, -31.8518 ], [ -54.4807, -31.8539 ], [ -54.4805, -31.8592 ], [ -54.4843, -31.8594 ], [ -54.4818, -31.8663 ], [ -54.4882, -31.8701 ], [ -54.4906, -31.8679 ], [ -54.4912, -31.8851 ], [ -54.5085, -31.888 ], [ -54.5052, -31.8976 ], [ -54.509, -31.8949 ], [ -54.5123, -31.8978 ], [ -54.5047, -31.9013 ], [ -54.5079, -31.9033 ], [ -54.5087, -31.9127 ], [ -54.5155, -31.9114 ], [ -54.5107, -31.9259 ], [ -54.5155, -31.931 ], [ -54.5153, -31.9358 ], [ -54.5246, -31.9412 ], [ -54.5211, -31.9452 ], [ -54.5267, -31.9477 ], [ -54.5244, -31.95 ], [ -54.5285, -31.9517 ], [ -54.5265, -31.9577 ], [ -54.5315, -31.9642 ], [ -54.5373, -31.969 ], [ -54.5417, -31.968 ], [ -54.5481, -31.975 ], [ -54.5385, -31.9798 ], [ -54.5478, -31.9802 ], [ -54.5471, -31.9826 ], [ -54.5339, -31.9873 ], [ -54.5401, -31.9941 ], [ -54.5386, -31.9997 ], [ -54.5314, -32.0047 ], [ -54.538, -32.0071 ], [ -54.5268, -32.015 ], [ -54.532, -32.0184 ], [ -54.5287, -32.0213 ], [ -54.5342, -32.0235 ], [ -54.5366, -32.0209 ], [ -54.5412, -32.0277 ], [ -54.5573, -32.0393 ], [ -54.5577, -32.0431 ], [ -54.5537, -32.0432 ], [ -54.5547, -32.0508 ], [ -54.5493, -32.0525 ], [ -54.5517, -32.0577 ], [ -54.5447, -32.0644 ], [ -54.5657, -32.0811 ], [ -54.575, -32.0813 ], [ -54.5761, -32.0835 ], [ -54.5716, -32.0853 ], [ -54.5896, -32.0905 ], [ -54.5896, -32.0985 ], [ -54.5968, -32.0993 ], [ -54.6023, -32.1066 ], [ -54.6133, -32.1104 ], [ -54.6123, -32.1058 ], [ -54.6176, -32.1035 ], [ -54.6224, -32.1074 ], [ -54.6243, -32.1037 ], [ -54.6399, -32.1014 ], [ -54.6606, -32.1048 ], [ -54.6619, -32.1082 ], [ -54.6782, -32.1168 ], [ -54.6871, -32.1118 ], [ -54.6903, -32.1129 ], [ -54.6901, -32.1166 ], [ -54.6973, -32.1171 ], [ -54.7074, -32.1058 ], [ -54.7088, -32.0993 ], [ -54.7241, -32.0948 ], [ -54.7275, -32.0908 ], [ -54.7574, -32.0972 ], [ -54.7641, -32.1098 ], [ -54.7577, -32.1096 ], [ -54.7545, -32.1137 ], [ -54.7585, -32.1191 ], [ -54.7663, -32.1204 ], [ -54.7765, -32.1349 ], [ -54.7726, -32.1387 ], [ -54.7736, -32.1509 ], [ -54.7855, -32.152 ], [ -54.7924, -32.149 ], [ -54.8043, -32.157 ], [ -54.8089, -32.1659 ], [ -54.8075, -32.1683 ], [ -54.8154, -32.1729 ], [ -54.8106, -32.1758 ], [ -54.8129, -32.1808 ], [ -54.805, -32.1852 ], [ -54.8117, -32.2005 ], [ -54.8076, -32.2062 ], [ -54.8081, -32.2114 ], [ -54.7967, -32.2106 ], [ -54.798, -32.2155 ], [ -54.7932, -32.2136 ], [ -54.7894, -32.2185 ], [ -54.7962, -32.2197 ], [ -54.7938, -32.2236 ], [ -54.795, -32.2271 ], [ -54.7995, -32.2271 ], [ -54.7992, -32.2319 ], [ -54.8102, -32.2351 ], [ -54.8109, -32.2393 ], [ -54.817, -32.2414 ], [ -54.8178, -32.2478 ], [ -54.8123, -32.2508 ], [ -54.8175, -32.2573 ], [ -54.8145, -32.2665 ], [ -54.828, -32.2688 ], [ -54.8331, -32.2954 ], [ -54.8457, -32.2954 ], [ -54.841, -32.3105 ], [ -54.8491, -32.3256 ], [ -54.8575, -32.3289 ], [ -54.8629, -32.3258 ], [ -54.8682, -32.3324 ], [ -54.8787, -32.3261 ], [ -54.8808, -32.3332 ], [ -54.8878, -32.3327 ], [ -54.8968, -32.3393 ], [ -54.8918, -32.3431 ], [ -54.9046, -32.3472 ], [ -54.906, -32.3501 ], [ -54.9023, -32.353 ], [ -54.911, -32.3651 ], [ -54.9061, -32.3659 ], [ -54.9215, -32.3784 ], [ -54.9149, -32.3827 ], [ -54.911, -32.381 ], [ -54.9114, -32.3846 ], [ -54.9216, -32.3887 ], [ -54.924, -32.3846 ], [ -54.9311, -32.3878 ], [ -54.939, -32.3852 ], [ -54.9398, -32.3893 ], [ -54.946, -32.3825 ], [ -54.948, -32.3865 ], [ -54.9545, -32.3868 ], [ -54.9631, -32.399 ], [ -54.9681, -32.4115 ], [ -54.9669, -32.4149 ], [ -54.9794, -32.4204 ], [ -54.9775, -32.4259 ], [ -54.9847, -32.4243 ], [ -54.987, -32.4327 ], [ -54.9919, -32.4286 ], [ -54.994, -32.4368 ], [ -55.0051, -32.4516 ], [ -55.0139, -32.4519 ], [ -55.0131, -32.4572 ], [ -55.0183, -32.4668 ], [ -55.0218, -32.4682 ], [ -55.027, -32.4606 ], [ -55.0315, -32.4615 ], [ -55.0381, -32.4669 ], [ -55.0454, -32.4805 ], [ -55.0536, -32.4851 ], [ -55.0717, -32.4807 ], [ -55.0805, -32.4873 ], [ -55.0924, -32.4783 ], [ -55.0887, -32.4755 ], [ -55.0906, -32.4741 ], [ -55.1133, -32.4809 ], [ -55.1228, -32.4757 ], [ -55.129, -32.4795 ], [ -55.133, -32.4758 ], [ -55.1466, -32.478 ], [ -55.1484, -32.4705 ], [ -55.1552, -32.4676 ], [ -55.161, -32.4555 ], [ -55.1676, -32.4564 ], [ -55.1733, -32.4638 ], [ -55.1811, -32.4667 ], [ -55.1906, -32.454 ], [ -55.2101, -32.454 ], [ -55.218, -32.4514 ], [ -55.2204, -32.4475 ], [ -55.2322, -32.4448 ], [ -55.2439, -32.4483 ], [ -55.2442, -32.4522 ], [ -55.2384, -32.4538 ], [ -55.2388, -32.4618 ], [ -55.2538, -32.4751 ], [ -55.2591, -32.4671 ], [ -55.2702, -32.4654 ], [ -55.2776, -32.4755 ], [ -55.2936, -32.4702 ], [ -55.2976, -32.4798 ], [ -55.3008, -32.4807 ], [ -55.2997, -32.4851 ], [ -55.3105, -32.4848 ], [ -55.3058, -32.4937 ], [ -55.3148, -32.5084 ], [ -55.3017, -32.5133 ], [ -55.3086, -32.5193 ], [ -55.3056, -32.5235 ], [ -55.3088, -32.5312 ], [ -55.3049, -32.5367 ], [ -55.3024, -32.5525 ], [ -55.2916, -32.5582 ], [ -55.294, -32.5615 ], [ -55.2923, -32.5651 ], [ -55.3005, -32.5724 ], [ -55.3033, -32.5825 ], [ -55.3093, -32.584 ], [ -55.3144, -32.5905 ], [ -55.3146, -32.6033 ], [ -55.3223, -32.6074 ], [ -55.3213, -32.6124 ], [ -55.3267, -32.6188 ], [ -55.3232, -32.6214 ], [ -55.33, -32.629 ], [ -55.3351, -32.6536 ], [ -55.3332, -32.655 ], [ -55.3362, -32.6555 ], [ -55.3349, -32.6623 ], [ -55.3287, -32.6636 ], [ -55.3265, -32.6686 ], [ -55.3306, -32.6719 ], [ -55.3271, -32.6918 ], [ -55.3321, -32.7005 ], [ -55.317, -32.7228 ], [ -55.3231, -32.737 ], [ -55.3168, -32.748 ], [ -55.3237, -32.755 ], [ -55.3475, -32.7486 ], [ -55.3535, -32.7627 ], [ -55.3473, -32.773 ], [ -55.3558, -32.786 ], [ -55.3442, -32.7914 ], [ -55.3407, -32.797 ], [ -55.3354, -32.7934 ], [ -55.3229, -32.8057 ], [ -55.3249, -32.8162 ], [ -55.3306, -32.8227 ], [ -55.3292, -32.8279 ], [ -55.3204, -32.8309 ], [ -55.3172, -32.8369 ], [ -55.322, -32.8721 ], [ -55.3197, -32.8948 ], [ -55.3104, -32.9029 ], [ -55.2989, -32.9054 ], [ -55.2943, -32.9146 ], [ -55.2956, -32.9244 ], [ -55.2913, -32.9303 ], [ -55.2777, -32.9324 ], [ -55.2742, -32.9447 ], [ -55.2605, -32.9416 ], [ -55.2537, -32.9508 ], [ -55.2423, -32.9489 ], [ -55.2325, -32.9541 ], [ -55.2145, -32.9733 ], [ -55.2124, -32.9944 ], [ -55.2051, -32.9954 ], [ -55.1927, -33.0038 ], [ -55.196, -33.0129 ], [ -55.189, -33.0166 ], [ -55.1862, -33.0251 ], [ -55.1773, -33.0274 ], [ -55.1678, -33.0252 ], [ -55.1628, -33.0297 ], [ -55.1583, -33.0278 ], [ -55.1596, -33.0187 ], [ -55.166, -33.0186 ], [ -55.1676, -33.0125 ], [ -55.1644, -33.0095 ], [ -55.1549, -33.0114 ], [ -55.1553, -33.0165 ], [ -55.146, -33.0146 ], [ -55.1235, -33.0271 ], [ -55.1059, -33.0238 ], [ -55.1006, -33.0146 ], [ -55.0837, -33.0101 ], [ -55.0773, -32.9992 ], [ -55.0522, -33.007 ], [ -55.0448, -33.0037 ], [ -55.0262, -33.0057 ], [ -55.0102, -33.0013 ], [ -55.0078, -32.9986 ], [ -55.0107, -32.9937 ], [ -55.0203, -32.9909 ], [ -55.0343, -32.9733 ], [ -55.0313, -32.9678 ], [ -55.0212, -32.9637 ], [ -55.0198, -32.9516 ], [ -55.0064, -32.9383 ], [ -55.0075, -32.9334 ], [ -54.9823, -32.9244 ], [ -54.9743, -32.9181 ], [ -54.903, -32.9106 ], [ -54.8572, -32.8659 ], [ -54.8538, -32.8547 ], [ -54.8494, -32.8516 ], [ -54.803, -32.8471 ], [ -54.7837, -32.849 ], [ -54.7602, -32.8389 ], [ -54.7442, -32.84 ], [ -54.7144, -32.8066 ], [ -54.6877, -32.7955 ], [ -54.6755, -32.7999 ], [ -54.6674, -32.8107 ], [ -54.6585, -32.8133 ], [ -54.6582, -32.818 ], [ -54.6516, -32.8225 ], [ -54.639, -32.8225 ], [ -54.6416, -32.8317 ], [ -54.6242, -32.8468 ], [ -54.6179, -32.8325 ], [ -54.5995, -32.8265 ], [ -54.586, -32.8168 ], [ -54.5768, -32.801 ], [ -54.5524, -32.7951 ], [ -54.5433, -32.805 ], [ -54.5322, -32.8093 ], [ -54.5281, -32.7997 ], [ -54.5155, -32.7962 ], [ -54.5093, -32.7891 ], [ -54.5089, -32.7814 ], [ -54.5056, -32.781 ], [ -54.4863, -32.7893 ], [ -54.4799, -32.7891 ], [ -54.4756, -32.7945 ], [ -54.4557, -32.782 ], [ -54.4394, -32.7791 ], [ -54.4353, -32.76 ], [ -54.4256, -32.753 ], [ -54.4042, -32.7493 ], [ -54.3941, -32.761 ], [ -54.392, -32.7695 ], [ -54.3847, -32.771 ], [ -54.3826, -32.7675 ], [ -54.3862, -32.7582 ], [ -54.3837, -32.7483 ], [ -54.3862, -32.7358 ], [ -54.3819, -32.7246 ], [ -54.3613, -32.7162 ], [ -54.3551, -32.7196 ], [ -54.3419, -32.7176 ], [ -54.3397, -32.7121 ], [ -54.3346, -32.7138 ], [ -54.3361, -32.7166 ], [ -54.3319, -32.7191 ], [ -54.3214, -32.711 ], [ -54.3161, -32.7139 ], [ -54.313, -32.7225 ], [ -54.3055, -32.723 ], [ -54.3049, -32.7263 ], [ -54.3013, -32.7266 ], [ -54.2969, -32.7219 ], [ -54.2962, -32.7259 ], [ -54.2876, -32.7318 ], [ -54.2874, -32.7372 ], [ -54.2533, -32.7325 ], [ -54.2481, -32.7372 ], [ -54.2381, -32.7313 ], [ -54.2295, -32.7395 ], [ -54.2245, -32.7396 ], [ -54.2181, -32.7484 ], [ -54.2116, -32.7442 ], [ -54.2041, -32.7463 ], [ -54.2016, -32.7565 ], [ -54.1738, -32.752 ], [ -54.1712, -32.7542 ], [ -54.1731, -32.7572 ], [ -54.1675, -32.7598 ], [ -54.1588, -32.7533 ], [ -54.1557, -32.7606 ], [ -54.1603, -32.7707 ], [ -54.1565, -32.7734 ], [ -54.148, -32.7686 ], [ -54.1437, -32.7694 ], [ -54.1453, -32.7743 ], [ -54.1431, -32.7756 ], [ -54.1328, -32.7609 ], [ -54.1294, -32.7613 ], [ -54.1328, -32.7713 ], [ -54.1239, -32.7697 ], [ -54.1228, -32.7722 ], [ -54.1311, -32.7766 ], [ -54.1281, -32.7823 ], [ -54.1042, -32.7857 ], [ -54.1013, -32.7899 ], [ -54.0847, -32.7897 ], [ -54.0821, -32.7964 ], [ -54.0736, -32.794 ], [ -54.0701, -32.8051 ], [ -54.0589, -32.8039 ], [ -54.0513, -32.8096 ], [ -54.0337, -32.8139 ], [ -54.0309, -32.8072 ], [ -54.0437, -32.803 ], [ -54.0414, -32.7953 ], [ -54.0479, -32.7937 ], [ -54.0485, -32.7823 ], [ -54.0453, -32.7793 ], [ -54.054, -32.7763 ], [ -54.0532, -32.7578 ], [ -54.0449, -32.7564 ], [ -54.0369, -32.7298 ], [ -54.0281, -32.7204 ], [ -54.011, -32.7124 ], [ -53.9968, -32.7165 ], [ -53.9917, -32.715 ], [ -53.981, -32.6996 ], [ -53.9743, -32.6975 ], [ -53.968, -32.7042 ], [ -53.9405, -32.7061 ], [ -53.9425, -32.7132 ], [ -53.9194, -32.7249 ], [ -53.9133, -32.7232 ], [ -53.9068, -32.727 ], [ -53.9043, -32.7343 ], [ -53.887, -32.74 ], [ -53.8897, -32.7477 ], [ -53.8802, -32.7527 ], [ -53.8729, -32.7627 ], [ -53.8576, -32.7651 ], [ -53.8496, -32.7721 ], [ -53.8466, -32.768 ], [ -53.8389, -32.7786 ], [ -53.8181, -32.7669 ], [ -53.8136, -32.771 ], [ -53.8107, -32.7681 ], [ -53.803, -32.769 ], [ -53.801, -32.7761 ], [ -53.7918, -32.7763 ], [ -53.7885, -32.7707 ], [ -53.7802, -32.7724 ], [ -53.7664, -32.7669 ], [ -53.7469, -32.7727 ], [ -53.7423, -32.7694 ], [ -53.7298, -32.7694 ], [ -53.7142, -32.7622 ], [ -53.7111, -32.76 ], [ -53.7118, -32.7542 ], [ -53.7029, -32.7617 ], [ -53.6777, -32.7482 ], [ -53.6658, -32.7539 ], [ -53.6562, -32.7511 ], [ -53.6575, -32.7542 ], [ -53.6527, -32.7555 ], [ -53.6509, -32.7531 ], [ -53.6455, -32.7586 ], [ -53.6394, -32.7576 ], [ -53.6282, -32.7658 ], [ -53.6199, -32.7589 ], [ -53.6134, -32.7592 ], [ -53.6056, -32.7629 ], [ -53.6058, -32.7692 ], [ -53.6007, -32.7709 ], [ -53.5951, -32.768 ], [ -53.5962, -32.7651 ], [ -53.5885, -32.7624 ], [ -53.5708, -32.7613 ], [ -53.5638, -32.7517 ], [ -53.5563, -32.7575 ], [ -53.5448, -32.7567 ], [ -53.5462, -32.7619 ], [ -53.5428, -32.7637 ], [ -53.5276, -32.7557 ], [ -53.5267, -32.7516 ], [ -53.5186, -32.7528 ], [ -53.5091, -32.7614 ], [ -53.5041, -32.7608 ], [ -53.5066, -32.7571 ], [ -53.4987, -32.7531 ], [ -53.4975, -32.7464 ], [ -53.4902, -32.7483 ], [ -53.4887, -32.7525 ], [ -53.4843, -32.7485 ], [ -53.4791, -32.7549 ], [ -53.4814, -32.7576 ], [ -53.4746, -32.7651 ], [ -53.4653, -32.76 ], [ -53.4702, -32.7534 ], [ -53.4534, -32.7507 ], [ -53.4167, -32.7588 ], [ -53.3946, -32.775 ], [ -53.3847, -32.7765 ], [ -53.3822, -32.7865 ], [ -53.3742, -32.7884 ], [ -53.366, -32.7851 ], [ -53.3627, -32.7763 ], [ -53.3525, -32.7678 ], [ -53.353, -32.7634 ], [ -53.3435, -32.7583 ], [ -53.3307, -32.7645 ], [ -53.3056, -32.7694 ], [ -53.3051, -32.7644 ], [ -53.293, -32.7563 ], [ -53.2754, -32.7522 ], [ -53.2574, -32.7524 ], [ -53.2585, -32.7474 ], [ -53.2539, -32.7355 ], [ -53.2318, -32.7233 ], [ -53.2063, -32.7162 ], [ -53.1959, -32.7186 ], [ -53.1837, -32.717 ], [ -53.1826, -32.7136 ], [ -53.1924, -32.6869 ], [ -53.1896, -32.6655 ], [ -53.1813, -32.6554 ], [ -53.187, -32.6438 ], [ -53.2081, -32.6419 ], [ -53.2356, -32.6314 ], [ -53.2429, -32.6258 ], [ -53.2472, -32.6082 ], [ -53.2531, -32.6023 ], [ -53.273, -32.6052 ], [ -53.2804, -32.6188 ], [ -53.288, -32.6214 ], [ -53.2959, -32.617 ], [ -53.3042, -32.6046 ], [ -53.3179, -32.5982 ], [ -53.3346, -32.5845 ], [ -53.3476, -32.5927 ], [ -53.3551, -32.5912 ], [ -53.3701, -32.5706 ], [ -53.3782, -32.5721 ], [ -53.3872, -32.5873 ], [ -53.401, -32.5825 ], [ -53.4163, -32.5695 ], [ -53.4169, -32.5623 ], [ -53.4205, -32.5598 ], [ -53.4242, -32.5591 ], [ -53.4264, -32.5659 ], [ -53.4314, -32.5662 ], [ -53.4418, -32.5405 ], [ -53.4577, -32.5222 ], [ -53.4558, -32.5171 ], [ -53.4604, -32.5116 ], [ -53.4609, -32.5005 ], [ -53.4653, -32.4946 ], [ -53.4623, -32.4867 ], [ -53.47, -32.4818 ], [ -53.4797, -32.4866 ], [ -53.4986, -32.4821 ], [ -53.5142, -32.4892 ], [ -53.5163, -32.4873 ], [ -53.5141, -32.4838 ], [ -53.5182, -32.4823 ], [ -53.5214, -32.4835 ], [ -53.5197, -32.4872 ], [ -53.5255, -32.4892 ], [ -53.53, -32.4839 ], [ -53.5416, -32.4803 ], [ -53.5399, -32.4731 ], [ -53.5541, -32.4739 ], [ -53.5646, -32.4603 ], [ -53.5815, -32.4524 ], [ -53.5865, -32.4367 ], [ -53.598, -32.4314 ], [ -53.6126, -32.4164 ], [ -53.609, -32.4031 ], [ -53.6108, -32.3996 ], [ -53.6249, -32.3893 ], [ -53.6432, -32.3845 ], [ -53.6417, -32.3676 ], [ -53.6316, -32.3553 ], [ -53.6311, -32.3503 ], [ -53.6432, -32.3335 ], [ -53.6414, -32.3247 ], [ -53.654, -32.3194 ], [ -53.6556, -32.3145 ], [ -53.6542, -32.3114 ], [ -53.6455, -32.3115 ], [ -53.6411, -32.2968 ], [ -53.6543, -32.2899 ], [ -53.6553, -32.277 ], [ -53.6637, -32.2744 ], [ -53.6772, -32.2579 ], [ -53.6756, -32.2525 ], [ -53.6785, -32.2422 ], [ -53.6759, -32.2366 ], [ -53.6848, -32.2199 ], [ -53.6934, -32.2135 ], [ -53.6943, -32.2045 ], [ -53.7041, -32.2072 ], [ -53.7116, -32.1988 ], [ -53.7026, -32.1893 ], [ -53.7118, -32.1883 ], [ -53.7145, -32.1833 ], [ -53.7132, -32.1776 ], [ -53.7235, -32.1737 ], [ -53.7172, -32.1544 ], [ -53.7349, -32.1526 ], [ -53.7258, -32.1465 ], [ -53.7251, -32.142 ], [ -53.7435, -32.1162 ], [ -53.7368, -32.1071 ], [ -53.7394, -32.1015 ], [ -53.7304, -32.1067 ], [ -53.7243, -32.0973 ], [ -53.7447, -32.0923 ], [ -53.7449, -32.0789 ], [ -53.7535, -32.0802 ], [ -53.7558, -32.0771 ], [ -53.7631, -32.0805 ], [ -53.7688, -32.0741 ], [ -53.7799, -32.0709 ], [ -53.7885, -32.0725 ], [ -53.79, -32.0687 ], [ -53.8024, -32.0715 ], [ -53.8115, -32.0656 ], [ -53.8134, -32.0599 ], [ -53.8263, -32.0599 ], [ -53.8324, -32.0556 ], [ -53.8353, -32.0514 ], [ -53.8333, -32.0426 ], [ -53.8415, -32.04 ], [ -53.8369, -32.0336 ], [ -53.8453, -32.0294 ], [ -53.8516, -32.0301 ], [ -53.8505, -32.0138 ], [ -53.8529, -32.0078 ], [ -53.8491, -32.0011 ], [ -53.8596, -31.9976 ], [ -53.8593, -31.9952 ], [ -53.8625, -31.9965 ], [ -53.8636, -31.993 ], [ -53.8714, -31.9994 ], [ -53.879, -31.9951 ], [ -53.8917, -31.9956 ], [ -53.8961, -31.9811 ], [ -53.9076, -31.9752 ], [ -53.9127, -31.9662 ], [ -53.9315, -31.9632 ], [ -53.9473, -31.9541 ], [ -53.952, -31.9573 ], [ -53.9601, -31.9552 ], [ -53.972, -31.9399 ], [ -53.9713, -31.9363 ], [ -53.9653, -31.9368 ], [ -53.9643, -31.9306 ], [ -53.961, -31.9309 ], [ -53.9627, -31.9224 ], [ -53.9688, -31.9224 ], [ -53.9669, -31.9206 ], [ -53.9692, -31.918 ], [ -54.0023, -31.9146 ], [ -54.0049, -31.9079 ], [ -54.014, -31.9082 ], [ -54.0112, -31.904 ], [ -54.0168, -31.9036 ], [ -54.0144, -31.9007 ], [ -54.0221, -31.9011 ], [ -54.0254, -31.8962 ], [ -54.03, -31.8985 ], [ -54.0309, -31.8949 ], [ -54.0394, -31.8965 ], [ -54.0446, -31.903 ], [ -54.0534, -31.9054 ], [ -54.0595, -31.9194 ], [ -54.0683, -31.9224 ], [ -54.0735, -31.9187 ], [ -54.0803, -31.9243 ], [ -54.0792, -31.9282 ], [ -54.0872, -31.9306 ], [ -54.0867, -31.9349 ], [ -54.0898, -31.935 ], [ -54.0915, -31.9305 ], [ -54.1, -31.9281 ], [ -54.1004, -31.9242 ], [ -54.1081, -31.9191 ], [ -54.1053, -31.9129 ], [ -54.1106, -31.9078 ], [ -54.1333, -31.8962 ], [ -54.1349, -31.8981 ], [ -54.1417, -31.895 ], [ -54.1454, -31.8833 ], [ -54.1536, -31.88 ], [ -54.4572, -31.6513 ], [ -54.4591, -31.6579 ], [ -54.4598, -31.654 ], [ -54.4653, -31.6548 ], [ -54.4671, -31.6583 ], [ -54.4642, -31.6628 ], [ -54.4738, -31.6728 ], [ -54.4694, -31.6746 ], [ -54.4717, -31.6779 ], [ -54.4694, -31.6828 ], [ -54.4761, -31.69 ], [ -54.4743, -31.6926 ], [ -54.4716, -31.6899 ], [ -54.4708, -31.6927 ], [ -54.4828, -31.7009 ], [ -54.4798, -31.717 ], [ -54.4773, -31.7182 ], [ -54.479, -31.7219 ], [ -54.4707, -31.7261 ], [ -54.4795, -31.7274 ], [ -54.48, -31.7366 ], [ -54.4844, -31.7363 ], [ -54.4864, -31.7431 ], [ -54.4705, -31.7496 ], [ -54.4766, -31.764 ], [ -54.4646, -31.7698 ], [ -54.4658, -31.7839 ], [ -54.4568, -31.7802 ], [ -54.4615, -31.7893 ], [ -54.4603, -31.7913 ], [ -54.4551, -31.7883 ], [ -54.4574, -31.7918 ], [ -54.4554, -31.7952 ], [ -54.4595, -31.7967 ], [ -54.4551, -31.8038 ] ] ] } },
{ "type": "Feature", "properties": { }, "geometry": { "type": "Polygon", "coordinates": [ [ [ -54.3161, -32.7139 ], [ -54.3221, -32.7109 ], [ -54.3319, -32.7191 ], [ -54.3361, -32.7166 ], [ -54.3346, -32.7138 ], [ -54.3397, -32.7121 ], [ -54.3419, -32.7176 ], [ -54.3551, -32.7196 ], [ -54.3613, -32.7162 ], [ -54.3819, -32.7246 ], [ -54.3862, -32.7358 ], [ -54.3837, -32.7483 ], [ -54.3862, -32.7582 ], [ -54.3826, -32.7675 ], [ -54.3847, -32.771 ], [ -54.392, -32.7695 ], [ -54.3941, -32.761 ], [ -54.4042, -32.7493 ], [ -54.4258, -32.7532 ], [ -54.4353, -32.76 ], [ -54.4394, -32.7791 ], [ -54.4557, -32.782 ], [ -54.4756, -32.7945 ], [ -54.4799, -32.7891 ], [ -54.4863, -32.7893 ], [ -54.5056, -32.781 ], [ -54.5089, -32.7814 ], [ -54.5093, -32.7891 ], [ -54.5155, -32.7962 ], [ -54.5281, -32.7997 ], [ -54.5322, -32.8093 ], [ -54.5433, -32.805 ], [ -54.5524, -32.7951 ], [ -54.5768, -32.801 ], [ -54.586, -32.8168 ], [ -54.5995, -32.8265 ], [ -54.6179, -32.8325 ], [ -54.6242, -32.8468 ], [ -54.6416, -32.8317 ], [ -54.639, -32.8225 ], [ -54.6516, -32.8225 ], [ -54.6582, -32.818 ], [ -54.6585, -32.8133 ], [ -54.6674, -32.8107 ], [ -54.6755, -32.7999 ], [ -54.6901, -32.7956 ], [ -54.7144, -32.8066 ], [ -54.7442, -32.84 ], [ -54.7602, -32.8389 ], [ -54.7837, -32.849 ], [ -54.803, -32.8471 ], [ -54.852, -32.8528 ], [ -54.8572, -32.8659 ], [ -54.903, -32.9106 ], [ -54.9743, -32.9181 ], [ -54.9823, -32.9244 ], [ -55.0075, -32.9334 ], [ -55.0064, -32.9383 ], [ -55.0198, -32.9516 ], [ -55.0212, -32.9637 ], [ -55.0313, -32.9678 ], [ -55.0343, -32.9733 ], [ -55.0213, -32.9901 ], [ -55.0152, -32.9944 ], [ -55.0107, -32.9937 ], [ -55.0064, -32.9999 ], [ -55.0103, -33.0228 ], [ -55.0188, -33.0393 ], [ -55.0393, -33.0457 ], [ -55.0431, -33.0501 ], [ -55.0403, -33.0515 ], [ -55.0391, -33.0606 ], [ -55.0781, -33.0759 ], [ -55.1016, -33.0793 ], [ -55.1191, -33.0894 ], [ -55.12, -33.0939 ], [ -55.1284, -33.0977 ], [ -55.1325, -33.1043 ], [ -55.1316, -33.1185 ], [ -55.1354, -33.1203 ], [ -55.1367, -33.1268 ], [ -55.1196, -33.1412 ], [ -55.1273, -33.1589 ], [ -55.1257, -33.1729 ], [ -55.1303, -33.1814 ], [ -55.1171, -33.1943 ], [ -55.124, -33.2066 ], [ -55.1319, -33.2128 ], [ -55.1393, -33.2319 ], [ -55.1276, -33.2378 ], [ -55.1214, -33.246 ], [ -55.1114, -33.2518 ], [ -55.0982, -33.2728 ], [ -55.105, -33.2879 ], [ -55.1183, -33.2924 ], [ -55.131, -33.309 ], [ -55.1422, -33.3159 ], [ -55.1397, -33.3245 ], [ -55.1323, -33.3284 ], [ -55.1301, -33.338 ], [ -55.1424, -33.3456 ], [ -55.1581, -33.3761 ], [ -55.1585, -33.3964 ], [ -55.1486, -33.4138 ], [ -55.1496, -33.4206 ], [ -55.1538, -33.4248 ], [ -55.1399, -33.4299 ], [ -55.1325, -33.4362 ], [ -55.1293, -33.4442 ], [ -55.1264, -33.4338 ], [ -55.121, -33.4319 ], [ -55.1181, -33.4269 ], [ -55.1131, -33.4263 ], [ -55.1088, -33.4307 ], [ -55.1018, -33.432 ], [ -55.0975, -33.4296 ], [ -55.0932, -33.4189 ], [ -55.1045, -33.4099 ], [ -55.1, -33.4 ], [ -55.1066, -33.3888 ], [ -55.1011, -33.3811 ], [ -55.1067, -33.3735 ], [ -55.105, -33.3706 ], [ -55.0958, -33.3709 ], [ -55.096, -33.3576 ], [ -55.091, -33.3499 ], [ -55.0853, -33.3568 ], [ -55.0804, -33.3516 ], [ -55.0727, -33.3538 ], [ -55.0682, -33.3497 ], [ -55.0705, -33.3458 ], [ -55.0675, -33.3434 ], [ -55.063, -33.3484 ], [ -55.0558, -33.3462 ], [ -55.0498, -33.3508 ], [ -55.0352, -33.3504 ], [ -55.0324, -33.3388 ], [ -55.0223, -33.344 ], [ -55.0212, -33.3484 ], [ -55.0102, -33.3522 ], [ -55.0086, -33.3482 ], [ -55.0127, -33.3459 ], [ -55.0013, -33.3396 ], [ -54.9992, -33.3578 ], [ -54.9891, -33.3526 ], [ -54.9855, -33.3563 ], [ -54.9578, -33.3548 ], [ -54.951, -33.3626 ], [ -54.9595, -33.3623 ], [ -54.961, -33.3657 ], [ -54.9543, -33.3723 ], [ -54.9466, -33.3728 ], [ -54.9399, -33.3601 ], [ -54.9275, -33.3643 ], [ -54.9221, -33.3494 ], [ -54.9019, -33.3539 ], [ -54.889, -33.3498 ], [ -54.8807, -33.3565 ], [ -54.8808, -33.3483 ], [ -54.8742, -33.3473 ], [ -54.8713, -33.3373 ], [ -54.875, -33.3334 ], [ -54.8646, -33.3333 ], [ -54.8592, -33.3273 ], [ -54.8471, -33.336 ], [ -54.8443, -33.3307 ], [ -54.8331, -33.3295 ], [ -54.8336, -33.3213 ], [ -54.8284, -33.319 ], [ -54.8205, -33.3226 ], [ -54.8173, -33.3338 ], [ -54.8046, -33.3376 ], [ -54.8012, -33.3356 ], [ -54.7931, -33.3423 ], [ -54.7104, -33.4219 ], [ -54.6921, -33.4201 ], [ -54.6753, -33.4262 ], [ -54.6572, -33.4193 ], [ -54.6387, -33.4178 ], [ -54.6315, -33.4191 ], [ -54.6264, -33.4246 ], [ -54.6216, -33.4236 ], [ -54.62, -33.428 ], [ -54.5919, -33.4244 ], [ -54.5773, -33.439 ], [ -54.5582, -33.4359 ], [ -54.5531, -33.4404 ], [ -54.5386, -33.4381 ], [ -54.5324, -33.44 ], [ -54.5218, -33.4519 ], [ -54.5163, -33.4515 ], [ -54.5101, -33.4453 ], [ -54.5016, -33.4486 ], [ -54.495, -33.4444 ], [ -54.4883, -33.4489 ], [ -54.4805, -33.442 ], [ -54.4643, -33.4441 ], [ -54.4559, -33.4413 ], [ -54.4579, -33.4336 ], [ -54.4525, -33.4294 ], [ -54.4543, -33.4226 ], [ -54.4454, -33.4181 ], [ -54.4463, -33.4136 ], [ -54.4422, -33.4141 ], [ -54.4447, -33.4102 ], [ -54.4395, -33.4093 ], [ -54.4392, -33.4016 ], [ -54.435, -33.3997 ], [ -54.4349, -33.3946 ], [ -54.4315, -33.3953 ], [ -54.4346, -33.3872 ], [ -54.4293, -33.3878 ], [ -54.4303, -33.3829 ], [ -54.4229, -33.3839 ], [ -54.4228, -33.3868 ], [ -54.4121, -33.3872 ], [ -54.4136, -33.3897 ], [ -54.4073, -33.3915 ], [ -54.3786, -33.3962 ], [ -54.3788, -33.3901 ], [ -54.3733, -33.388 ], [ -54.3747, -33.3793 ], [ -54.3628, -33.3748 ], [ -54.3628, -33.3709 ], [ -54.3577, -33.369 ], [ -54.3548, -33.3725 ], [ -54.3503, -33.3707 ], [ -54.3506, -33.3671 ], [ -54.3451, -33.3674 ], [ -54.3462, -33.3645 ], [ -54.3414, -33.3669 ], [ -54.3333, -33.3629 ], [ -54.3297, -33.3652 ], [ -54.3234, -33.3613 ], [ -54.3252, -33.3576 ], [ -54.3166, -33.3551 ], [ -54.3082, -33.3587 ], [ -54.3055, -33.3555 ], [ -54.2996, -33.3621 ], [ -54.2946, -33.359 ], [ -54.2959, -33.3626 ], [ -54.2901, -33.3623 ], [ -54.2875, -33.3685 ], [ -54.2838, -33.3686 ], [ -54.2797, -33.3792 ], [ -54.2836, -33.3826 ], [ -54.2652, -33.3866 ], [ -54.2643, -33.3935 ], [ -54.2548, -33.408 ], [ -54.2446, -33.4106 ], [ -54.2269, -33.4279 ], [ -54.2216, -33.4254 ], [ -54.2107, -33.431 ], [ -54.2136, -33.4339 ], [ -54.2058, -33.4369 ], [ -54.2079, -33.4448 ], [ -54.2006, -33.4489 ], [ -54.1964, -33.4454 ], [ -54.1903, -33.4501 ], [ -54.1788, -33.4424 ], [ -54.1717, -33.4451 ], [ -54.1737, -33.4483 ], [ -54.1661, -33.4506 ], [ -54.1679, -33.4534 ], [ -54.1639, -33.4586 ], [ -54.156, -33.4621 ], [ -54.1456, -33.4605 ], [ -54.144, -33.4642 ], [ -54.137, -33.4566 ], [ -54.1347, -33.46 ], [ -54.1243, -33.4583 ], [ -54.1226, -33.4509 ], [ -54.119, -33.4525 ], [ -54.1119, -33.4446 ], [ -54.1017, -33.4488 ], [ -54.1009, -33.4523 ], [ -54.0874, -33.4443 ], [ -54.0854, -33.4471 ], [ -54.0802, -33.4462 ], [ -54.0779, -33.45 ], [ -54.0749, -33.45 ], [ -54.0752, -33.4465 ], [ -54.0605, -33.449 ], [ -54.0502, -33.4452 ], [ -54.0484, -33.4408 ], [ -54.0522, -33.4404 ], [ -54.0519, -33.437 ], [ -54.0502, -33.4337 ], [ -54.0462, -33.4353 ], [ -54.0413, -33.4178 ], [ -54.0352, -33.419 ], [ -54.033, -33.4148 ], [ -54.0205, -33.4091 ], [ -54.0168, -33.415 ], [ -54.0123, -33.4138 ], [ -54.0137, -33.4104 ], [ -54.0055, -33.4132 ], [ -53.9944, -33.3964 ], [ -53.9905, -33.4005 ], [ -53.986, -33.3979 ], [ -53.9851, -33.3878 ], [ -53.9888, -33.3841 ], [ -53.9875, -33.3723 ], [ -53.9913, -33.3677 ], [ -53.9857, -33.3618 ], [ -53.98, -33.3614 ], [ -53.9793, -33.3644 ], [ -53.9733, -33.3592 ], [ -53.9747, -33.3512 ], [ -53.9648, -33.3467 ], [ -53.9702, -33.3439 ], [ -53.9699, -33.3407 ], [ -53.9544, -33.3411 ], [ -53.9537, -33.3352 ], [ -53.946, -33.3331 ], [ -53.94, -33.3385 ], [ -53.9259, -33.341 ], [ -53.9257, -33.3372 ], [ -53.9147, -33.3367 ], [ -53.9, -33.3225 ], [ -53.8978, -33.3263 ], [ -53.8907, -33.3224 ], [ -53.8921, -33.3137 ], [ -53.8877, -33.3042 ], [ -53.8797, -33.301 ], [ -53.875, -33.2942 ], [ -53.8647, -33.2904 ], [ -53.8663, -33.2808 ], [ -53.8579, -33.2773 ], [ -53.8512, -33.2586 ], [ -53.8455, -33.258 ], [ -53.8416, -33.2738 ], [ -53.8384, -33.2755 ], [ -53.8349, -33.273 ], [ -53.8349, -33.2637 ], [ -53.8302, -33.2597 ], [ -53.8198, -33.2629 ], [ -53.8094, -33.2537 ], [ -53.8024, -33.2594 ], [ -53.801, -33.255 ], [ -53.8046, -33.2468 ], [ -53.8003, -33.2411 ], [ -53.8083, -33.239 ], [ -53.8101, -33.2339 ], [ -53.8057, -33.2292 ], [ -53.7965, -33.2285 ], [ -53.7934, -33.2249 ], [ -53.793, -33.2179 ], [ -53.7999, -33.2109 ], [ -53.7977, -33.204 ], [ -53.78, -33.1988 ], [ -53.7703, -33.2012 ], [ -53.7618, -33.1923 ], [ -53.7469, -33.1917 ], [ -53.7443, -33.18 ], [ -53.7402, -33.1816 ], [ -53.7375, -33.1896 ], [ -53.7263, -33.1909 ], [ -53.7242, -33.1835 ], [ -53.7316, -33.1792 ], [ -53.7319, -33.1758 ], [ -53.7176, -33.1774 ], [ -53.7079, -33.1827 ], [ -53.7064, -33.1783 ], [ -53.7024, -33.1771 ], [ -53.7036, -33.1723 ], [ -53.6743, -33.1678 ], [ -53.6631, -33.1618 ], [ -53.612, -33.147 ], [ -53.6169, -33.1402 ], [ -53.6232, -33.138 ], [ -53.6268, -33.1478 ], [ -53.6311, -33.1497 ], [ -53.6429, -33.1267 ], [ -53.6404, -33.12 ], [ -53.5982, -33.0911 ], [ -53.6027, -33.091 ], [ -53.6086, -33.0854 ], [ -53.6153, -33.0675 ], [ -53.6158, -33.0723 ], [ -53.6185, -33.0618 ], [ -53.6165, -33.0506 ], [ -53.6082, -33.0451 ], [ -53.5895, -33.0435 ], [ -53.5867, -33.0488 ], [ -53.5892, -33.051 ], [ -53.592, -33.0484 ], [ -53.5891, -33.0546 ], [ -53.5843, -33.0527 ], [ -53.5785, -33.0559 ], [ -53.5706, -33.0675 ], [ -53.5712, -33.0421 ], [ -53.5666, -33.0334 ], [ -53.5222, -33.0062 ], [ -53.5232, -32.9925 ], [ -53.5187, -32.9857 ], [ -53.5043, -32.9798 ], [ -53.5031, -32.9596 ], [ -53.4958, -32.9495 ], [ -53.4752, -32.9438 ], [ -53.4417, -32.94 ], [ -53.3649, -32.9408 ], [ -53.3284, -32.935 ], [ -53.3295, -32.9317 ], [ -53.3292, -32.9342 ], [ -53.3301, -32.9346 ], [ -53.3376, -32.935 ], [ -53.3347, -32.9317 ], [ -53.3298, -32.9336 ], [ -53.3333, -32.9304 ], [ -53.3415, -32.9296 ], [ -53.3506, -32.9382 ], [ -53.3463, -32.9296 ], [ -53.3706, -32.931 ], [ -53.3725, -32.9251 ], [ -53.369, -32.921 ], [ -53.3727, -32.9195 ], [ -53.3712, -32.919 ], [ -53.3683, -32.9205 ], [ -53.3592, -32.9178 ], [ -53.3438, -32.9067 ], [ -53.3502, -32.8982 ], [ -53.3434, -32.9036 ], [ -53.3413, -32.8992 ], [ -53.3344, -32.9019 ], [ -53.3248, -32.8937 ], [ -53.3223, -32.8957 ], [ -53.3235, -32.9012 ], [ -53.3198, -32.8923 ], [ -53.3334, -32.8942 ], [ -53.3418, -32.8858 ], [ -53.3475, -32.8889 ], [ -53.3546, -32.8863 ], [ -53.3416, -32.8809 ], [ -53.3308, -32.8816 ], [ -53.3083, -32.8679 ], [ -53.3049, -32.8741 ], [ -53.3106, -32.8801 ], [ -53.3011, -32.8777 ], [ -53.3036, -32.8595 ], [ -53.2942, -32.8523 ], [ -53.2906, -32.8359 ], [ -53.302, -32.8213 ], [ -53.3097, -32.8004 ], [ -53.3105, -32.7869 ], [ -53.3056, -32.7694 ], [ -53.3329, -32.7638 ], [ -53.3412, -32.7582 ], [ -53.353, -32.7634 ], [ -53.3525, -32.7678 ], [ -53.3627, -32.7763 ], [ -53.366, -32.7851 ], [ -53.3771, -32.7886 ], [ -53.383, -32.7854 ], [ -53.3847, -32.7765 ], [ -53.3946, -32.775 ], [ -53.4167, -32.7588 ], [ -53.4534, -32.7507 ], [ -53.4702, -32.7534 ], [ -53.4653, -32.76 ], [ -53.4746, -32.7651 ], [ -53.4814, -32.7576 ], [ -53.4791, -32.7549 ], [ -53.4843, -32.7485 ], [ -53.4887, -32.7525 ], [ -53.4902, -32.7483 ], [ -53.4975, -32.7464 ], [ -53.4987, -32.7531 ], [ -53.5066, -32.7571 ], [ -53.5041, -32.7608 ], [ -53.5091, -32.7614 ], [ -53.5186, -32.7528 ], [ -53.5267, -32.7516 ], [ -53.5276, -32.7557 ], [ -53.5428, -32.7637 ], [ -53.5462, -32.7619 ], [ -53.5448, -32.7567 ], [ -53.5563, -32.7575 ], [ -53.5638, -32.7517 ], [ -53.5708, -32.7613 ], [ -53.5885, -32.7624 ], [ -53.5962, -32.7651 ], [ -53.5951, -32.768 ], [ -53.6007, -32.7709 ], [ -53.6058, -32.7692 ], [ -53.6056, -32.7629 ], [ -53.6134, -32.7592 ], [ -53.6199, -32.7589 ], [ -53.6282, -32.7658 ], [ -53.6394, -32.7576 ], [ -53.6455, -32.7586 ], [ -53.6509, -32.7531 ], [ -53.6527, -32.7555 ], [ -53.6575, -32.7542 ], [ -53.6562, -32.7511 ], [ -53.6658, -32.7539 ], [ -53.6777, -32.7482 ], [ -53.7029, -32.7617 ], [ -53.7118, -32.7542 ], [ -53.7111, -32.76 ], [ -53.7142, -32.7622 ], [ -53.7298, -32.7694 ], [ -53.7423, -32.7694 ], [ -53.7469, -32.7727 ], [ -53.7664, -32.7669 ], [ -53.7802, -32.7724 ], [ -53.7885, -32.7707 ], [ -53.7918, -32.7763 ], [ -53.801, -32.7761 ], [ -53.803, -32.769 ], [ -53.8107, -32.7681 ], [ -53.8136, -32.771 ], [ -53.8181, -32.7669 ], [ -53.8389, -32.7786 ], [ -53.8466, -32.768 ], [ -53.8496, -32.7721 ], [ -53.8576, -32.7651 ], [ -53.8729, -32.7627 ], [ -53.8802, -32.7527 ], [ -53.8897, -32.7477 ], [ -53.887, -32.74 ], [ -53.9043, -32.7343 ], [ -53.9068, -32.727 ], [ -53.9133, -32.7232 ], [ -53.9194, -32.7249 ], [ -53.9425, -32.7132 ], [ -53.9405, -32.7061 ], [ -53.968, -32.7042 ], [ -53.9743, -32.6975 ], [ -53.981, -32.6996 ], [ -53.9917, -32.715 ], [ -53.9968, -32.7165 ], [ -54.011, -32.7124 ], [ -54.0281, -32.7204 ], [ -54.0369, -32.7298 ], [ -54.0449, -32.7564 ], [ -54.0532, -32.7578 ], [ -54.054, -32.7763 ], [ -54.0453, -32.7793 ], [ -54.0485, -32.7823 ], [ -54.0479, -32.7937 ], [ -54.0414, -32.7953 ], [ -54.0437, -32.803 ], [ -54.0309, -32.8072 ], [ -54.0337, -32.8139 ], [ -54.0513, -32.8096 ], [ -54.0589, -32.8039 ], [ -54.0701, -32.8051 ], [ -54.0736, -32.794 ], [ -54.0821, -32.7964 ], [ -54.0847, -32.7897 ], [ -54.1013, -32.7899 ], [ -54.1042, -32.7857 ], [ -54.1281, -32.7823 ], [ -54.1311, -32.7766 ], [ -54.1228, -32.7722 ], [ -54.1239, -32.7697 ], [ -54.1328, -32.7713 ], [ -54.1294, -32.7613 ], [ -54.1328, -32.7609 ], [ -54.1431, -32.7756 ], [ -54.1453, -32.7743 ], [ -54.1437, -32.7694 ], [ -54.148, -32.7686 ], [ -54.1565, -32.7734 ], [ -54.1603, -32.7707 ], [ -54.1557, -32.7606 ], [ -54.1588, -32.7533 ], [ -54.1675, -32.7598 ], [ -54.1731, -32.7572 ], [ -54.1712, -32.7542 ], [ -54.1738, -32.752 ], [ -54.2016, -32.7565 ], [ -54.2041, -32.7463 ], [ -54.2116, -32.7442 ], [ -54.2181, -32.7484 ], [ -54.2245, -32.7396 ], [ -54.2295, -32.7395 ], [ -54.2381, -32.7313 ], [ -54.2481, -32.7372 ], [ -54.2533, -32.7325 ], [ -54.2874, -32.7372 ], [ -54.2876, -32.7318 ], [ -54.2962, -32.7259 ], [ -54.2966, -32.7221 ], [ -54.3049, -32.7263 ], [ -54.3055, -32.723 ], [ -54.3124, -32.723 ], [ -54.3161, -32.7139 ] ] ] } },
{ "type": "Feature", "properties": { }, "geometry": { "type": "Polygon", "coordinates": [ [ [ -53.7176, -33.1774 ], [ -53.7319, -33.1758 ], [ -53.7316, -33.1792 ], [ -53.7242, -33.1835 ], [ -53.7263, -33.1909 ], [ -53.7375, -33.1896 ], [ -53.7402, -33.1816 ], [ -53.7443, -33.18 ], [ -53.7469, -33.1917 ], [ -53.7618, -33.1923 ], [ -53.7703, -33.2012 ], [ -53.78, -33.1988 ], [ -53.7977, -33.204 ], [ -53.7999, -33.2109 ], [ -53.793, -33.2179 ], [ -53.7934, -33.2249 ], [ -53.7965, -33.2285 ], [ -53.8057, -33.2292 ], [ -53.8101, -33.2339 ], [ -53.8083, -33.239 ], [ -53.8003, -33.2411 ], [ -53.8046, -33.2468 ], [ -53.801, -33.255 ], [ -53.8024, -33.2594 ], [ -53.8094, -33.2537 ], [ -53.8198, -33.2629 ], [ -53.8302, -33.2597 ], [ -53.8349, -33.2637 ], [ -53.8349, -33.273 ], [ -53.8384, -33.2755 ], [ -53.8416, -33.2738 ], [ -53.8455, -33.258 ], [ -53.8512, -33.2586 ], [ -53.8579, -33.2773 ], [ -53.8663, -33.2808 ], [ -53.8647, -33.2904 ], [ -53.875, -33.2942 ], [ -53.8797, -33.301 ], [ -53.8877, -33.3042 ], [ -53.8921, -33.3137 ], [ -53.8907, -33.3224 ], [ -53.8978, -33.3263 ], [ -53.9, -33.3225 ], [ -53.9147, -33.3367 ], [ -53.9257, -33.3372 ], [ -53.9259, -33.341 ], [ -53.94, -33.3385 ], [ -53.946, -33.3331 ], [ -53.9537, -33.3352 ], [ -53.9544, -33.3411 ], [ -53.9699, -33.3407 ], [ -53.9702, -33.3439 ], [ -53.9648, -33.3467 ], [ -53.9747, -33.3512 ], [ -53.9733, -33.3592 ], [ -53.9793, -33.3644 ], [ -53.98, -33.3614 ], [ -53.9857, -33.3618 ], [ -53.9913, -33.3677 ], [ -53.9875, -33.3723 ], [ -53.9888, -33.3841 ], [ -53.9851, -33.3878 ], [ -53.986, -33.3979 ], [ -53.9905, -33.4005 ], [ -53.9944, -33.3964 ], [ -54.005, -33.4129 ], [ -54.0137, -33.4104 ], [ -54.0123, -33.4138 ], [ -54.0168, -33.415 ], [ -54.0205, -33.4091 ], [ -54.033, -33.4148 ], [ -54.0352, -33.419 ], [ -54.0413, -33.4178 ], [ -54.0462, -33.4353 ], [ -54.0502, -33.4337 ], [ -54.0519, -33.437 ], [ -54.0522, -33.4404 ], [ -54.0484, -33.4408 ], [ -54.0502, -33.4452 ], [ -54.0605, -33.449 ], [ -54.0752, -33.4465 ], [ -54.0749, -33.45 ], [ -54.0779, -33.45 ], [ -54.0802, -33.4462 ], [ -54.0854, -33.4471 ], [ -54.0874, -33.4443 ], [ -54.1009, -33.4523 ], [ -54.1017, -33.4488 ], [ -54.1122, -33.4447 ], [ -54.119, -33.4525 ], [ -54.1226, -33.4509 ], [ -54.1243, -33.4583 ], [ -54.1349, -33.4634 ], [ -54.1355, -33.4713 ], [ -54.1394, -33.4731 ], [ -54.1375, -33.4784 ], [ -54.1408, -33.4816 ], [ -54.1529, -33.4828 ], [ -54.1576, -33.4765 ], [ -54.1605, -33.4776 ], [ -54.1594, -33.4806 ], [ -54.1669, -33.4797 ], [ -54.172, -33.4839 ], [ -54.1758, -33.481 ], [ -54.1778, -33.4873 ], [ -54.187, -33.4818 ], [ -54.1964, -33.4864 ], [ -54.196, -33.4832 ], [ -54.2035, -33.4852 ], [ -54.2078, -33.4829 ], [ -54.2094, -33.4877 ], [ -54.2187, -33.4885 ], [ -54.22, -33.4956 ], [ -54.2258, -33.5003 ], [ -54.2284, -33.499 ], [ -54.2292, -33.5027 ], [ -54.2266, -33.5061 ], [ -54.2223, -33.5051 ], [ -54.2266, -33.5099 ], [ -54.2185, -33.5161 ], [ -54.2246, -33.524 ], [ -54.2322, -33.5242 ], [ -54.2348, -33.5313 ], [ -54.239, -33.5306 ], [ -54.2371, -33.5368 ], [ -54.2321, -33.5363 ], [ -54.2361, -33.5442 ], [ -54.2547, -33.5425 ], [ -54.2606, -33.5455 ], [ -54.2603, -33.5489 ], [ -54.2676, -33.5498 ], [ -54.2705, -33.5573 ], [ -54.2656, -33.5565 ], [ -54.2678, -33.5681 ], [ -54.2831, -33.5813 ], [ -54.2914, -33.5933 ], [ -54.3033, -33.597 ], [ -54.3006, -33.601 ], [ -54.3035, -33.6054 ], [ -54.3167, -33.608 ], [ -54.3224, -33.6134 ], [ -54.3242, -33.6076 ], [ -54.3332, -33.6157 ], [ -54.3489, -33.6161 ], [ -54.3545, -33.6127 ], [ -54.359, -33.6167 ], [ -54.3652, -33.614 ], [ -54.3695, -33.6162 ], [ -54.3669, -33.6188 ], [ -54.3728, -33.6251 ], [ -54.3761, -33.6237 ], [ -54.3814, -33.6279 ], [ -54.3821, -33.636 ], [ -54.3869, -33.6375 ], [ -54.3852, -33.6587 ], [ -54.3917, -33.665 ], [ -54.387, -33.6714 ], [ -54.3929, -33.6804 ], [ -54.3894, -33.6857 ], [ -54.3918, -33.6901 ], [ -54.3896, -33.6955 ], [ -54.3925, -33.6992 ], [ -54.3854, -33.7114 ], [ -54.3894, -33.7226 ], [ -54.3793, -33.73 ], [ -54.3805, -33.7381 ], [ -54.3749, -33.738 ], [ -54.3799, -33.7396 ], [ -54.3914, -33.7523 ], [ -54.3915, -33.7618 ], [ -54.3884, -33.7648 ], [ -54.3934, -33.7698 ], [ -54.3981, -33.7687 ], [ -54.4004, -33.7724 ], [ -54.4139, -33.7783 ], [ -54.4108, -33.7833 ], [ -54.4145, -33.7883 ], [ -54.4179, -33.7869 ], [ -54.4154, -33.7827 ], [ -54.4192, -33.7817 ], [ -54.4249, -33.7911 ], [ -54.4312, -33.7934 ], [ -54.4313, -33.81 ], [ -54.4396, -33.8136 ], [ -54.4332, -33.8232 ], [ -54.4237, -33.828 ], [ -54.4287, -33.8328 ], [ -54.4319, -33.8455 ], [ -54.4366, -33.847 ], [ -54.4322, -33.8556 ], [ -54.4361, -33.86 ], [ -54.4391, -33.8779 ], [ -54.4466, -33.8833 ], [ -54.4457, -33.8877 ], [ -54.4493, -33.8908 ], [ -54.4469, -33.8954 ], [ -54.4664, -33.9018 ], [ -54.4767, -33.8983 ], [ -54.4821, -33.9018 ], [ -54.4851, -33.9097 ], [ -54.483, -33.919 ], [ -54.4856, -33.9184 ], [ -54.4863, -33.922 ], [ -54.483, -33.9298 ], [ -54.4867, -33.9394 ], [ -54.4817, -33.9498 ], [ -54.4873, -33.9626 ], [ -54.4803, -33.9682 ], [ -54.4843, -33.9744 ], [ -54.4809, -33.977 ], [ -54.4865, -33.9797 ], [ -54.484, -33.9862 ], [ -54.4886, -33.9907 ], [ -54.4852, -34.002 ], [ -54.494, -34.0111 ], [ -54.4918, -34.0158 ], [ -54.471, -34.0285 ], [ -54.468, -34.0409 ], [ -54.4744, -34.0534 ], [ -54.4696, -34.0587 ], [ -54.4746, -34.0615 ], [ -54.4779, -34.0706 ], [ -54.4632, -34.0805 ], [ -54.4638, -34.0893 ], [ -54.468, -34.0918 ], [ -54.4697, -34.1011 ], [ -54.4749, -34.1007 ], [ -54.4756, -34.1112 ], [ -54.4835, -34.1158 ], [ -54.4702, -34.129 ], [ -54.48, -34.1366 ], [ -54.478, -34.1416 ], [ -54.4695, -34.1459 ], [ -54.4685, -34.1548 ], [ -54.4704, -34.1582 ], [ -54.4775, -34.156 ], [ -54.4837, -34.1581 ], [ -54.4861, -34.1606 ], [ -54.4844, -34.1646 ], [ -54.491, -34.1684 ], [ -54.4852, -34.1802 ], [ -54.4874, -34.1843 ], [ -54.485, -34.1894 ], [ -54.4896, -34.1938 ], [ -54.4895, -34.2052 ], [ -54.4867, -34.2126 ], [ -54.4876, -34.2353 ], [ -54.4826, -34.2476 ], [ -54.4856, -34.2744 ], [ -54.481, -34.2772 ], [ -54.4865, -34.2859 ], [ -54.484, -34.3002 ], [ -54.4867, -34.3074 ], [ -54.4839, -34.3156 ], [ -54.4866, -34.3201 ], [ -54.4832, -34.3254 ], [ -54.4871, -34.3382 ], [ -54.4863, -34.3588 ], [ -54.4931, -34.3717 ], [ -54.4872, -34.3829 ], [ -54.4949, -34.3769 ], [ -54.4971, -34.3834 ], [ -54.4944, -34.3882 ], [ -54.5066, -34.4055 ], [ -54.5119, -34.396 ], [ -54.5187, -34.3937 ], [ -54.523, -34.3847 ], [ -54.5451, -34.3874 ], [ -54.5563, -34.3833 ], [ -54.5593, -34.3851 ], [ -54.548, -34.3978 ], [ -54.5518, -34.4113 ], [ -54.5614, -34.4126 ], [ -54.5623, -34.4201 ], [ -54.5674, -34.4225 ], [ -54.5767, -34.4216 ], [ -54.5624, -34.4307 ], [ -54.562, -34.442 ], [ -54.5561, -34.4429 ], [ -54.5581, -34.4492 ], [ -54.5543, -34.4531 ], [ -54.5479, -34.4517 ], [ -54.55, -34.4551 ], [ -54.5393, -34.4649 ], [ -54.5381, -34.469 ], [ -54.541, -34.4687 ], [ -54.5428, -34.4759 ], [ -54.5361, -34.4765 ], [ -54.5354, -34.4791 ], [ -54.5394, -34.4816 ], [ -54.5346, -34.486 ], [ -54.5388, -34.4884 ], [ -54.5341, -34.4906 ], [ -54.5415, -34.4949 ], [ -54.5376, -34.4985 ], [ -54.5353, -34.5131 ], [ -54.53, -34.5161 ], [ -54.5224, -34.5126 ], [ -54.5145, -34.5179 ], [ -54.5113, -34.5308 ], [ -54.5043, -34.5351 ], [ -54.5062, -34.5388 ], [ -54.5014, -34.5536 ], [ -54.5028, -34.558 ], [ -54.5088, -34.5591 ], [ -54.5138, -34.5677 ], [ -54.5179, -34.5692 ], [ -54.5181, -34.5779 ], [ -54.5292, -34.5811 ], [ -54.5342, -34.5915 ], [ -54.5298, -34.595 ], [ -54.5299, -34.5995 ], [ -54.5383, -34.6072 ], [ -54.5357, -34.6116 ], [ -54.5375, -34.6208 ], [ -54.5317, -34.6278 ], [ -54.5426, -34.6595 ], [ -54.533, -34.6665 ], [ -54.5349, -34.6711 ], [ -54.5323, -34.6742 ], [ -54.5359, -34.6814 ], [ -54.533, -34.6856 ], [ -54.5348, -34.7016 ], [ -54.5371, -34.7084 ], [ -54.5403, -34.7092 ], [ -54.5357, -34.7139 ], [ -54.5353, -34.7257 ], [ -54.5286, -34.7293 ], [ -54.5235, -34.7413 ], [ -54.5255, -34.7544 ], [ -54.5331, -34.7574 ], [ -54.5412, -34.7497 ], [ -54.5519, -34.7494 ], [ -54.5603, -34.7689 ], [ -54.5599, -34.7827 ], [ -54.5682, -34.7903 ], [ -54.5714, -34.8038 ], [ -54.4531, -34.7484 ], [ -54.2389, -34.6708 ], [ -54.1971, -34.661 ], [ -54.1783, -34.6619 ], [ -54.1523, -34.6689 ], [ -54.1513, -34.6565 ], [ -54.1457, -34.6552 ], [ -54.1441, -34.6588 ], [ -54.1388, -34.6537 ], [ -54.1505, -34.6501 ], [ -54.1542, -34.6422 ], [ -54.1465, -34.6187 ], [ -54.1207, -34.5941 ], [ -54.121, -34.5883 ], [ -54.1169, -34.582 ], [ -54.0813, -34.5536 ], [ -54.0062, -34.5059 ], [ -53.8645, -34.4327 ], [ -53.8016, -34.4069 ], [ -53.788, -34.4048 ], [ -53.7834, -34.4061 ], [ -53.7839, -34.409 ], [ -53.7753, -34.4078 ], [ -53.7747, -34.4036 ], [ -53.7802, -34.3964 ], [ -53.779, -34.3832 ], [ -53.7668, -34.3646 ], [ -53.759, -34.3583 ], [ -53.7668, -34.3521 ], [ -53.7686, -34.3436 ], [ -53.7785, -34.3459 ], [ -53.7823, -34.3438 ], [ -53.7898, -34.3259 ], [ -53.7867, -34.2975 ], [ -53.7768, -34.2751 ], [ -53.7365, -34.2215 ], [ -53.6881, -34.1705 ], [ -53.5818, -34.0858 ], [ -53.5623, -34.0726 ], [ -53.5508, -34.0689 ], [ -53.5521, -34.0612 ], [ -53.5334, -34.0453 ], [ -53.5384, -34.0432 ], [ -53.5352, -34.0329 ], [ -53.5406, -34.0321 ], [ -53.542, -34.0262 ], [ -53.5372, -34.014 ], [ -53.527, -34.0031 ], [ -53.5338, -33.9986 ], [ -53.5317, -33.9883 ], [ -53.5275, -33.9854 ], [ -53.5311, -33.9841 ], [ -53.5295, -33.9707 ], [ -53.5057, -33.9455 ], [ -53.5099, -33.9417 ], [ -53.5056, -33.934 ], [ -53.5116, -33.9144 ], [ -53.5033, -33.8871 ], [ -53.4643, -33.8322 ], [ -53.4186, -33.7856 ], [ -53.3698, -33.7441 ], [ -53.3804, -33.7483 ], [ -53.3867, -33.7469 ], [ -53.3942, -33.7516 ], [ -53.3989, -33.7488 ], [ -53.4164, -33.7488 ], [ -53.4262, -33.7398 ], [ -53.4311, -33.7398 ], [ -53.4307, -33.7308 ], [ -53.4381, -33.7128 ], [ -53.4364, -33.7019 ], [ -53.4424, -33.6977 ], [ -53.4387, -33.6941 ], [ -53.5322, -33.6893 ], [ -53.529, -33.6884 ], [ -53.5308, -33.6787 ], [ -53.5243, -33.6745 ], [ -53.532, -33.6675 ], [ -53.5309, -33.6595 ], [ -53.5338, -33.6589 ], [ -53.5313, -33.6564 ], [ -53.5328, -33.6495 ], [ -53.5355, -33.6495 ], [ -53.5318, -33.648 ], [ -53.5316, -33.6408 ], [ -53.5285, -33.6398 ], [ -53.5297, -33.6334 ], [ -53.5262, -33.6255 ], [ -53.5366, -33.6139 ], [ -53.5326, -33.6101 ], [ -53.5326, -33.6052 ], [ -53.5383, -33.6105 ], [ -53.5396, -33.6033 ], [ -53.5341, -33.5951 ], [ -53.5343, -33.5919 ], [ -53.537, -33.5929 ], [ -53.5349, -33.5861 ], [ -53.5381, -33.5816 ], [ -53.5376, -33.5715 ], [ -53.5289, -33.5594 ], [ -53.5358, -33.5618 ], [ -53.5403, -33.5522 ], [ -53.5314, -33.5436 ], [ -53.5428, -33.5395 ], [ -53.5414, -33.5362 ], [ -53.5461, -33.5283 ], [ -53.5412, -33.5218 ], [ -53.5483, -33.5244 ], [ -53.558, -33.5219 ], [ -53.5685, -33.5109 ], [ -53.5884, -33.4667 ], [ -53.5886, -33.456 ], [ -53.5984, -33.4328 ], [ -53.5926, -33.4003 ], [ -53.5677, -33.3612 ], [ -53.5655, -33.3504 ], [ -53.5679, -33.3495 ], [ -53.5759, -33.3627 ], [ -53.5816, -33.3646 ], [ -53.5982, -33.3577 ], [ -53.6059, -33.344 ], [ -53.6021, -33.3405 ], [ -53.6011, -33.321 ], [ -53.5928, -33.3055 ], [ -53.5975, -33.3034 ], [ -53.5928, -33.3052 ], [ -53.5876, -33.2916 ], [ -53.5738, -33.2773 ], [ -53.5712, -33.2656 ], [ -53.5755, -33.2648 ], [ -53.5761, -33.2726 ], [ -53.5818, -33.2817 ], [ -53.5917, -33.2815 ], [ -53.6077, -33.2746 ], [ -53.627, -33.2591 ], [ -53.6459, -33.2374 ], [ -53.6609, -33.2075 ], [ -53.6603, -33.1871 ], [ -53.6514, -33.1741 ], [ -53.6351, -33.1705 ], [ -53.6128, -33.1797 ], [ -53.6043, -33.1797 ], [ -53.6091, -33.1722 ], [ -53.6068, -33.1764 ], [ -53.622, -33.1675 ], [ -53.6241, -33.1644 ], [ -53.6207, -33.1643 ], [ -53.6259, -33.1601 ], [ -53.6226, -33.1597 ], [ -53.6101, -33.1688 ], [ -53.6156, -33.1533 ], [ -53.6079, -33.1527 ], [ -53.612, -33.147 ], [ -53.6631, -33.1618 ], [ -53.6743, -33.1678 ], [ -53.7036, -33.1723 ], [ -53.7028, -33.1779 ], [ -53.7064, -33.1783 ], [ -53.7079, -33.1827 ], [ -53.7176, -33.1774 ] ] ] } },
{ "type": "Feature", "properties": { }, "geometry": { "type": "Polygon", "coordinates": [ [ [ -56.3536, -34.7277 ], [ -56.3417, -34.7499 ], [ -56.3468, -34.7589 ], [ -56.3431, -34.773 ], [ -56.3454, -34.7798 ], [ -56.3741, -34.7884 ], [ -56.3949, -34.804 ], [ -56.4054, -34.8079 ], [ -56.4093, -34.8166 ], [ -56.4317, -34.8294 ], [ -56.4238, -34.8378 ], [ -56.3892, -34.8455 ], [ -56.3868, -34.851 ], [ -56.3806, -34.8523 ], [ -56.3765, -34.8609 ], [ -56.3671, -34.8631 ], [ -56.3672, -34.8656 ], [ -56.355, -34.8663 ], [ -56.3548, -34.8697 ], [ -56.351, -34.8665 ], [ -56.3397, -34.8707 ], [ -56.3314, -34.8816 ], [ -56.332, -34.8903 ], [ -56.3202, -34.8944 ], [ -56.3133, -34.9015 ], [ -56.3151, -34.9049 ], [ -56.3102, -34.9055 ], [ -56.3091, -34.8974 ], [ -56.296, -34.893 ], [ -56.2888, -34.8949 ], [ -56.2885, -34.8996 ], [ -56.2841, -34.8999 ], [ -56.2854, -34.8967 ], [ -56.2807, -34.8944 ], [ -56.2766, -34.8973 ], [ -56.2766, -34.9012 ], [ -56.2705, -34.8982 ], [ -56.2573, -34.9059 ], [ -56.2575, -34.8993 ], [ -56.241, -34.8937 ], [ -56.2454, -34.8882 ], [ -56.2433, -34.883 ], [ -56.247, -34.8779 ], [ -56.2401, -34.8763 ], [ -56.2334, -34.8801 ], [ -56.2296, -34.8794 ], [ -56.2258, -34.8724 ], [ -56.2146, -34.8734 ], [ -56.1984, -34.884 ], [ -56.1969, -34.8973 ], [ -56.2158, -34.9056 ], [ -56.2133, -34.9108 ], [ -56.2011, -34.9106 ], [ -56.1851, -34.9161 ], [ -56.1713, -34.9148 ], [ -56.1724, -34.9247 ], [ -56.1615, -34.93 ], [ -56.1609, -34.9357 ], [ -56.158, -34.9277 ], [ -56.1455, -34.9203 ], [ -56.1482, -34.9182 ], [ -56.1458, -34.9133 ], [ -56.1299, -34.9115 ], [ -56.1278, -34.9094 ], [ -56.1329, -34.909 ], [ -56.1312, -34.9056 ], [ -56.126, -34.9063 ], [ -56.1263, -34.9094 ], [ -56.119, -34.8993 ], [ -56.1058, -34.8974 ], [ -56.1008, -34.9004 ], [ -56.0912, -34.8958 ], [ -56.0856, -34.8961 ], [ -56.0815, -34.9008 ], [ -56.077, -34.8986 ], [ -56.0643, -34.9 ], [ -56.0545, -34.8924 ], [ -56.027, -34.8801 ], [ -56.0347, -34.8779 ], [ -56.042, -34.869 ], [ -56.0533, -34.8696 ], [ -56.0606, -34.8659 ], [ -56.0545, -34.8523 ], [ -56.0532, -34.8159 ], [ -56.0453, -34.806 ], [ -56.0402, -34.805 ], [ -56.0419, -34.7984 ], [ -56.0387, -34.7965 ], [ -56.043, -34.7921 ], [ -56.0396, -34.791 ], [ -56.0368, -34.784 ], [ -56.0297, -34.7816 ], [ -56.0295, -34.7772 ], [ -56.038, -34.7647 ], [ -56.0544, -34.7607 ], [ -56.0594, -34.7696 ], [ -56.0671, -34.7662 ], [ -56.0711, -34.7729 ], [ -56.0752, -34.7719 ], [ -56.0827, -34.7784 ], [ -56.0918, -34.7795 ], [ -56.0982, -34.7753 ], [ -56.0995, -34.7697 ], [ -56.0932, -34.76 ], [ -56.0946, -34.7575 ], [ -56.1044, -34.7498 ], [ -56.107, -34.7516 ], [ -56.1199, -34.7483 ], [ -56.1209, -34.7393 ], [ -56.1261, -34.7365 ], [ -56.1225, -34.7274 ], [ -56.1242, -34.7189 ], [ -56.1274, -34.7167 ], [ -56.1427, -34.7147 ], [ -56.156, -34.722 ], [ -56.1666, -34.7326 ], [ -56.1659, -34.7355 ], [ -56.1748, -34.7194 ], [ -56.192, -34.7216 ], [ -56.2032, -34.7308 ], [ -56.2117, -34.7433 ], [ -56.221, -34.7652 ], [ -56.2303, -34.77 ], [ -56.2427, -34.7603 ], [ -56.2712, -34.7496 ], [ -56.2742, -34.7445 ], [ -56.2717, -34.7394 ], [ -56.2772, -34.7382 ], [ -56.2795, -34.7262 ], [ -56.2888, -34.7178 ], [ -56.2945, -34.7173 ], [ -56.2966, -34.7121 ], [ -56.308, -34.703 ], [ -56.324, -34.7017 ], [ -56.3358, -34.7152 ], [ -56.3418, -34.7129 ], [ -56.3536, -34.7277 ] ] ] } },
{ "type": "Feature", "properties": { }, "geometry": { "type": "Polygon", "coordinates": [ [ [ -54.6129, -34.0484 ], [ -54.6185, -34.0448 ], [ -54.6305, -34.0448 ], [ -54.6455, -34.0522 ], [ -54.6498, -34.0521 ], [ -54.6507, -34.0461 ], [ -54.6696, -34.0411 ], [ -54.679, -34.0517 ], [ -54.684, -34.0464 ], [ -54.6896, -34.0455 ], [ -54.7018, -34.0521 ], [ -54.6971, -34.0552 ], [ -54.6981, -34.0573 ], [ -54.71, -34.0606 ], [ -54.7159, -34.0673 ], [ -54.7118, -34.0757 ], [ -54.7171, -34.0912 ], [ -54.7142, -34.0942 ], [ -54.7156, -34.1083 ], [ -54.7198, -34.1141 ], [ -54.7164, -34.1176 ], [ -54.7289, -34.1279 ], [ -54.7239, -34.1358 ], [ -54.7267, -34.139 ], [ -54.751, -34.147 ], [ -54.7495, -34.1529 ], [ -54.7529, -34.158 ], [ -54.7481, -34.1632 ], [ -54.7509, -34.1691 ], [ -54.7599, -34.1677 ], [ -54.762, -34.174 ], [ -54.7737, -34.1844 ], [ -54.778, -34.1971 ], [ -54.7705, -34.203 ], [ -54.7718, -34.2116 ], [ -54.7818, -34.2265 ], [ -54.781, -34.2336 ], [ -54.778, -34.2335 ], [ -54.7787, -34.2467 ], [ -54.7866, -34.2567 ], [ -54.7814, -34.2649 ], [ -54.7954, -34.2907 ], [ -54.8108, -34.2802 ], [ -54.8151, -34.2841 ], [ -54.8204, -34.3042 ], [ -54.8185, -34.3072 ], [ -54.8249, -34.316 ], [ -54.8224, -34.3217 ], [ -54.8264, -34.3235 ], [ -54.828, -34.3335 ], [ -54.8355, -34.3443 ], [ -54.8337, -34.3481 ], [ -54.8427, -34.3613 ], [ -54.84, -34.3708 ], [ -54.8502, -34.4072 ], [ -54.8667, -34.401 ], [ -54.8787, -34.4095 ], [ -54.8879, -34.4102 ], [ -54.8926, -34.4205 ], [ -54.9026, -34.4176 ], [ -54.9071, -34.4231 ], [ -54.9175, -34.4232 ], [ -54.9258, -34.4135 ], [ -54.934, -34.4157 ], [ -54.9396, -34.4248 ], [ -54.9621, -34.4423 ], [ -54.9784, -34.4343 ], [ -54.9931, -34.4322 ], [ -55.0006, -34.4494 ], [ -55.0226, -34.4587 ], [ -55.0275, -34.4681 ], [ -55.0415, -34.4755 ], [ -55.0469, -34.4827 ], [ -55.0581, -34.4834 ], [ -55.0652, -34.4873 ], [ -55.069, -34.497 ], [ -55.0893, -34.5047 ], [ -55.098, -34.5033 ], [ -55.1052, -34.5137 ], [ -55.1201, -34.5119 ], [ -55.1296, -34.4992 ], [ -55.1478, -34.4919 ], [ -55.177, -34.5051 ], [ -55.1924, -34.5054 ], [ -55.2009, -34.5109 ], [ -55.2024, -34.5158 ], [ -55.2149, -34.5186 ], [ -55.2219, -34.5308 ], [ -55.2209, -34.5454 ], [ -55.2395, -34.5401 ], [ -55.2477, -34.5411 ], [ -55.2629, -34.5532 ], [ -55.279, -34.5601 ], [ -55.2924, -34.5757 ], [ -55.3067, -34.5716 ], [ -55.3245, -34.575 ], [ -55.3209, -34.5794 ], [ -55.3286, -34.5875 ], [ -55.3245, -34.5949 ], [ -55.3286, -34.6003 ], [ -55.3228, -34.6113 ], [ -55.326, -34.618 ], [ -55.3138, -34.6253 ], [ -55.3161, -34.6308 ], [ -55.3572, -34.6204 ], [ -55.3695, -34.626 ], [ -55.3826, -34.6245 ], [ -55.39, -34.6293 ], [ -55.4016, -34.6231 ], [ -55.4154, -34.6274 ], [ -55.4169, -34.6253 ], [ -55.4246, -34.6295 ], [ -55.4258, -34.6343 ], [ -55.4504, -34.6354 ], [ -55.4605, -34.6211 ], [ -55.467, -34.6193 ], [ -55.4707, -34.6267 ], [ -55.4814, -34.6277 ], [ -55.4828, -34.6517 ], [ -55.4851, -34.6528 ], [ -55.4839, -34.6579 ], [ -55.4728, -34.6692 ], [ -55.4555, -34.6784 ], [ -55.4474, -34.6777 ], [ -55.4417, -34.6825 ], [ -55.445, -34.7008 ], [ -55.441, -34.7106 ], [ -55.4525, -34.7256 ], [ -55.4497, -34.7327 ], [ -55.4538, -34.7477 ], [ -55.425, -34.7481 ], [ -55.4161, -34.7552 ], [ -55.4125, -34.7658 ], [ -55.4052, -34.768 ], [ -55.3957, -34.7788 ], [ -55.3946, -34.7898 ], [ -55.3852, -34.7972 ], [ -55.3845, -34.8023 ], [ -55.346, -34.8082 ], [ -55.3194, -34.8235 ], [ -55.3114, -34.8377 ], [ -55.3027, -34.8434 ], [ -55.3028, -34.8549 ], [ -55.2871, -34.8595 ], [ -55.2765, -34.8683 ], [ -55.2802, -34.8774 ], [ -55.2823, -34.8766 ], [ -55.2789, -34.8835 ], [ -55.2816, -34.8896 ], [ -55.2607, -34.8935 ], [ -55.2611, -34.9049 ], [ -55.245, -34.9004 ], [ -55.2375, -34.9041 ], [ -55.2199, -34.8946 ], [ -55.1788, -34.8841 ], [ -55.0963, -34.8783 ], [ -55.0635, -34.8806 ], [ -55.041, -34.8928 ], [ -55.0467, -34.9037 ], [ -55.047, -34.9168 ], [ -55.0413, -34.9106 ], [ -55.0227, -34.9098 ], [ -55.0157, -34.9125 ], [ -55.012, -34.9097 ], [ -55.0026, -34.9103 ], [ -54.9783, -34.9171 ], [ -54.963, -34.9277 ], [ -54.9414, -34.95 ], [ -54.941, -34.9559 ], [ -54.9477, -34.9644 ], [ -54.9548, -34.9658 ], [ -54.952, -34.974 ], [ -54.9478, -34.9681 ], [ -54.9393, -34.9657 ], [ -54.937, -34.9591 ], [ -54.9231, -34.9487 ], [ -54.8634, -34.9165 ], [ -54.8522, -34.9181 ], [ -54.8349, -34.9073 ], [ -54.8246, -34.9086 ], [ -54.8048, -34.9035 ], [ -54.7443, -34.8699 ], [ -54.6913, -34.8478 ], [ -54.6562, -34.8391 ], [ -54.6454, -34.8402 ], [ -54.6421, -34.8465 ], [ -54.6367, -34.849 ], [ -54.6291, -34.847 ], [ -54.6323, -34.8404 ], [ -54.6228, -34.8296 ], [ -54.5714, -34.8038 ], [ -54.5682, -34.7903 ], [ -54.5599, -34.7827 ], [ -54.5603, -34.7689 ], [ -54.5519, -34.7494 ], [ -54.5412, -34.7497 ], [ -54.5331, -34.7574 ], [ -54.5255, -34.7544 ], [ -54.5235, -34.7413 ], [ -54.5286, -34.7293 ], [ -54.5353, -34.7257 ], [ -54.5357, -34.7139 ], [ -54.5403, -34.7092 ], [ -54.5371, -34.7084 ], [ -54.5348, -34.7016 ], [ -54.533, -34.6856 ], [ -54.5359, -34.6814 ], [ -54.5323, -34.6742 ], [ -54.5349, -34.6711 ], [ -54.533, -34.6665 ], [ -54.5426, -34.6595 ], [ -54.5317, -34.6278 ], [ -54.5375, -34.6208 ], [ -54.5357, -34.6116 ], [ -54.5383, -34.6072 ], [ -54.5299, -34.5995 ], [ -54.5298, -34.595 ], [ -54.5342, -34.5915 ], [ -54.5292, -34.5811 ], [ -54.5181, -34.5779 ], [ -54.5179, -34.5692 ], [ -54.5138, -34.5677 ], [ -54.5088, -34.5591 ], [ -54.5028, -34.558 ], [ -54.5014, -34.5536 ], [ -54.5062, -34.5388 ], [ -54.5043, -34.5351 ], [ -54.5113, -34.5308 ], [ -54.5145, -34.5179 ], [ -54.5224, -34.5126 ], [ -54.53, -34.5161 ], [ -54.5353, -34.5131 ], [ -54.5376, -34.4985 ], [ -54.5415, -34.4949 ], [ -54.5341, -34.4906 ], [ -54.5388, -34.4884 ], [ -54.5346, -34.486 ], [ -54.5394, -34.4816 ], [ -54.5354, -34.4791 ], [ -54.5361, -34.4765 ], [ -54.5428, -34.4759 ], [ -54.541, -34.4687 ], [ -54.5381, -34.469 ], [ -54.5393, -34.4649 ], [ -54.55, -34.4551 ], [ -54.5479, -34.4517 ], [ -54.5543, -34.4531 ], [ -54.5581, -34.4492 ], [ -54.5561, -34.4429 ], [ -54.562, -34.442 ], [ -54.5624, -34.4307 ], [ -54.5767, -34.4216 ], [ -54.5674, -34.4225 ], [ -54.5623, -34.4201 ], [ -54.5614, -34.4126 ], [ -54.5518, -34.4113 ], [ -54.548, -34.3978 ], [ -54.5593, -34.3851 ], [ -54.5563, -34.3833 ], [ -54.5451, -34.3874 ], [ -54.523, -34.3847 ], [ -54.5187, -34.3937 ], [ -54.5119, -34.396 ], [ -54.5066, -34.4055 ], [ -54.4944, -34.3882 ], [ -54.4971, -34.3834 ], [ -54.4949, -34.3769 ], [ -54.4872, -34.3829 ], [ -54.4931, -34.3717 ], [ -54.4863, -34.3588 ], [ -54.4871, -34.3382 ], [ -54.4832, -34.3254 ], [ -54.4866, -34.3201 ], [ -54.4839, -34.3156 ], [ -54.4867, -34.3074 ], [ -54.484, -34.3002 ], [ -54.4865, -34.2859 ], [ -54.481, -34.2772 ], [ -54.4856, -34.2744 ], [ -54.4826, -34.2476 ], [ -54.4876, -34.2353 ], [ -54.4867, -34.2126 ], [ -54.4895, -34.2052 ], [ -54.4896, -34.1938 ], [ -54.485, -34.1894 ], [ -54.4874, -34.1843 ], [ -54.4852, -34.1802 ], [ -54.491, -34.1684 ], [ -54.4844, -34.1646 ], [ -54.4861, -34.1606 ], [ -54.4837, -34.1581 ], [ -54.4775, -34.156 ], [ -54.4704, -34.1582 ], [ -54.4685, -34.1548 ], [ -54.4695, -34.1459 ], [ -54.478, -34.1416 ], [ -54.48, -34.1366 ], [ -54.4702, -34.129 ], [ -54.4835, -34.1158 ], [ -54.4756, -34.1112 ], [ -54.4749, -34.1007 ], [ -54.4697, -34.1011 ], [ -54.468, -34.0918 ], [ -54.4638, -34.0893 ], [ -54.4632, -34.0805 ], [ -54.4779, -34.0706 ], [ -54.4746, -34.0615 ], [ -54.4696, -34.0587 ], [ -54.4744, -34.0534 ], [ -54.468, -34.0409 ], [ -54.471, -34.0285 ], [ -54.4918, -34.0158 ], [ -54.494, -34.0111 ], [ -54.4852, -34.002 ], [ -54.4886, -33.9907 ], [ -54.484, -33.9862 ], [ -54.4865, -33.9797 ], [ -54.4809, -33.977 ], [ -54.4843, -33.9744 ], [ -54.4803, -33.9682 ], [ -54.4873, -33.9626 ], [ -54.4817, -33.9498 ], [ -54.4867, -33.9394 ], [ -54.4836, -33.9279 ], [ -54.4889, -33.9304 ], [ -54.4878, -33.9348 ], [ -54.4997, -33.9339 ], [ -54.5032, -33.9393 ], [ -54.5125, -33.931 ], [ -54.5193, -33.9365 ], [ -54.5235, -33.935 ], [ -54.5246, -33.9383 ], [ -54.529, -33.9367 ], [ -54.5344, -33.9405 ], [ -54.5411, -33.952 ], [ -54.5392, -33.9593 ], [ -54.5508, -33.9653 ], [ -54.5447, -33.9762 ], [ -54.5514, -33.9825 ], [ -54.5495, -33.9893 ], [ -54.5457, -33.9911 ], [ -54.547, -33.9938 ], [ -54.5505, -33.9972 ], [ -54.5606, -33.9987 ], [ -54.569, -34.0081 ], [ -54.5789, -34.011 ], [ -54.5795, -34.0273 ], [ -54.5854, -34.0359 ], [ -54.5999, -34.0357 ], [ -54.6129, -34.0484 ] ] ] } }
]
}
