{
"type": "FeatureCollection",
"name": "inundacion_cri",
"xy_coordinate_resolution": 1e-05,
"features": [
{ "type": "Feature", "properties": { "nombre": "DU-DZN_CRI-jun2019_Ro.Yí", "curso": "Río Yí", "fecha_evento": "2019-06-18", "cota_local": 12.82, "cota_oficial": 73.53, "fuentes": "Fuerza Aérea Uruguaya - Servicio de Sensores Remotos Aeroespaciales, Dirección Nacional de Aguas (DINAGUA) - Inundaciones y Drenaje Urbano" }, "geometry": { "type": "MultiPolygon", "coordinates": [ [ [ [ -56.53807, -33.38915 ], [ -56.53818, -33.38938 ], [ -56.5379, -33.3898 ], [ -56.53749, -33.39006 ], [ -56.53523, -33.38908 ], [ -56.5352, -33.38886 ], [ -56.53543, -33.38872 ], [ -56.53807, -33.38915 ] ] ], [ [ [ -56.53712, -33.39025 ], [ -56.53718, -33.39046 ], [ -56.53693, -33.3907 ], [ -56.53651, -33.39064 ], [ -56.53661, -33.39042 ], [ -56.53616, -33.39065 ], [ -56.53551, -33.39053 ], [ -56.53524, -33.39022 ], [ -56.53538, -33.38999 ], [ -56.53516, -33.38977 ], [ -56.53521, -33.38946 ], [ -56.53673, -33.39 ], [ -56.53712, -33.39025 ] ] ], [ [ [ -56.54758, -33.39073 ], [ -56.548, -33.3915 ], [ -56.54805, -33.3919 ], [ -56.54874, -33.39232 ], [ -56.54832, -33.3934 ], [ -56.54798, -33.39397 ], [ -56.54761, -33.39418 ], [ -56.54613, -33.39359 ], [ -56.54603, -33.39368 ], [ -56.54775, -33.39452 ], [ -56.54766, -33.39477 ], [ -56.54792, -33.39525 ], [ -56.54793, -33.39589 ], [ -56.5477, -33.39587 ], [ -56.54778, -33.39595 ], [ -56.54734, -33.39625 ], [ -56.54633, -33.39574 ], [ -56.54542, -33.39585 ], [ -56.54485, -33.39619 ], [ -56.5448, -33.39652 ], [ -56.54434, -33.39646 ], [ -56.54436, -33.39672 ], [ -56.54408, -33.39684 ], [ -56.54317, -33.3977 ], [ -56.54272, -33.39789 ], [ -56.54301, -33.39765 ], [ -56.54299, -33.39755 ], [ -56.54288, -33.39759 ], [ -56.54295, -33.39748 ], [ -56.54353, -33.39719 ], [ -56.54359, -33.39672 ], [ -56.54319, -33.39665 ], [ -56.5433, -33.39638 ], [ -56.54319, -33.3964 ], [ -56.54268, -33.39682 ], [ -56.5426, -33.39707 ], [ -56.54219, -33.39724 ], [ -56.54259, -33.39668 ], [ -56.54227, -33.3967 ], [ -56.54233, -33.39645 ], [ -56.54313, -33.39602 ], [ -56.54349, -33.39521 ], [ -56.54467, -33.39373 ], [ -56.54498, -33.3936 ], [ -56.54499, -33.39329 ], [ -56.54582, -33.39363 ], [ -56.54596, -33.39359 ], [ -56.54494, -33.39306 ], [ -56.54539, -33.39314 ], [ -56.54548, -33.3928 ], [ -56.54477, -33.3922 ], [ -56.54472, -33.39191 ], [ -56.54408, -33.39111 ], [ -56.54363, -33.39025 ], [ -56.54374, -33.39015 ], [ -56.54405, -33.39017 ], [ -56.54758, -33.39073 ] ] ], [ [ [ -56.48497, -33.37408 ], [ -56.48726, -33.37362 ], [ -56.4867, -33.37 ], [ -56.48924, -33.36872 ], [ -56.48991, -33.36831 ], [ -56.49009, -33.36803 ], [ -56.49005, -33.3678 ], [ -56.48893, -33.3674 ], [ -56.48898, -33.36673 ], [ -56.48846, -33.36606 ], [ -56.48882, -33.36574 ], [ -56.48896, -33.36544 ], [ -56.48784, -33.3646 ], [ -56.48794, -33.36417 ], [ -56.48733, -33.36371 ], [ -56.48763, -33.36322 ], [ -56.48699, -33.36272 ], [ -56.48683, -33.36175 ], [ -56.48635, -33.36142 ], [ -56.48654, -33.36116 ], [ -56.4867, -33.359 ], [ -56.48625, -33.35847 ], [ -56.48684, -33.35722 ], [ -56.48722, -33.3571 ], [ -56.48744, -33.35792 ], [ -56.48832, -33.35874 ], [ -56.48831, -33.35954 ], [ -56.48897, -33.36008 ], [ -56.48912, -33.36042 ], [ -56.48912, -33.36071 ], [ -56.48871, -33.36147 ], [ -56.48984, -33.36187 ], [ -56.49024, -33.36225 ], [ -56.49016, -33.36241 ], [ -56.48938, -33.36295 ], [ -56.48946, -33.36349 ], [ -56.48977, -33.36385 ], [ -56.49118, -33.36431 ], [ -56.49226, -33.36534 ], [ -56.49244, -33.36534 ], [ -56.49296, -33.36482 ], [ -56.49339, -33.36461 ], [ -56.49394, -33.36464 ], [ -56.49436, -33.36487 ], [ -56.49504, -33.36499 ], [ -56.49525, -33.36519 ], [ -56.49536, -33.36559 ], [ -56.49507, -33.36643 ], [ -56.49535, -33.36657 ], [ -56.49722, -33.36587 ], [ -56.49798, -33.36501 ], [ -56.49864, -33.36483 ], [ -56.49883, -33.36489 ], [ -56.49888, -33.36505 ], [ -56.49935, -33.36534 ], [ -56.49896, -33.36585 ], [ -56.49891, -33.36622 ], [ -56.49912, -33.36663 ], [ -56.49942, -33.36684 ], [ -56.49787, -33.36724 ], [ -56.49748, -33.36761 ], [ -56.49722, -33.36815 ], [ -56.49725, -33.36836 ], [ -56.49783, -33.36865 ], [ -56.49751, -33.36984 ], [ -56.49794, -33.37036 ], [ -56.49848, -33.37073 ], [ -56.49844, -33.3712 ], [ -56.4989, -33.37139 ], [ -56.49909, -33.37185 ], [ -56.49949, -33.37186 ], [ -56.49973, -33.37158 ], [ -56.49964, -33.37094 ], [ -56.50014, -33.37036 ], [ -56.50031, -33.37036 ], [ -56.50058, -33.37087 ], [ -56.50077, -33.37093 ], [ -56.50133, -33.37071 ], [ -56.50143, -33.37077 ], [ -56.50142, -33.37206 ], [ -56.50219, -33.3725 ], [ -56.50256, -33.37305 ], [ -56.50318, -33.37298 ], [ -56.50411, -33.3725 ], [ -56.50445, -33.37266 ], [ -56.50518, -33.37267 ], [ -56.50589, -33.37345 ], [ -56.50696, -33.37336 ], [ -56.50739, -33.373 ], [ -56.50745, -33.37273 ], [ -56.5072, -33.37152 ], [ -56.50693, -33.3711 ], [ -56.50695, -33.37064 ], [ -56.50713, -33.37057 ], [ -56.50726, -33.37065 ], [ -56.50761, -33.37122 ], [ -56.50822, -33.37108 ], [ -56.50874, -33.37138 ], [ -56.50929, -33.37132 ], [ -56.50969, -33.37049 ], [ -56.50961, -33.37006 ], [ -56.50936, -33.36998 ], [ -56.50879, -33.37022 ], [ -56.50843, -33.37019 ], [ -56.50841, -33.3695 ], [ -56.50852, -33.36944 ], [ -56.50918, -33.36961 ], [ -56.50988, -33.36953 ], [ -56.51033, -33.36936 ], [ -56.51108, -33.36802 ], [ -56.5114, -33.36767 ], [ -56.51139, -33.36708 ], [ -56.5107, -33.36569 ], [ -56.51061, -33.36467 ], [ -56.51094, -33.3651 ], [ -56.5115, -33.3654 ], [ -56.51306, -33.36462 ], [ -56.51307, -33.36423 ], [ -56.5133, -33.36419 ], [ -56.51384, -33.36331 ], [ -56.51384, -33.36244 ], [ -56.5143, -33.36237 ], [ -56.51462, -33.3619 ], [ -56.51595, -33.36163 ], [ -56.51638, -33.36127 ], [ -56.51644, -33.36037 ], [ -56.51674, -33.36019 ], [ -56.51654, -33.35985 ], [ -56.51715, -33.35992 ], [ -56.51753, -33.36049 ], [ -56.51794, -33.36046 ], [ -56.51875, -33.35955 ], [ -56.52002, -33.35928 ], [ -56.52055, -33.35886 ], [ -56.5209, -33.35835 ], [ -56.5208, -33.35817 ], [ -56.52127, -33.35815 ], [ -56.52154, -33.35752 ], [ -56.52235, -33.35778 ], [ -56.52323, -33.3588 ], [ -56.52371, -33.35883 ], [ -56.52307, -33.35798 ], [ -56.52163, -33.35718 ], [ -56.52138, -33.3569 ], [ -56.52012, -33.35684 ], [ -56.51867, -33.35707 ], [ -56.51823, -33.35725 ], [ -56.51761, -33.35728 ], [ -56.5173, -33.35711 ], [ -56.51628, -33.35727 ], [ -56.51452, -33.357 ], [ -56.51378, -33.35672 ], [ -56.51248, -33.35604 ], [ -56.5109, -33.35425 ], [ -56.5107, -33.35338 ], [ -56.51134, -33.3533 ], [ -56.51175, -33.35381 ], [ -56.51262, -33.3545 ], [ -56.51335, -33.35543 ], [ -56.5147, -33.35595 ], [ -56.51527, -33.35597 ], [ -56.51587, -33.35564 ], [ -56.51676, -33.35401 ], [ -56.51716, -33.35363 ], [ -56.51749, -33.35368 ], [ -56.51821, -33.35429 ], [ -56.51889, -33.3546 ], [ -56.52046, -33.35447 ], [ -56.52054, -33.3542 ], [ -56.52033, -33.35392 ], [ -56.52045, -33.35368 ], [ -56.52034, -33.35354 ], [ -56.52109, -33.35337 ], [ -56.52117, -33.35288 ], [ -56.52203, -33.35194 ], [ -56.52281, -33.35194 ], [ -56.52286, -33.35257 ], [ -56.5226, -33.35292 ], [ -56.52263, -33.35351 ], [ -56.52276, -33.35366 ], [ -56.52333, -33.35368 ], [ -56.52414, -33.35411 ], [ -56.52493, -33.35397 ], [ -56.52549, -33.35369 ], [ -56.52586, -33.35298 ], [ -56.52656, -33.35317 ], [ -56.52698, -33.35303 ], [ -56.52723, -33.35132 ], [ -56.52749, -33.35129 ], [ -56.52748, -33.35162 ], [ -56.52784, -33.35235 ], [ -56.52857, -33.35282 ], [ -56.52823, -33.35388 ], [ -56.52832, -33.35424 ], [ -56.52865, -33.35469 ], [ -56.52949, -33.35449 ], [ -56.53023, -33.35496 ], [ -56.53091, -33.35472 ], [ -56.53171, -33.35501 ], [ -56.53199, -33.35494 ], [ -56.5319, -33.35477 ], [ -56.53204, -33.35465 ], [ -56.53263, -33.35476 ], [ -56.53303, -33.35468 ], [ -56.53311, -33.35343 ], [ -56.53319, -33.35319 ], [ -56.53358, -33.35295 ], [ -56.53387, -33.35313 ], [ -56.534, -33.35364 ], [ -56.53422, -33.35383 ], [ -56.53533, -33.35378 ], [ -56.53551, -33.35385 ], [ -56.53564, -33.35421 ], [ -56.53499, -33.35459 ], [ -56.53481, -33.35508 ], [ -56.5338, -33.35632 ], [ -56.53382, -33.35678 ], [ -56.53406, -33.35661 ], [ -56.53497, -33.35664 ], [ -56.53614, -33.35713 ], [ -56.537, -33.35695 ], [ -56.5371, -33.35701 ], [ -56.53702, -33.35749 ], [ -56.53711, -33.35761 ], [ -56.53761, -33.35781 ], [ -56.5378, -33.35802 ], [ -56.53844, -33.35807 ], [ -56.53865, -33.35764 ], [ -56.53909, -33.35763 ], [ -56.53934, -33.35737 ], [ -56.53942, -33.35526 ], [ -56.53986, -33.355 ], [ -56.54033, -33.35517 ], [ -56.54097, -33.35607 ], [ -56.54105, -33.35631 ], [ -56.54089, -33.35669 ], [ -56.54122, -33.35772 ], [ -56.54148, -33.35781 ], [ -56.54256, -33.35739 ], [ -56.54304, -33.35734 ], [ -56.54303, -33.35822 ], [ -56.54326, -33.35831 ], [ -56.5436, -33.35698 ], [ -56.54349, -33.35666 ], [ -56.54351, -33.3555 ], [ -56.54371, -33.35496 ], [ -56.54399, -33.35495 ], [ -56.54583, -33.35594 ], [ -56.54564, -33.35625 ], [ -56.54586, -33.35622 ], [ -56.54651, -33.35758 ], [ -56.54764, -33.35739 ], [ -56.54847, -33.35796 ], [ -56.54931, -33.35802 ], [ -56.54976, -33.35781 ], [ -56.55097, -33.35801 ], [ -56.55097, -33.35836 ], [ -56.55079, -33.35855 ], [ -56.55032, -33.35868 ], [ -56.55025, -33.35895 ], [ -56.54982, -33.35906 ], [ -56.54937, -33.35946 ], [ -56.54969, -33.35972 ], [ -56.55035, -33.35966 ], [ -56.55096, -33.35995 ], [ -56.55091, -33.36026 ], [ -56.55124, -33.36037 ], [ -56.55155, -33.36029 ], [ -56.55162, -33.36012 ], [ -56.5521, -33.35986 ], [ -56.55202, -33.35952 ], [ -56.55218, -33.35934 ], [ -56.55272, -33.35937 ], [ -56.55404, -33.35895 ], [ -56.55496, -33.36011 ], [ -56.55517, -33.37974 ], [ -56.55413, -33.37998 ], [ -56.55225, -33.37986 ], [ -56.55142, -33.38008 ], [ -56.55138, -33.38045 ], [ -56.55118, -33.38056 ], [ -56.55092, -33.38023 ], [ -56.55035, -33.38032 ], [ -56.54979, -33.38007 ], [ -56.54956, -33.37985 ], [ -56.54954, -33.37965 ], [ -56.54838, -33.37968 ], [ -56.54806, -33.37951 ], [ -56.54776, -33.37958 ], [ -56.54767, -33.3799 ], [ -56.54724, -33.37997 ], [ -56.54678, -33.38038 ], [ -56.5464, -33.38113 ], [ -56.54649, -33.38144 ], [ -56.54637, -33.3815 ], [ -56.54629, -33.38214 ], [ -56.54675, -33.38339 ], [ -56.5469, -33.38432 ], [ -56.54707, -33.38441 ], [ -56.54689, -33.38452 ], [ -56.54688, -33.38471 ], [ -56.54719, -33.38487 ], [ -56.54665, -33.38508 ], [ -56.54642, -33.38563 ], [ -56.54643, -33.38585 ], [ -56.54656, -33.38593 ], [ -56.54641, -33.386 ], [ -56.5464, -33.38619 ], [ -56.54652, -33.38646 ], [ -56.54697, -33.38667 ], [ -56.54669, -33.387 ], [ -56.54681, -33.38732 ], [ -56.54837, -33.38832 ], [ -56.54809, -33.38839 ], [ -56.54784, -33.38892 ], [ -56.54758, -33.39047 ], [ -56.54394, -33.38995 ], [ -56.54389, -33.38977 ], [ -56.54346, -33.3896 ], [ -56.54359, -33.38919 ], [ -56.54284, -33.38814 ], [ -56.54232, -33.38766 ], [ -56.54145, -33.38738 ], [ -56.54019, -33.38731 ], [ -56.53952, -33.38771 ], [ -56.5383, -33.38896 ], [ -56.53537, -33.38849 ], [ -56.53515, -33.38828 ], [ -56.53513, -33.38814 ], [ -56.53554, -33.38756 ], [ -56.53553, -33.38692 ], [ -56.53567, -33.3865 ], [ -56.53575, -33.3864 ], [ -56.53613, -33.38645 ], [ -56.53621, -33.38619 ], [ -56.53646, -33.38605 ], [ -56.53704, -33.38528 ], [ -56.53702, -33.38474 ], [ -56.53726, -33.38436 ], [ -56.53739, -33.38357 ], [ -56.53792, -33.38296 ], [ -56.53805, -33.38233 ], [ -56.53792, -33.38214 ], [ -56.53821, -33.38218 ], [ -56.53937, -33.38144 ], [ -56.53982, -33.38013 ], [ -56.53986, -33.37943 ], [ -56.53972, -33.37919 ], [ -56.53876, -33.37903 ], [ -56.53817, -33.37915 ], [ -56.53806, -33.37928 ], [ -56.53786, -33.37921 ], [ -56.53809, -33.37889 ], [ -56.53846, -33.37899 ], [ -56.53861, -33.37803 ], [ -56.53903, -33.37765 ], [ -56.53882, -33.37746 ], [ -56.53887, -33.37686 ], [ -56.53841, -33.37644 ], [ -56.5383, -33.3755 ], [ -56.53787, -33.37491 ], [ -56.53795, -33.37417 ], [ -56.53773, -33.37402 ], [ -56.53772, -33.37369 ], [ -56.53817, -33.37341 ], [ -56.53766, -33.37258 ], [ -56.53743, -33.37268 ], [ -56.53659, -33.37213 ], [ -56.53638, -33.37218 ], [ -56.53599, -33.3726 ], [ -56.5359, -33.37303 ], [ -56.5357, -33.37315 ], [ -56.53545, -33.37382 ], [ -56.53525, -33.37403 ], [ -56.5353, -33.37421 ], [ -56.53496, -33.3745 ], [ -56.5346, -33.37567 ], [ -56.53431, -33.37559 ], [ -56.53407, -33.37572 ], [ -56.53398, -33.37629 ], [ -56.53364, -33.37672 ], [ -56.53351, -33.37717 ], [ -56.53231, -33.37821 ], [ -56.53165, -33.37824 ], [ -56.53126, -33.37852 ], [ -56.53151, -33.37645 ], [ -56.53196, -33.37569 ], [ -56.53186, -33.37527 ], [ -56.53195, -33.3744 ], [ -56.53169, -33.37412 ], [ -56.53158, -33.37332 ], [ -56.53107, -33.37252 ], [ -56.53184, -33.37156 ], [ -56.53216, -33.37175 ], [ -56.53233, -33.37163 ], [ -56.53241, -33.37109 ], [ -56.53229, -33.37104 ], [ -56.53202, -33.37019 ], [ -56.53213, -33.37007 ], [ -56.53267, -33.37012 ], [ -56.53259, -33.36904 ], [ -56.53153, -33.3686 ], [ -56.53112, -33.36865 ], [ -56.53087, -33.36848 ], [ -56.53073, -33.36852 ], [ -56.5308, -33.36873 ], [ -56.53063, -33.36886 ], [ -56.53015, -33.36875 ], [ -56.52936, -33.36897 ], [ -56.52888, -33.36874 ], [ -56.52853, -33.3681 ], [ -56.52807, -33.36814 ], [ -56.52769, -33.36842 ], [ -56.52737, -33.36844 ], [ -56.52738, -33.36934 ], [ -56.52689, -33.3698 ], [ -56.52693, -33.37081 ], [ -56.52657, -33.37095 ], [ -56.52555, -33.37084 ], [ -56.52501, -33.37043 ], [ -56.52498, -33.37024 ], [ -56.5245, -33.36987 ], [ -56.5241, -33.36979 ], [ -56.52407, -33.3696 ], [ -56.52378, -33.36943 ], [ -56.52295, -33.36945 ], [ -56.5229, -33.36926 ], [ -56.5226, -33.36917 ], [ -56.52171, -33.3693 ], [ -56.52131, -33.3694 ], [ -56.52074, -33.36977 ], [ -56.52078, -33.37033 ], [ -56.52102, -33.3707 ], [ -56.52073, -33.3711 ], [ -56.52028, -33.37134 ], [ -56.52037, -33.3715 ], [ -56.51977, -33.37192 ], [ -56.51953, -33.37174 ], [ -56.51898, -33.37198 ], [ -56.51856, -33.37245 ], [ -56.51826, -33.37305 ], [ -56.51828, -33.37397 ], [ -56.51844, -33.37431 ], [ -56.51924, -33.375 ], [ -56.51938, -33.375 ], [ -56.51942, -33.37489 ], [ -56.51969, -33.37494 ], [ -56.52025, -33.37557 ], [ -56.52012, -33.376 ], [ -56.51885, -33.37629 ], [ -56.51771, -33.37578 ], [ -56.51645, -33.37581 ], [ -56.51588, -33.37614 ], [ -56.51589, -33.37675 ], [ -56.5151, -33.37535 ], [ -56.5133, -33.37395 ], [ -56.51313, -33.37386 ], [ -56.5129, -33.37397 ], [ -56.51456, -33.37525 ], [ -56.51506, -33.37578 ], [ -56.5164, -33.37841 ], [ -56.51582, -33.37919 ], [ -56.51523, -33.37954 ], [ -56.51492, -33.37947 ], [ -56.51493, -33.38005 ], [ -56.51557, -33.38041 ], [ -56.51573, -33.38031 ], [ -56.51594, -33.38041 ], [ -56.51652, -33.3808 ], [ -56.51619, -33.38151 ], [ -56.51644, -33.38229 ], [ -56.5164, -33.38268 ], [ -56.51695, -33.38361 ], [ -56.51663, -33.38396 ], [ -56.51664, -33.38411 ], [ -56.51732, -33.38399 ], [ -56.51705, -33.38462 ], [ -56.51678, -33.38469 ], [ -56.51648, -33.3843 ], [ -56.51598, -33.38435 ], [ -56.51569, -33.38402 ], [ -56.51538, -33.38398 ], [ -56.51477, -33.38363 ], [ -56.51441, -33.3836 ], [ -56.51416, -33.38338 ], [ -56.5137, -33.38342 ], [ -56.51304, -33.38299 ], [ -56.51304, -33.38263 ], [ -56.51268, -33.38237 ], [ -56.51272, -33.38202 ], [ -56.51222, -33.38147 ], [ -56.51189, -33.38134 ], [ -56.5116, -33.381 ], [ -56.51122, -33.38088 ], [ -56.51111, -33.3807 ], [ -56.5104, -33.38068 ], [ -56.51023, -33.38079 ], [ -56.5103, -33.38115 ], [ -56.51047, -33.3813 ], [ -56.51034, -33.38192 ], [ -56.51068, -33.38258 ], [ -56.51116, -33.38292 ], [ -56.51127, -33.3832 ], [ -56.5111, -33.38352 ], [ -56.51029, -33.38367 ], [ -56.50987, -33.38396 ], [ -56.50986, -33.38458 ], [ -56.51085, -33.38563 ], [ -56.5114, -33.3857 ], [ -56.51226, -33.38554 ], [ -56.51162, -33.38703 ], [ -56.51208, -33.38788 ], [ -56.51192, -33.38823 ], [ -56.51248, -33.38872 ], [ -56.51303, -33.38966 ], [ -56.51393, -33.39048 ], [ -56.51484, -33.39076 ], [ -56.51427, -33.39122 ], [ -56.51343, -33.39149 ], [ -56.51307, -33.39203 ], [ -56.51331, -33.39296 ], [ -56.51366, -33.39354 ], [ -56.51289, -33.39409 ], [ -56.51213, -33.39373 ], [ -56.51156, -33.39391 ], [ -56.5107, -33.39533 ], [ -56.51055, -33.39628 ], [ -56.51017, -33.39586 ], [ -56.50995, -33.39608 ], [ -56.50986, -33.39598 ], [ -56.50976, -33.39608 ], [ -56.50969, -33.39591 ], [ -56.51012, -33.39557 ], [ -56.51, -33.3948 ], [ -56.51033, -33.39311 ], [ -56.51058, -33.39251 ], [ -56.51105, -33.3919 ], [ -56.51098, -33.39156 ], [ -56.51114, -33.39087 ], [ -56.51086, -33.38996 ], [ -56.51038, -33.38974 ], [ -56.51013, -33.38943 ], [ -56.5092, -33.38908 ], [ -56.50875, -33.38864 ], [ -56.5087, -33.38818 ], [ -56.50891, -33.38788 ], [ -56.50855, -33.3874 ], [ -56.50856, -33.38796 ], [ -56.50776, -33.38775 ], [ -56.50703, -33.38809 ], [ -56.50663, -33.38834 ], [ -56.50642, -33.38871 ], [ -56.50558, -33.38925 ], [ -56.50374, -33.3908 ], [ -56.50301, -33.39175 ], [ -56.50291, -33.39172 ], [ -56.50296, -33.39145 ], [ -56.50258, -33.39149 ], [ -56.50292, -33.39111 ], [ -56.5033, -33.39104 ], [ -56.50298, -33.39072 ], [ -56.50269, -33.39065 ], [ -56.50255, -33.39028 ], [ -56.50262, -33.38976 ], [ -56.50282, -33.38943 ], [ -56.50218, -33.38864 ], [ -56.50244, -33.3885 ], [ -56.50269, -33.38854 ], [ -56.50327, -33.38895 ], [ -56.50336, -33.38877 ], [ -56.50385, -33.38869 ], [ -56.50403, -33.38835 ], [ -56.50454, -33.38809 ], [ -56.50481, -33.38766 ], [ -56.50471, -33.38685 ], [ -56.50526, -33.38635 ], [ -56.50568, -33.38549 ], [ -56.50609, -33.38531 ], [ -56.5063, -33.38491 ], [ -56.50632, -33.38456 ], [ -56.50602, -33.38453 ], [ -56.50612, -33.38413 ], [ -56.50591, -33.38319 ], [ -56.50598, -33.38296 ], [ -56.50557, -33.38266 ], [ -56.50491, -33.38275 ], [ -56.50449, -33.38269 ], [ -56.50417, -33.38281 ], [ -56.50379, -33.38266 ], [ -56.50368, -33.38323 ], [ -56.50226, -33.38391 ], [ -56.50232, -33.38324 ], [ -56.50257, -33.38296 ], [ -56.50269, -33.38259 ], [ -56.50293, -33.38238 ], [ -56.50307, -33.3825 ], [ -56.50355, -33.38236 ], [ -56.50382, -33.38211 ], [ -56.50389, -33.38158 ], [ -56.50345, -33.38159 ], [ -56.50317, -33.38097 ], [ -56.50304, -33.38108 ], [ -56.50292, -33.3809 ], [ -56.50262, -33.3809 ], [ -56.50223, -33.38071 ], [ -56.50179, -33.38074 ], [ -56.50138, -33.38092 ], [ -56.50086, -33.38156 ], [ -56.50026, -33.38165 ], [ -56.49941, -33.3811 ], [ -56.49928, -33.38066 ], [ -56.49924, -33.38073 ], [ -56.49909, -33.38059 ], [ -56.49911, -33.38036 ], [ -56.49879, -33.37998 ], [ -56.49847, -33.37983 ], [ -56.49763, -33.37959 ], [ -56.49556, -33.37969 ], [ -56.49551, -33.38008 ], [ -56.49586, -33.38075 ], [ -56.49592, -33.38122 ], [ -56.49563, -33.38141 ], [ -56.49457, -33.38147 ], [ -56.49386, -33.38168 ], [ -56.49347, -33.38203 ], [ -56.49333, -33.3828 ], [ -56.49358, -33.3834 ], [ -56.49452, -33.38455 ], [ -56.49482, -33.38468 ], [ -56.49479, -33.38493 ], [ -56.49531, -33.38569 ], [ -56.49579, -33.38591 ], [ -56.49593, -33.38613 ], [ -56.49552, -33.38629 ], [ -56.49376, -33.38604 ], [ -56.49311, -33.38613 ], [ -56.49298, -33.38644 ], [ -56.4934, -33.38765 ], [ -56.49315, -33.38915 ], [ -56.49213, -33.38764 ], [ -56.49096, -33.3867 ], [ -56.48994, -33.38533 ], [ -56.48956, -33.38538 ], [ -56.48921, -33.38559 ], [ -56.48847, -33.38737 ], [ -56.48834, -33.38882 ], [ -56.48893, -33.3912 ], [ -56.49007, -33.39237 ], [ -56.49004, -33.39249 ], [ -56.48919, -33.39277 ], [ -56.48892, -33.39298 ], [ -56.48884, -33.39429 ], [ -56.48908, -33.39485 ], [ -56.48889, -33.39506 ], [ -56.48973, -33.39552 ], [ -56.48985, -33.3957 ], [ -56.48973, -33.39665 ], [ -56.49049, -33.3974 ], [ -56.49074, -33.39782 ], [ -56.49014, -33.39829 ], [ -56.48999, -33.39912 ], [ -56.49084, -33.40269 ], [ -56.48877, -33.40261 ], [ -56.48839, -33.40203 ], [ -56.48762, -33.40139 ], [ -56.48756, -33.40055 ], [ -56.48705, -33.39987 ], [ -56.48638, -33.39967 ], [ -56.48598, -33.40013 ], [ -56.48491, -33.40024 ], [ -56.48476, -33.40017 ], [ -56.48489, -33.39975 ], [ -56.48476, -33.39934 ], [ -56.48408, -33.39854 ], [ -56.48409, -33.39838 ], [ -56.48483, -33.39805 ], [ -56.48592, -33.39682 ], [ -56.48601, -33.39642 ], [ -56.48575, -33.39626 ], [ -56.48581, -33.39595 ], [ -56.48558, -33.39578 ], [ -56.48493, -33.39547 ], [ -56.48463, -33.39547 ], [ -56.48473, -33.39505 ], [ -56.48518, -33.39461 ], [ -56.48534, -33.39421 ], [ -56.48511, -33.39351 ], [ -56.48425, -33.3924 ], [ -56.48256, -33.39163 ], [ -56.48247, -33.39132 ], [ -56.48292, -33.39049 ], [ -56.48361, -33.39025 ], [ -56.48407, -33.3899 ], [ -56.48425, -33.38967 ], [ -56.48426, -33.38926 ], [ -56.4837, -33.38807 ], [ -56.48305, -33.38748 ], [ -56.48235, -33.38708 ], [ -56.48236, -33.38594 ], [ -56.48379, -33.38572 ], [ -56.48398, -33.3856 ], [ -56.48428, -33.38484 ], [ -56.48452, -33.3834 ], [ -56.48493, -33.38289 ], [ -56.48567, -33.38148 ], [ -56.48569, -33.38058 ], [ -56.48689, -33.37959 ], [ -56.48708, -33.37911 ], [ -56.4877, -33.37877 ], [ -56.48809, -33.37807 ], [ -56.48776, -33.37795 ], [ -56.48538, -33.3788 ], [ -56.48433, -33.37877 ], [ -56.48399, -33.3789 ], [ -56.48372, -33.37918 ], [ -56.4837, -33.38013 ], [ -56.48336, -33.38122 ], [ -56.48244, -33.38127 ], [ -56.48116, -33.37422 ], [ -56.48284, -33.37388 ], [ -56.48339, -33.37392 ], [ -56.48369, -33.37408 ], [ -56.48497, -33.37408 ] ] ] ] } },
{ "type": "Feature", "properties": { "nombre": "TT-TYT_CRI-2007_Ro.Olimar", "curso": "Río Olimar y Arroyo Yerbal", "fecha_evento": "2007-05-06", "cota_local": null, "cota_oficial": null, "fuentes": "Instituto de Teoría de la Arquitectura y Urbanismo (ITU) - Facultad de Arquitectura - UdelaR, Centro Coordinador de Emergencias Departamentales (CECOED) - Treinta y Tres" }, "geometry": { "type": "MultiPolygon", "coordinates": [ [ [ [ -54.39849, -33.23579 ], [ -54.39815, -33.23527 ], [ -54.3983, -33.23514 ], [ -54.39862, -33.23569 ], [ -54.39849, -33.23579 ] ] ], [ [ [ -54.39334, -33.26593 ], [ -54.3934, -33.26595 ], [ -54.39335, -33.26599 ], [ -54.39334, -33.26593 ] ] ], [ [ [ -54.39334, -33.26593 ], [ -54.37586, -33.26047 ], [ -54.37437, -33.26023 ], [ -54.37394, -33.25945 ], [ -54.37406, -33.25929 ], [ -54.37486, -33.25962 ], [ -54.37513, -33.25962 ], [ -54.3754, -33.25938 ], [ -54.37581, -33.25864 ], [ -54.37581, -33.25738 ], [ -54.37558, -33.25701 ], [ -54.37514, -33.25681 ], [ -54.37495, -33.25659 ], [ -54.37549, -33.25631 ], [ -54.37566, -33.2561 ], [ -54.37566, -33.2555 ], [ -54.37466, -33.25447 ], [ -54.37422, -33.25447 ], [ -54.37388, -33.25406 ], [ -54.37384, -33.25262 ], [ -54.37364, -33.25245 ], [ -54.37298, -33.25259 ], [ -54.37277, -33.25231 ], [ -54.37312, -33.25153 ], [ -54.37431, -33.25026 ], [ -54.37441, -33.24991 ], [ -54.37426, -33.24933 ], [ -54.37388, -33.24838 ], [ -54.3732, -33.24796 ], [ -54.37232, -33.24773 ], [ -54.37086, -33.24768 ], [ -54.37067, -33.24735 ], [ -54.37078, -33.24703 ], [ -54.3707, -33.24683 ], [ -54.3704, -33.24666 ], [ -54.37029, -33.24626 ], [ -54.37106, -33.24559 ], [ -54.37364, -33.24461 ], [ -54.37399, -33.24473 ], [ -54.37381, -33.24438 ], [ -54.37421, -33.24413 ], [ -54.37432, -33.24377 ], [ -54.37419, -33.24303 ], [ -54.37378, -33.2421 ], [ -54.3725, -33.24063 ], [ -54.37074, -33.2393 ], [ -54.36986, -33.23908 ], [ -54.36888, -33.23776 ], [ -54.36883, -33.2363 ], [ -54.36858, -33.23592 ], [ -54.36854, -33.23538 ], [ -54.36831, -33.23495 ], [ -54.3678, -33.23442 ], [ -54.36808, -33.23396 ], [ -54.36808, -33.23375 ], [ -54.36782, -33.23364 ], [ -54.36794, -33.23346 ], [ -54.36786, -33.23327 ], [ -54.36821, -33.2327 ], [ -54.36859, -33.23258 ], [ -54.3693, -33.2326 ], [ -54.36954, -33.23283 ], [ -54.36992, -33.23425 ], [ -54.37027, -33.23454 ], [ -54.37031, -33.23537 ], [ -54.37131, -33.23622 ], [ -54.37157, -33.23696 ], [ -54.37194, -33.23742 ], [ -54.37233, -33.23774 ], [ -54.37337, -33.23773 ], [ -54.3737, -33.23788 ], [ -54.37418, -33.23757 ], [ -54.37471, -33.23741 ], [ -54.3751, -33.23754 ], [ -54.37484, -33.2384 ], [ -54.37493, -33.2388 ], [ -54.37561, -33.23951 ], [ -54.37692, -33.24016 ], [ -54.37703, -33.24106 ], [ -54.37686, -33.24148 ], [ -54.37664, -33.24157 ], [ -54.37655, -33.24234 ], [ -54.37641, -33.2425 ], [ -54.37663, -33.24316 ], [ -54.37661, -33.24364 ], [ -54.376, -33.24449 ], [ -54.376, -33.24481 ], [ -54.3762, -33.24497 ], [ -54.3757, -33.24576 ], [ -54.37498, -33.24541 ], [ -54.37424, -33.24484 ], [ -54.37412, -33.24489 ], [ -54.37557, -33.24618 ], [ -54.37648, -33.24672 ], [ -54.37667, -33.24688 ], [ -54.37666, -33.24706 ], [ -54.37816, -33.24771 ], [ -54.37885, -33.24785 ], [ -54.37952, -33.2478 ], [ -54.38034, -33.24799 ], [ -54.38042, -33.2476 ], [ -54.38093, -33.24736 ], [ -54.38108, -33.24691 ], [ -54.3814, -33.24666 ], [ -54.38258, -33.24605 ], [ -54.38327, -33.24583 ], [ -54.38389, -33.24542 ], [ -54.38468, -33.24535 ], [ -54.3852, -33.24486 ], [ -54.38557, -33.24481 ], [ -54.38679, -33.24381 ], [ -54.38763, -33.24258 ], [ -54.38774, -33.24159 ], [ -54.38839, -33.24108 ], [ -54.38912, -33.2399 ], [ -54.39026, -33.23878 ], [ -54.39145, -33.23785 ], [ -54.39329, -33.23706 ], [ -54.39354, -33.23656 ], [ -54.39363, -33.2359 ], [ -54.39353, -33.23531 ], [ -54.39332, -33.23508 ], [ -54.39371, -33.23437 ], [ -54.39462, -33.23478 ], [ -54.39479, -33.23509 ], [ -54.39525, -33.23537 ], [ -54.3953, -33.23556 ], [ -54.39594, -33.23583 ], [ -54.39606, -33.23605 ], [ -54.39669, -33.23621 ], [ -54.39712, -33.23609 ], [ -54.39777, -33.23645 ], [ -54.39836, -33.23626 ], [ -54.40021, -33.23629 ], [ -54.40066, -33.23611 ], [ -54.40098, -33.2362 ], [ -54.40131, -33.23606 ], [ -54.40203, -33.23612 ], [ -54.40211, -33.23576 ], [ -54.40228, -33.23562 ], [ -54.40236, -33.23469 ], [ -54.40276, -33.23464 ], [ -54.40398, -33.235 ], [ -54.40453, -33.23494 ], [ -54.40519, -33.23417 ], [ -54.40609, -33.23385 ], [ -54.40601, -33.23333 ], [ -54.40581, -33.23298 ], [ -54.4055, -33.23281 ], [ -54.40543, -33.23249 ], [ -54.4055, -33.23202 ], [ -54.40577, -33.23175 ], [ -54.40593, -33.23099 ], [ -54.4058, -33.23067 ], [ -54.40625, -33.23001 ], [ -54.40633, -33.22967 ], [ -54.40612, -33.2295 ], [ -54.40541, -33.22943 ], [ -54.40493, -33.22951 ], [ -54.4042, -33.22939 ], [ -54.40294, -33.22987 ], [ -54.4023, -33.22968 ], [ -54.4011, -33.22903 ], [ -54.40071, -33.22903 ], [ -54.40029, -33.22927 ], [ -54.39984, -33.22979 ], [ -54.39935, -33.23114 ], [ -54.39898, -33.23146 ], [ -54.39863, -33.2312 ], [ -54.39844, -33.23018 ], [ -54.39782, -33.22873 ], [ -54.39782, -33.22848 ], [ -54.39764, -33.22825 ], [ -54.39718, -33.22813 ], [ -54.39659, -33.22772 ], [ -54.39498, -33.22717 ], [ -54.39425, -33.22711 ], [ -54.39295, -33.22753 ], [ -54.39194, -33.22699 ], [ -54.3913, -33.22693 ], [ -54.39088, -33.22671 ], [ -54.38932, -33.22683 ], [ -54.38884, -33.227 ], [ -54.38808, -33.22707 ], [ -54.38739, -33.22688 ], [ -54.38736, -33.22569 ], [ -54.38815, -33.22535 ], [ -54.38865, -33.22529 ], [ -54.38896, -33.22512 ], [ -54.3891, -33.22478 ], [ -54.38985, -33.22467 ], [ -54.39081, -33.22411 ], [ -54.39232, -33.22347 ], [ -54.39244, -33.22306 ], [ -54.3929, -33.2228 ], [ -54.39371, -33.2235 ], [ -54.39426, -33.22359 ], [ -54.39453, -33.22338 ], [ -54.39523, -33.22351 ], [ -54.39593, -33.223 ], [ -54.39599, -33.22252 ], [ -54.39507, -33.22173 ], [ -54.3946, -33.22166 ], [ -54.39424, -33.22143 ], [ -54.39325, -33.22158 ], [ -54.39294, -33.22149 ], [ -54.39273, -33.22173 ], [ -54.39231, -33.22172 ], [ -54.39209, -33.22189 ], [ -54.39276, -33.22263 ], [ -54.39244, -33.22298 ], [ -54.39199, -33.22309 ], [ -54.39177, -33.22296 ], [ -54.39159, -33.22243 ], [ -54.39095, -33.22229 ], [ -54.39096, -33.22212 ], [ -54.38976, -33.22201 ], [ -54.38941, -33.22169 ], [ -54.38897, -33.22169 ], [ -54.38877, -33.22149 ], [ -54.38917, -33.22127 ], [ -54.38932, -33.22065 ], [ -54.38973, -33.2202 ], [ -54.38959, -33.21974 ], [ -54.38895, -33.21947 ], [ -54.38863, -33.21886 ], [ -54.38802, -33.21857 ], [ -54.38833, -33.21825 ], [ -54.38823, -33.21793 ], [ -54.38889, -33.21748 ], [ -54.38877, -33.21659 ], [ -54.38885, -33.21613 ], [ -54.38859, -33.21569 ], [ -54.38786, -33.21499 ], [ -54.38765, -33.21397 ], [ -54.38799, -33.21342 ], [ -54.38857, -33.21299 ], [ -54.38864, -33.21249 ], [ -54.38907, -33.21215 ], [ -54.38919, -33.2119 ], [ -54.38854, -33.21122 ], [ -54.38709, -33.21078 ], [ -54.38741, -33.20982 ], [ -54.38747, -33.20905 ], [ -54.38742, -33.20868 ], [ -54.38701, -33.20833 ], [ -54.38625, -33.2079 ], [ -54.38592, -33.2079 ], [ -54.38552, -33.20772 ], [ -54.3851, -33.20781 ], [ -54.38461, -33.20771 ], [ -54.38378, -33.20798 ], [ -54.38304, -33.20862 ], [ -54.38272, -33.2087 ], [ -54.38242, -33.20895 ], [ -54.38242, -33.20913 ], [ -54.38091, -33.20997 ], [ -54.3807, -33.2104 ], [ -54.3808, -33.21067 ], [ -54.38067, -33.21083 ], [ -54.38072, -33.21181 ], [ -54.38035, -33.21201 ], [ -54.37967, -33.21121 ], [ -54.37896, -33.20997 ], [ -54.37865, -33.20971 ], [ -54.37763, -33.20939 ], [ -54.37702, -33.20949 ], [ -54.37627, -33.21016 ], [ -54.37561, -33.21049 ], [ -54.37483, -33.21007 ], [ -54.37352, -33.20984 ], [ -54.37253, -33.21028 ], [ -54.37153, -33.21156 ], [ -54.37076, -33.21168 ], [ -54.37017, -33.21088 ], [ -54.3695, -33.21029 ], [ -54.36824, -33.21022 ], [ -54.36779, -33.20974 ], [ -54.368, -33.20945 ], [ -54.36988, -33.20903 ], [ -54.37028, -33.20874 ], [ -54.37091, -33.20854 ], [ -54.37163, -33.2077 ], [ -54.37228, -33.20752 ], [ -54.37291, -33.20708 ], [ -54.37387, -33.20672 ], [ -54.37427, -33.20604 ], [ -54.37331, -33.20523 ], [ -54.37342, -33.20479 ], [ -54.37377, -33.20444 ], [ -54.37468, -33.20426 ], [ -54.37634, -33.20437 ], [ -54.37685, -33.20459 ], [ -54.37757, -33.20465 ], [ -54.37785, -33.20454 ], [ -54.37814, -33.20362 ], [ -54.37839, -33.20331 ], [ -54.37901, -33.20345 ], [ -54.3799, -33.20411 ], [ -54.38081, -33.20452 ], [ -54.38143, -33.20452 ], [ -54.38178, -33.20437 ], [ -54.38221, -33.20311 ], [ -54.38249, -33.20291 ], [ -54.38286, -33.20315 ], [ -54.38318, -33.20389 ], [ -54.38341, -33.20402 ], [ -54.38357, -33.20432 ], [ -54.38397, -33.20462 ], [ -54.38476, -33.20482 ], [ -54.38539, -33.2047 ], [ -54.38921, -33.20252 ], [ -54.38962, -33.20217 ], [ -54.38974, -33.20091 ], [ -54.38943, -33.20065 ], [ -54.38889, -33.20051 ], [ -54.38884, -33.20036 ], [ -54.38902, -33.20007 ], [ -54.38874, -33.19953 ], [ -54.38934, -33.19879 ], [ -54.38941, -33.1982 ], [ -54.38864, -33.1976 ], [ -54.38813, -33.19738 ], [ -54.38636, -33.19532 ], [ -54.38945, -33.19528 ], [ -54.39157, -33.19548 ], [ -54.39508, -33.19602 ], [ -54.40067, -33.19833 ], [ -54.4136, -33.20922 ], [ -54.43392, -33.24164 ], [ -54.43496, -33.24647 ], [ -54.43404, -33.24689 ], [ -54.43358, -33.24742 ], [ -54.43305, -33.24765 ], [ -54.43067, -33.24762 ], [ -54.42838, -33.24845 ], [ -54.42751, -33.24731 ], [ -54.42496, -33.24697 ], [ -54.42393, -33.24695 ], [ -54.4227, -33.24719 ], [ -54.42197, -33.24859 ], [ -54.4222, -33.24909 ], [ -54.42347, -33.2492 ], [ -54.42424, -33.24942 ], [ -54.42436, -33.25026 ], [ -54.42392, -33.25079 ], [ -54.42391, -33.25119 ], [ -54.42354, -33.2519 ], [ -54.42341, -33.25258 ], [ -54.42398, -33.25349 ], [ -54.42391, -33.25374 ], [ -54.42316, -33.25451 ], [ -54.42336, -33.25554 ], [ -54.42317, -33.25695 ], [ -54.42328, -33.2575 ], [ -54.4237, -33.25831 ], [ -54.42341, -33.25971 ], [ -54.42298, -33.2599 ], [ -54.42229, -33.25949 ], [ -54.42181, -33.25854 ], [ -54.42064, -33.25797 ], [ -54.42104, -33.25687 ], [ -54.42039, -33.25536 ], [ -54.41989, -33.25525 ], [ -54.41933, -33.25536 ], [ -54.41907, -33.25486 ], [ -54.41986, -33.25415 ], [ -54.42003, -33.25381 ], [ -54.42014, -33.25286 ], [ -54.42008, -33.25242 ], [ -54.41941, -33.25173 ], [ -54.41909, -33.25088 ], [ -54.41823, -33.25017 ], [ -54.41779, -33.24926 ], [ -54.41821, -33.24884 ], [ -54.41867, -33.24869 ], [ -54.41881, -33.24799 ], [ -54.41865, -33.24789 ], [ -54.41798, -33.2479 ], [ -54.41759, -33.24735 ], [ -54.41678, -33.24523 ], [ -54.41629, -33.24462 ], [ -54.41511, -33.24357 ], [ -54.41437, -33.24362 ], [ -54.41383, -33.24392 ], [ -54.41326, -33.24397 ], [ -54.41318, -33.24415 ], [ -54.4135, -33.24483 ], [ -54.41354, -33.24575 ], [ -54.41534, -33.24686 ], [ -54.4128, -33.24885 ], [ -54.41234, -33.25023 ], [ -54.41226, -33.25183 ], [ -54.41178, -33.25183 ], [ -54.41129, -33.25164 ], [ -54.40976, -33.25051 ], [ -54.4096, -33.24949 ], [ -54.40913, -33.2481 ], [ -54.40881, -33.24822 ], [ -54.40852, -33.24791 ], [ -54.40853, -33.24734 ], [ -54.40775, -33.24683 ], [ -54.40699, -33.24693 ], [ -54.40648, -33.24767 ], [ -54.4064, -33.24845 ], [ -54.40594, -33.24927 ], [ -54.40501, -33.2498 ], [ -54.40446, -33.24994 ], [ -54.40397, -33.25057 ], [ -54.4036, -33.25069 ], [ -54.40321, -33.25061 ], [ -54.403, -33.25042 ], [ -54.40279, -33.25051 ], [ -54.4024, -33.2504 ], [ -54.40122, -33.24963 ], [ -54.40018, -33.24967 ], [ -54.39954, -33.2502 ], [ -54.39876, -33.25033 ], [ -54.39838, -33.25064 ], [ -54.39846, -33.25084 ], [ -54.39881, -33.25065 ], [ -54.39899, -33.25094 ], [ -54.39869, -33.2515 ], [ -54.39848, -33.25159 ], [ -54.39829, -33.25145 ], [ -54.39843, -33.25101 ], [ -54.39818, -33.25097 ], [ -54.39799, -33.25153 ], [ -54.39827, -33.25168 ], [ -54.39888, -33.25161 ], [ -54.3995, -33.25197 ], [ -54.4003, -33.25311 ], [ -54.40118, -33.25342 ], [ -54.40254, -33.2536 ], [ -54.40398, -33.25435 ], [ -54.40369, -33.25529 ], [ -54.40316, -33.25558 ], [ -54.40254, -33.25565 ], [ -54.40233, -33.25583 ], [ -54.40172, -33.25599 ], [ -54.40087, -33.25655 ], [ -54.40023, -33.2567 ], [ -54.39821, -33.25668 ], [ -54.39683, -33.25728 ], [ -54.39677, -33.25757 ], [ -54.39647, -33.25781 ], [ -54.39638, -33.25818 ], [ -54.39595, -33.25869 ], [ -54.39589, -33.25901 ], [ -54.39491, -33.25984 ], [ -54.39365, -33.26128 ], [ -54.39365, -33.26194 ], [ -54.39329, -33.26209 ], [ -54.39336, -33.26316 ], [ -54.39309, -33.2632 ], [ -54.3914, -33.26285 ], [ -54.39298, -33.26425 ], [ -54.39039, -33.26406 ], [ -54.39334, -33.26593 ] ] ] ] } },
{ "type": "Feature", "properties": { "nombre": "RN-FBS_CRI-1959_Ro.Uruguay", "curso": "Río Uruguay", "fecha_evento": "1959-04-01", "cota_local": null, "cota_oficial": 5.94, "fuentes": "Gerencia de Ingeniería y Planeamiento Área Hidrológica - Salto Grande" }, "geometry": { "type": "Polygon", "coordinates": [ [ [ -58.35424, -33.25645 ], [ -58.35415, -33.25565 ], [ -58.35231, -33.25269 ], [ -58.35235, -33.25217 ], [ -58.35279, -33.25147 ], [ -58.3529, -33.25106 ], [ -58.35285, -33.2495 ], [ -58.35217, -33.24845 ], [ -58.3522, -33.24796 ], [ -58.35205, -33.24748 ], [ -58.35232, -33.24631 ], [ -58.35202, -33.24616 ], [ -58.35157, -33.2463 ], [ -58.35121, -33.24745 ], [ -58.34999, -33.24834 ], [ -58.35047, -33.24667 ], [ -58.35056, -33.24579 ], [ -58.35014, -33.24527 ], [ -58.34956, -33.2449 ], [ -58.34906, -33.24384 ], [ -58.34847, -33.24337 ], [ -58.34834, -33.24297 ], [ -58.34845, -33.24258 ], [ -58.34852, -33.24331 ], [ -58.34908, -33.24368 ], [ -58.34928, -33.24409 ], [ -58.34973, -33.24453 ], [ -58.35026, -33.24452 ], [ -58.35169, -33.24526 ], [ -58.35247, -33.24521 ], [ -58.35207, -33.24541 ], [ -58.35343, -33.24488 ], [ -58.35539, -33.24352 ], [ -58.35591, -33.24286 ], [ -58.356, -33.24216 ], [ -58.35591, -33.24165 ], [ -58.35501, -33.24015 ], [ -58.35454, -33.23862 ], [ -58.35316, -33.23658 ], [ -58.35297, -33.23564 ], [ -58.35351, -33.23338 ], [ -58.35311, -33.23162 ], [ -58.35314, -33.2299 ], [ -58.35338, -33.22921 ], [ -58.35406, -33.22877 ], [ -58.35168, -33.2276 ], [ -58.35263, -33.22787 ], [ -58.35325, -33.22787 ], [ -58.35359, -33.22773 ], [ -58.3535, -33.22812 ], [ -58.35376, -33.22824 ], [ -58.35409, -33.22803 ], [ -58.3542, -33.22742 ], [ -58.35422, -33.22809 ], [ -58.35478, -33.22807 ], [ -58.35593, -33.22708 ], [ -58.35644, -33.22606 ], [ -58.3565, -33.22502 ], [ -58.35675, -33.22425 ], [ -58.35704, -33.22231 ], [ -58.35691, -33.22155 ], [ -58.35657, -33.22093 ], [ -58.35554, -33.21992 ], [ -58.35511, -33.21987 ], [ -58.35424, -33.22004 ], [ -58.35561, -33.21954 ], [ -58.35656, -33.21812 ], [ -58.357, -33.21708 ], [ -58.35694, -33.21683 ], [ -58.35715, -33.21673 ], [ -58.35779, -33.21527 ], [ -58.35785, -33.21367 ], [ -58.35812, -33.21211 ], [ -58.35788, -33.21133 ], [ -58.35761, -33.21104 ], [ -58.35602, -33.21047 ], [ -58.35545, -33.21043 ], [ -58.35503, -33.21053 ], [ -58.35374, -33.21106 ], [ -58.35515, -33.20998 ], [ -58.35495, -33.20924 ], [ -58.35592, -33.20964 ], [ -58.35655, -33.20952 ], [ -58.35666, -33.20888 ], [ -58.35735, -33.20804 ], [ -58.35786, -33.20709 ], [ -58.3579, -33.20634 ], [ -58.35746, -33.20522 ], [ -58.35775, -33.20513 ], [ -58.35716, -33.20444 ], [ -58.35629, -33.20429 ], [ -58.35676, -33.20421 ], [ -58.35658, -33.20392 ], [ -58.35686, -33.20354 ], [ -58.35678, -33.20302 ], [ -58.35633, -33.20219 ], [ -58.35629, -33.20172 ], [ -58.35567, -33.20089 ], [ -58.35513, -33.20042 ], [ -58.35507, -33.1995 ], [ -58.35403, -33.19818 ], [ -58.35378, -33.19766 ], [ -58.3527, -33.19731 ], [ -58.3519, -33.19763 ], [ -58.35108, -33.19839 ], [ -58.35047, -33.19875 ], [ -58.35047, -33.19862 ], [ -58.35034, -33.19872 ], [ -58.35001, -33.19856 ], [ -58.35006, -33.19833 ], [ -58.35079, -33.19794 ], [ -58.35066, -33.19776 ], [ -58.35102, -33.19752 ], [ -58.35113, -33.1972 ], [ -58.35075, -33.19668 ], [ -58.35071, -33.19562 ], [ -58.35048, -33.1949 ], [ -58.35028, -33.19467 ], [ -58.3496, -33.19439 ], [ -58.34945, -33.19483 ], [ -58.34741, -33.19482 ], [ -58.34645, -33.19507 ], [ -58.34438, -33.19634 ], [ -58.34307, -33.19663 ], [ -58.34242, -33.19664 ], [ -58.34141, -33.19719 ], [ -58.33899, -33.19949 ], [ -58.33869, -33.20019 ], [ -58.3379, -33.20083 ], [ -58.33753, -33.20154 ], [ -58.33717, -33.20183 ], [ -58.3367, -33.20288 ], [ -58.33656, -33.2027 ], [ -58.33669, -33.20266 ], [ -58.33716, -33.20177 ], [ -58.33749, -33.20147 ], [ -58.33814, -33.1995 ], [ -58.3383, -33.19828 ], [ -58.33798, -33.19736 ], [ -58.33826, -33.19508 ], [ -58.33791, -33.19467 ], [ -58.33736, -33.19523 ], [ -58.33663, -33.19488 ], [ -58.33466, -33.19467 ], [ -58.33569, -33.19461 ], [ -58.33622, -33.19431 ], [ -58.33675, -33.19431 ], [ -58.33695, -33.19419 ], [ -58.33683, -33.19376 ], [ -58.33706, -33.19347 ], [ -58.33878, -33.19337 ], [ -58.33908, -33.19327 ], [ -58.33901, -33.19301 ], [ -58.33929, -33.19328 ], [ -58.34052, -33.19355 ], [ -58.34202, -33.19325 ], [ -58.34466, -33.19189 ], [ -58.34676, -33.1901 ], [ -58.34691, -33.18976 ], [ -58.34665, -33.18919 ], [ -58.3469, -33.18881 ], [ -58.34786, -33.18799 ], [ -58.34796, -33.18767 ], [ -58.3471, -33.18423 ], [ -58.34667, -33.18378 ], [ -58.34663, -33.18345 ], [ -58.34612, -33.18289 ], [ -58.34598, -33.18246 ], [ -58.34567, -33.18208 ], [ -58.34578, -33.18127 ], [ -58.34607, -33.18114 ], [ -58.34612, -33.18086 ], [ -58.34665, -33.18033 ], [ -58.34636, -33.18011 ], [ -58.34627, -33.17989 ], [ -58.34641, -33.18008 ], [ -58.3468, -33.18026 ], [ -58.34664, -33.18099 ], [ -58.34697, -33.18168 ], [ -58.34799, -33.18271 ], [ -58.34862, -33.18293 ], [ -58.34923, -33.18333 ], [ -58.35048, -33.18525 ], [ -58.35126, -33.18603 ], [ -58.35145, -33.18684 ], [ -58.35181, -33.1874 ], [ -58.35218, -33.18786 ], [ -58.35251, -33.18803 ], [ -58.35259, -33.18828 ], [ -58.3528, -33.18829 ], [ -58.35291, -33.18868 ], [ -58.35287, -33.18879 ], [ -58.35261, -33.18879 ], [ -58.3528, -33.18899 ], [ -58.35253, -33.18918 ], [ -58.35262, -33.18949 ], [ -58.35246, -33.18963 ], [ -58.35267, -33.18973 ], [ -58.35293, -33.18965 ], [ -58.35293, -33.19007 ], [ -58.35259, -33.1901 ], [ -58.3526, -33.19055 ], [ -58.35247, -33.19069 ], [ -58.35225, -33.19058 ], [ -58.35251, -33.19035 ], [ -58.35224, -33.19033 ], [ -58.35217, -33.19006 ], [ -58.35181, -33.18962 ], [ -58.35164, -33.18977 ], [ -58.35187, -33.19018 ], [ -58.35155, -33.19003 ], [ -58.3512, -33.19016 ], [ -58.35144, -33.19032 ], [ -58.35144, -33.19072 ], [ -58.35121, -33.1907 ], [ -58.35084, -33.19086 ], [ -58.35047, -33.19127 ], [ -58.35053, -33.19197 ], [ -58.3499, -33.19349 ], [ -58.35138, -33.19338 ], [ -58.35263, -33.19145 ], [ -58.35264, -33.19096 ], [ -58.35297, -33.1901 ], [ -58.35332, -33.19 ], [ -58.35348, -33.1903 ], [ -58.35389, -33.19052 ], [ -58.35439, -33.19004 ], [ -58.35399, -33.19013 ], [ -58.35393, -33.18974 ], [ -58.35438, -33.18965 ], [ -58.3545, -33.18999 ], [ -58.35542, -33.18901 ], [ -58.35555, -33.18897 ], [ -58.35563, -33.18909 ], [ -58.35603, -33.18877 ], [ -58.35668, -33.1885 ], [ -58.3567, -33.18838 ], [ -58.35683, -33.18843 ], [ -58.3585, -33.18714 ], [ -58.35938, -33.18599 ], [ -58.35883, -33.18518 ], [ -58.35955, -33.18389 ], [ -58.35957, -33.18353 ], [ -58.35911, -33.18317 ], [ -58.35819, -33.18292 ], [ -58.3573, -33.18247 ], [ -58.35725, -33.18222 ], [ -58.35693, -33.18251 ], [ -58.35678, -33.18239 ], [ -58.35689, -33.18203 ], [ -58.3574, -33.18177 ], [ -58.35734, -33.18159 ], [ -58.3568, -33.18149 ], [ -58.35577, -33.18073 ], [ -58.35541, -33.18035 ], [ -58.35546, -33.17992 ], [ -58.35511, -33.17945 ], [ -58.35543, -33.17938 ], [ -58.35622, -33.18002 ], [ -58.35651, -33.1807 ], [ -58.35674, -33.18086 ], [ -58.35666, -33.18113 ], [ -58.35688, -33.1813 ], [ -58.35745, -33.18128 ], [ -58.35763, -33.18082 ], [ -58.35795, -33.18074 ], [ -58.3585, -33.18005 ], [ -58.35858, -33.17941 ], [ -58.35896, -33.17891 ], [ -58.35919, -33.17821 ], [ -58.35862, -33.17778 ], [ -58.35786, -33.17755 ], [ -58.35769, -33.17733 ], [ -58.35757, -33.17616 ], [ -58.35834, -33.17493 ], [ -58.35826, -33.17469 ], [ -58.35778, -33.1744 ], [ -58.35778, -33.17345 ], [ -58.35709, -33.17242 ], [ -58.35633, -33.17184 ], [ -58.35551, -33.17153 ], [ -58.35526, -33.17104 ], [ -58.35512, -33.17109 ], [ -58.35514, -33.17152 ], [ -58.35478, -33.17194 ], [ -58.3546, -33.17168 ], [ -58.35468, -33.17114 ], [ -58.35452, -33.17094 ], [ -58.3539, -33.17069 ], [ -58.35411, -33.17165 ], [ -58.35386, -33.17097 ], [ -58.35385, -33.1705 ], [ -58.35352, -33.17041 ], [ -58.35258, -33.17048 ], [ -58.35335, -33.17014 ], [ -58.3531, -33.17003 ], [ -58.35289, -33.16906 ], [ -58.35176, -33.16815 ], [ -58.35, -33.16775 ], [ -58.3492, -33.16732 ], [ -58.35016, -33.16751 ], [ -58.35222, -33.16748 ], [ -58.35317, -33.16709 ], [ -58.35302, -33.16692 ], [ -58.35357, -33.16649 ], [ -58.35462, -33.16639 ], [ -58.35508, -33.16694 ], [ -58.35493, -33.16701 ], [ -58.35518, -33.16739 ], [ -58.35535, -33.16743 ], [ -58.35535, -33.16779 ], [ -58.35513, -33.16816 ], [ -58.35512, -33.16872 ], [ -58.35536, -33.16917 ], [ -58.35598, -33.16871 ], [ -58.35617, -33.16839 ], [ -58.35622, -33.16787 ], [ -58.356, -33.16779 ], [ -58.35728, -33.16732 ], [ -58.35757, -33.16676 ], [ -58.35797, -33.16664 ], [ -58.35856, -33.16622 ], [ -58.35898, -33.16615 ], [ -58.35946, -33.16563 ], [ -58.35917, -33.16482 ], [ -58.35965, -33.16405 ], [ -58.35935, -33.16388 ], [ -58.35905, -33.16347 ], [ -58.35898, -33.16306 ], [ -58.35981, -33.1619 ], [ -58.35964, -33.16176 ], [ -58.35917, -33.16166 ], [ -58.35896, -33.16125 ], [ -58.35823, -33.16091 ], [ -58.35775, -33.15985 ], [ -58.35707, -33.15959 ], [ -58.35693, -33.15943 ], [ -58.35797, -33.15956 ], [ -58.35816, -33.1591 ], [ -58.35897, -33.15833 ], [ -58.35906, -33.15758 ], [ -58.35952, -33.15704 ], [ -58.35942, -33.15663 ], [ -58.35891, -33.15624 ], [ -58.35802, -33.15591 ], [ -58.35762, -33.15593 ], [ -58.3575, -33.15494 ], [ -58.35765, -33.15435 ], [ -58.3573, -33.15418 ], [ -58.35757, -33.15415 ], [ -58.35783, -33.15358 ], [ -58.35833, -33.1531 ], [ -58.35872, -33.15245 ], [ -58.35811, -33.15083 ], [ -58.35842, -33.15035 ], [ -58.35904, -33.14996 ], [ -58.3583, -33.1495 ], [ -58.35786, -33.14889 ], [ -58.35793, -33.14824 ], [ -58.35722, -33.14775 ], [ -58.35639, -33.14784 ], [ -58.35584, -33.14836 ], [ -58.35583, -33.14781 ], [ -58.35468, -33.14672 ], [ -58.35425, -33.146 ], [ -58.3543, -33.14591 ], [ -58.35473, -33.14611 ], [ -58.35519, -33.14602 ], [ -58.35562, -33.14558 ], [ -58.35578, -33.14511 ], [ -58.35567, -33.14477 ], [ -58.35586, -33.14457 ], [ -58.35605, -33.14447 ], [ -58.35642, -33.14456 ], [ -58.35682, -33.14446 ], [ -58.35625, -33.14384 ], [ -58.35621, -33.14327 ], [ -58.35534, -33.14225 ], [ -58.3557, -33.14141 ], [ -58.35541, -33.14098 ], [ -58.35511, -33.13997 ], [ -58.35529, -33.13961 ], [ -58.35576, -33.13931 ], [ -58.35552, -33.13922 ], [ -58.35525, -33.1388 ], [ -58.35534, -33.13844 ], [ -58.35515, -33.13758 ], [ -58.35532, -33.13715 ], [ -58.35477, -33.13686 ], [ -58.35473, -33.13639 ], [ -58.35435, -33.13601 ], [ -58.35439, -33.13576 ], [ -58.35409, -33.13572 ], [ -58.35388, -33.13552 ], [ -58.35358, -33.13494 ], [ -58.35354, -33.13452 ], [ -58.35314, -33.1342 ], [ -58.35293, -33.1333 ], [ -58.35317, -33.13273 ], [ -58.35233, -33.13193 ], [ -58.35224, -33.13148 ], [ -58.35187, -33.13097 ], [ -58.35189, -33.13047 ], [ -58.35135, -33.13033 ], [ -58.35111, -33.13012 ], [ -58.35093, -33.12886 ], [ -58.35115, -33.12802 ], [ -58.35105, -33.12787 ], [ -58.34997, -33.12769 ], [ -58.34947, -33.12786 ], [ -58.34916, -33.12831 ], [ -58.34899, -33.12953 ], [ -58.34909, -33.13014 ], [ -58.35056, -33.13296 ], [ -58.35063, -33.13355 ], [ -58.35115, -33.13475 ], [ -58.34994, -33.13326 ], [ -58.34954, -33.13255 ], [ -58.34832, -33.13169 ], [ -58.34765, -33.13169 ], [ -58.34754, -33.13156 ], [ -58.34749, -33.13172 ], [ -58.34714, -33.13183 ], [ -58.34587, -33.13205 ], [ -58.34546, -33.13252 ], [ -58.34504, -33.13356 ], [ -58.34467, -33.13636 ], [ -58.345, -33.13724 ], [ -58.34503, -33.1381 ], [ -58.34424, -33.13885 ], [ -58.34376, -33.13978 ], [ -58.34378, -33.14091 ], [ -58.34444, -33.14185 ], [ -58.34452, -33.14247 ], [ -58.34435, -33.14216 ], [ -58.34389, -33.14189 ], [ -58.34301, -33.14184 ], [ -58.34223, -33.1421 ], [ -58.34168, -33.14243 ], [ -58.34093, -33.14303 ], [ -58.34078, -33.14336 ], [ -58.34073, -33.14292 ], [ -58.34167, -33.14106 ], [ -58.3419, -33.1396 ], [ -58.34137, -33.13829 ], [ -58.3411, -33.13815 ], [ -58.34065, -33.13823 ], [ -58.34039, -33.13842 ], [ -58.34041, -33.13907 ], [ -58.3402, -33.13901 ], [ -58.33989, -33.13914 ], [ -58.33916, -33.14067 ], [ -58.33891, -33.14054 ], [ -58.33886, -33.14072 ], [ -58.33775, -33.14159 ], [ -58.33724, -33.14237 ], [ -58.33671, -33.14272 ], [ -58.33588, -33.144 ], [ -58.33556, -33.14417 ], [ -58.33502, -33.1449 ], [ -58.33472, -33.14508 ], [ -58.33307, -33.14553 ], [ -58.33296, -33.14558 ], [ -58.33301, -33.14568 ], [ -58.33188, -33.14554 ], [ -58.33122, -33.14661 ], [ -58.33086, -33.14682 ], [ -58.33066, -33.14714 ], [ -58.33025, -33.14727 ], [ -58.33027, -33.14829 ], [ -58.33015, -33.14816 ], [ -58.33014, -33.14737 ], [ -58.3303, -33.14715 ], [ -58.33065, -33.14707 ], [ -58.33076, -33.1468 ], [ -58.33107, -33.14654 ], [ -58.33112, -33.14566 ], [ -58.33068, -33.14543 ], [ -58.32945, -33.14543 ], [ -58.32949, -33.14489 ], [ -58.32997, -33.14464 ], [ -58.32956, -33.14425 ], [ -58.32892, -33.14434 ], [ -58.32892, -33.14426 ], [ -58.32846, -33.14423 ], [ -58.32768, -33.14435 ], [ -58.32843, -33.14408 ], [ -58.33001, -33.14397 ], [ -58.32982, -33.14351 ], [ -58.33052, -33.14373 ], [ -58.33106, -33.14378 ], [ -58.33257, -33.14312 ], [ -58.33332, -33.14265 ], [ -58.3347, -33.14071 ], [ -58.3368, -33.1371 ], [ -58.33714, -33.13683 ], [ -58.33763, -33.13452 ], [ -58.3374, -33.13418 ], [ -58.33695, -33.13404 ], [ -58.33738, -33.13371 ], [ -58.33761, -33.13277 ], [ -58.33733, -33.13171 ], [ -58.33656, -33.13077 ], [ -58.33684, -33.13071 ], [ -58.33762, -33.13092 ], [ -58.33836, -33.13075 ], [ -58.33959, -33.13034 ], [ -58.33997, -33.12976 ], [ -58.34023, -33.12893 ], [ -58.34011, -33.12816 ], [ -58.33963, -33.12772 ], [ -58.33861, -33.12756 ], [ -58.33828, -33.12735 ], [ -58.33913, -33.12678 ], [ -58.33951, -33.12632 ], [ -58.33991, -33.12571 ], [ -58.33999, -33.1248 ], [ -58.3405, -33.12467 ], [ -58.34109, -33.12469 ], [ -58.34156, -33.1243 ], [ -58.34158, -33.12411 ], [ -58.34126, -33.12383 ], [ -58.3405, -33.12351 ], [ -58.34015, -33.12277 ], [ -58.34052, -33.12193 ], [ -58.34111, -33.12105 ], [ -58.34115, -33.12041 ], [ -58.34037, -33.12027 ], [ -58.33855, -33.12035 ], [ -58.33817, -33.11994 ], [ -58.3379, -33.11928 ], [ -58.33757, -33.11925 ], [ -58.33708, -33.11938 ], [ -58.33686, -33.11961 ], [ -58.33678, -33.1199 ], [ -58.33693, -33.12003 ], [ -58.33676, -33.12067 ], [ -58.3363, -33.12037 ], [ -58.33604, -33.12036 ], [ -58.33498, -33.12151 ], [ -58.33474, -33.12157 ], [ -58.33459, -33.12008 ], [ -58.33535, -33.11971 ], [ -58.33506, -33.1196 ], [ -58.33521, -33.11925 ], [ -58.3351, -33.11896 ], [ -58.33453, -33.11841 ], [ -58.33439, -33.118 ], [ -58.33282, -33.11702 ], [ -58.3318, -33.11666 ], [ -58.33181, -33.11645 ], [ -58.33207, -33.11637 ], [ -58.33189, -33.11629 ], [ -58.33143, -33.11634 ], [ -58.33113, -33.11653 ], [ -58.33048, -33.1166 ], [ -58.32986, -33.11703 ], [ -58.32885, -33.11716 ], [ -58.32838, -33.11692 ], [ -58.32772, -33.11747 ], [ -58.32765, -33.11777 ], [ -58.32748, -33.11791 ], [ -58.32748, -33.11819 ], [ -58.32752, -33.11851 ], [ -58.32773, -33.11878 ], [ -58.32727, -33.1191 ], [ -58.32692, -33.11917 ], [ -58.32692, -33.1194 ], [ -58.32678, -33.11941 ], [ -58.3266, -33.11971 ], [ -58.32656, -33.12005 ], [ -58.3268, -33.1211 ], [ -58.3263, -33.12026 ], [ -58.32593, -33.12014 ], [ -58.32562, -33.11951 ], [ -58.32516, -33.11928 ], [ -58.32514, -33.11911 ], [ -58.32439, -33.11898 ], [ -58.32464, -33.11884 ], [ -58.32408, -33.11882 ], [ -58.32362, -33.11895 ], [ -58.32238, -33.11961 ], [ -58.32193, -33.11973 ], [ -58.32169, -33.12075 ], [ -58.32181, -33.12159 ], [ -58.32202, -33.12188 ], [ -58.32187, -33.12218 ], [ -58.32217, -33.12225 ], [ -58.3225, -33.1242 ], [ -58.3228, -33.12463 ], [ -58.32275, -33.1248 ], [ -58.3225, -33.12483 ], [ -58.3223, -33.12554 ], [ -58.32228, -33.12532 ], [ -58.32238, -33.1249 ], [ -58.32188, -33.12501 ], [ -58.3218, -33.12488 ], [ -58.32134, -33.12329 ], [ -58.3214, -33.12308 ], [ -58.32126, -33.12325 ], [ -58.32016, -33.12238 ], [ -58.31925, -33.12221 ], [ -58.31813, -33.12292 ], [ -58.31758, -33.12379 ], [ -58.31731, -33.12455 ], [ -58.3173, -33.12568 ], [ -58.31701, -33.12582 ], [ -58.31692, -33.12602 ], [ -58.317, -33.12577 ], [ -58.31678, -33.12553 ], [ -58.31724, -33.12543 ], [ -58.31683, -33.12535 ], [ -58.31662, -33.12506 ], [ -58.31639, -33.1244 ], [ -58.31653, -33.12431 ], [ -58.31619, -33.12365 ], [ -58.31519, -33.12289 ], [ -58.31426, -33.12255 ], [ -58.31424, -33.12234 ], [ -58.31408, -33.12251 ], [ -58.31376, -33.12241 ], [ -58.31279, -33.12275 ], [ -58.3119, -33.12338 ], [ -58.31146, -33.12333 ], [ -58.31073, -33.12424 ], [ -58.3103, -33.12457 ], [ -58.31043, -33.1244 ], [ -58.31012, -33.12407 ], [ -58.30973, -33.12403 ], [ -58.30936, -33.12416 ], [ -58.30918, -33.12442 ], [ -58.30834, -33.12474 ], [ -58.30655, -33.12608 ], [ -58.30792, -33.12492 ], [ -58.30799, -33.12456 ], [ -58.30879, -33.12377 ], [ -58.30917, -33.12311 ], [ -58.3093, -33.12318 ], [ -58.30942, -33.1229 ], [ -58.30966, -33.1228 ], [ -58.31006, -33.12279 ], [ -58.31107, -33.12212 ], [ -58.31157, -33.1216 ], [ -58.31183, -33.12151 ], [ -58.31206, -33.1209 ], [ -58.31236, -33.12056 ], [ -58.31271, -33.12044 ], [ -58.31316, -33.12053 ], [ -58.31376, -33.1204 ], [ -58.31399, -33.12056 ], [ -58.31453, -33.12034 ], [ -58.31517, -33.11983 ], [ -58.31573, -33.12024 ], [ -58.31675, -33.12043 ], [ -58.31742, -33.12 ], [ -58.31766, -33.12005 ], [ -58.31698, -33.11937 ], [ -58.31765, -33.11884 ], [ -58.31751, -33.1187 ], [ -58.31753, -33.11844 ], [ -58.31768, -33.11829 ], [ -58.31749, -33.11813 ], [ -58.31757, -33.11795 ], [ -58.31704, -33.11761 ], [ -58.31711, -33.11752 ], [ -58.31684, -33.11697 ], [ -58.31657, -33.117 ], [ -58.31638, -33.11677 ], [ -58.31661, -33.11641 ], [ -58.31646, -33.11618 ], [ -58.31655, -33.11599 ], [ -58.31672, -33.11601 ], [ -58.3167, -33.11585 ], [ -58.31647, -33.1157 ], [ -58.31689, -33.11535 ], [ -58.31685, -33.11513 ], [ -58.31734, -33.11474 ], [ -58.3175, -33.11416 ], [ -58.31736, -33.11401 ], [ -58.31677, -33.11395 ], [ -58.31621, -33.11365 ], [ -58.31585, -33.11368 ], [ -58.31578, -33.11352 ], [ -58.31588, -33.1134 ], [ -58.31556, -33.11273 ], [ -58.31513, -33.11246 ], [ -58.3133, -33.11278 ], [ -58.31272, -33.11233 ], [ -58.31166, -33.11232 ], [ -58.31106, -33.1126 ], [ -58.31111, -33.11302 ], [ -58.31068, -33.11298 ], [ -58.31078, -33.11321 ], [ -58.30986, -33.11378 ], [ -58.30919, -33.11397 ], [ -58.30887, -33.1145 ], [ -58.30907, -33.11507 ], [ -58.30899, -33.11528 ], [ -58.30875, -33.11504 ], [ -58.30835, -33.1151 ], [ -58.30799, -33.11493 ], [ -58.30739, -33.11434 ], [ -58.30703, -33.11427 ], [ -58.30686, -33.11445 ], [ -58.30648, -33.11448 ], [ -58.30629, -33.11432 ], [ -58.30581, -33.11437 ], [ -58.30581, -33.11449 ], [ -58.3044, -33.11539 ], [ -58.30452, -33.11555 ], [ -58.30417, -33.11586 ], [ -58.30365, -33.11604 ], [ -58.30337, -33.11589 ], [ -58.30319, -33.11604 ], [ -58.30424, -33.11477 ], [ -58.30269, -33.11635 ], [ -58.30175, -33.11694 ], [ -58.30266, -33.11609 ], [ -58.30208, -33.11644 ], [ -58.30241, -33.11619 ], [ -58.30206, -33.11552 ], [ -58.30228, -33.11517 ], [ -58.30204, -33.11523 ], [ -58.3022, -33.11514 ], [ -58.30202, -33.11506 ], [ -58.30291, -33.11466 ], [ -58.30286, -33.11456 ], [ -58.3024, -33.11463 ], [ -58.30288, -33.11438 ], [ -58.303, -33.11442 ], [ -58.3036, -33.1136 ], [ -58.30413, -33.11255 ], [ -58.30403, -33.11219 ], [ -58.3035, -33.11183 ], [ -58.30332, -33.11155 ], [ -58.30324, -33.11113 ], [ -58.30365, -33.11088 ], [ -58.30322, -33.11098 ], [ -58.30315, -33.1108 ], [ -58.30335, -33.11074 ], [ -58.30346, -33.11044 ], [ -58.30403, -33.11046 ], [ -58.30432, -33.11029 ], [ -58.30441, -33.10996 ], [ -58.30414, -33.10943 ], [ -58.30161, -33.10895 ], [ -58.30154, -33.1087 ], [ -58.30099, -33.10827 ], [ -58.30083, -33.10833 ], [ -58.30067, -33.10864 ], [ -58.30038, -33.1087 ], [ -58.30012, -33.10894 ], [ -58.29999, -33.10887 ], [ -58.2993, -33.10903 ], [ -58.29893, -33.10884 ], [ -58.29859, -33.10888 ], [ -58.29835, -33.10843 ], [ -58.29787, -33.10848 ], [ -58.29706, -33.10809 ], [ -58.29664, -33.10822 ], [ -58.29592, -33.10872 ], [ -58.29554, -33.10957 ], [ -58.29634, -33.11022 ], [ -58.29623, -33.11056 ], [ -58.29604, -33.11063 ], [ -58.29566, -33.11113 ], [ -58.29549, -33.11144 ], [ -58.29559, -33.11155 ], [ -58.29527, -33.11162 ], [ -58.29563, -33.1119 ], [ -58.29577, -33.11223 ], [ -58.29571, -33.11309 ], [ -58.2959, -33.11377 ], [ -58.2954, -33.1136 ], [ -58.29476, -33.11308 ], [ -58.29482, -33.11262 ], [ -58.29473, -33.11273 ], [ -58.29479, -33.11259 ], [ -58.29443, -33.11169 ], [ -58.29482, -33.11155 ], [ -58.29454, -33.1114 ], [ -58.29401, -33.1114 ], [ -58.29365, -33.11126 ], [ -58.2929, -33.11066 ], [ -58.29248, -33.11075 ], [ -58.29183, -33.11068 ], [ -58.29154, -33.11051 ], [ -58.29141, -33.11067 ], [ -58.29111, -33.11059 ], [ -58.29099, -33.11077 ], [ -58.29109, -33.11126 ], [ -58.2905, -33.11109 ], [ -58.28994, -33.11135 ], [ -58.28935, -33.1113 ], [ -58.28874, -33.11086 ], [ -58.28838, -33.11107 ], [ -58.28776, -33.11175 ], [ -58.28711, -33.11169 ], [ -58.2864, -33.11212 ], [ -58.28613, -33.11268 ], [ -58.28638, -33.11299 ], [ -58.28637, -33.11317 ], [ -58.28627, -33.11349 ], [ -58.28589, -33.11356 ], [ -58.28586, -33.11401 ], [ -58.28536, -33.11444 ], [ -58.2847, -33.11442 ], [ -58.28488, -33.11455 ], [ -58.2846, -33.11452 ], [ -58.28432, -33.11464 ], [ -58.28398, -33.11505 ], [ -58.28464, -33.11666 ], [ -58.28504, -33.11731 ], [ -58.28552, -33.11778 ], [ -58.28591, -33.11772 ], [ -58.28642, -33.11786 ], [ -58.28709, -33.11787 ], [ -58.28874, -33.11883 ], [ -58.28964, -33.11908 ], [ -58.2898, -33.11942 ], [ -58.28905, -33.1195 ], [ -58.28965, -33.11949 ], [ -58.28917, -33.1195 ], [ -58.28946, -33.1206 ], [ -58.28924, -33.12069 ], [ -58.28891, -33.12062 ], [ -58.28851, -33.12018 ], [ -58.28794, -33.11997 ], [ -58.28738, -33.11949 ], [ -58.28705, -33.11939 ], [ -58.28575, -33.11932 ], [ -58.28479, -33.11989 ], [ -58.28433, -33.11997 ], [ -58.28252, -33.11875 ], [ -58.28246, -33.11898 ], [ -58.28086, -33.1197 ], [ -58.281, -33.12053 ], [ -58.28285, -33.11984 ], [ -58.28217, -33.12081 ], [ -58.28213, -33.12159 ], [ -58.28282, -33.12328 ], [ -58.2837, -33.12468 ], [ -58.28289, -33.12402 ], [ -58.28245, -33.124 ], [ -58.28165, -33.12362 ], [ -58.28101, -33.12383 ], [ -58.28091, -33.12425 ], [ -58.28117, -33.12549 ], [ -58.28119, -33.12639 ], [ -58.28179, -33.12628 ], [ -58.28191, -33.12658 ], [ -58.28261, -33.12728 ], [ -58.2825, -33.12796 ], [ -58.28145, -33.12787 ], [ -58.28129, -33.12822 ], [ -58.28128, -33.12781 ], [ -58.28113, -33.1277 ], [ -58.28083, -33.12781 ], [ -58.28106, -33.12763 ], [ -58.28091, -33.12743 ], [ -58.2802, -33.12701 ], [ -58.279, -33.12561 ], [ -58.27884, -33.12292 ], [ -58.27866, -33.1221 ], [ -58.27843, -33.12182 ], [ -58.27902, -33.12078 ], [ -58.27908, -33.11926 ], [ -58.2789, -33.11833 ], [ -58.2786, -33.11762 ], [ -58.27832, -33.11714 ], [ -58.27795, -33.11704 ], [ -58.27771, -33.11754 ], [ -58.27733, -33.11795 ], [ -58.27728, -33.11932 ], [ -58.27693, -33.12041 ], [ -58.27701, -33.12074 ], [ -58.27684, -33.12145 ], [ -58.2752, -33.12399 ], [ -58.27513, -33.12453 ], [ -58.27533, -33.12535 ], [ -58.27488, -33.12624 ], [ -58.2749, -33.12692 ], [ -58.2747, -33.12781 ], [ -58.275, -33.12866 ], [ -58.27473, -33.12972 ], [ -58.27504, -33.1305 ], [ -58.27499, -33.13113 ], [ -58.27479, -33.1313 ], [ -58.27373, -33.13146 ], [ -58.27265, -33.13222 ], [ -58.27147, -33.13248 ], [ -58.27118, -33.13268 ], [ -58.27109, -33.13297 ], [ -58.27119, -33.13326 ], [ -58.27159, -33.13379 ], [ -58.2724, -33.1345 ], [ -58.2724, -33.13478 ], [ -58.27179, -33.13479 ], [ -58.27028, -33.13449 ], [ -58.26988, -33.13472 ], [ -58.26947, -33.13534 ], [ -58.2653, -33.13535 ], [ -58.26509, -33.1353 ], [ -58.26497, -33.13499 ], [ -58.26549, -33.13442 ], [ -58.26571, -33.13383 ], [ -58.26599, -33.13356 ], [ -58.2661, -33.13353 ], [ -58.26616, -33.13367 ], [ -58.26631, -33.13314 ], [ -58.26667, -33.13258 ], [ -58.26651, -33.13195 ], [ -58.26704, -33.13164 ], [ -58.26741, -33.13124 ], [ -58.26797, -33.131 ], [ -58.26801, -33.1304 ], [ -58.26857, -33.13003 ], [ -58.26926, -33.12992 ], [ -58.26981, -33.12944 ], [ -58.27008, -33.12675 ], [ -58.27127, -33.12284 ], [ -58.27085, -33.12154 ], [ -58.27037, -33.12122 ], [ -58.26986, -33.1212 ], [ -58.26919, -33.1214 ], [ -58.2686, -33.12178 ], [ -58.26714, -33.12345 ], [ -58.2662, -33.12566 ], [ -58.26567, -33.12602 ], [ -58.26555, -33.12357 ], [ -58.26589, -33.12267 ], [ -58.26689, -33.12092 ], [ -58.26667, -33.12014 ], [ -58.26675, -33.11806 ], [ -58.26644, -33.11801 ], [ -58.26545, -33.11823 ], [ -58.26309, -33.11989 ], [ -58.26176, -33.12039 ], [ -58.26081, -33.11987 ], [ -58.26214, -33.11872 ], [ -58.2632, -33.118 ], [ -58.26379, -33.11803 ], [ -58.2646, -33.11707 ], [ -58.26462, -33.11684 ], [ -58.26442, -33.11666 ], [ -58.26464, -33.11628 ], [ -58.26465, -33.11574 ], [ -58.26443, -33.11542 ], [ -58.26433, -33.11477 ], [ -58.26398, -33.11421 ], [ -58.26399, -33.11371 ], [ -58.26456, -33.11314 ], [ -58.26495, -33.11226 ], [ -58.26494, -33.11159 ], [ -58.26339, -33.1111 ], [ -58.26258, -33.1103 ], [ -58.26204, -33.11012 ], [ -58.26175, -33.11034 ], [ -58.26148, -33.11033 ], [ -58.26129, -33.11009 ], [ -58.26142, -33.10981 ], [ -58.26137, -33.10934 ], [ -58.26109, -33.10912 ], [ -58.26069, -33.10913 ], [ -58.26042, -33.10957 ], [ -58.26011, -33.10978 ], [ -58.25795, -33.10923 ], [ -58.2575, -33.10924 ], [ -58.2568, -33.10961 ], [ -58.25615, -33.11089 ], [ -58.25533, -33.11157 ], [ -58.25474, -33.11261 ], [ -58.25402, -33.1135 ], [ -58.25293, -33.11427 ], [ -58.25239, -33.11424 ], [ -58.25214, -33.11414 ], [ -58.25226, -33.11349 ], [ -58.25211, -33.11301 ], [ -58.25183, -33.11259 ], [ -58.25139, -33.11257 ], [ -58.2516, -33.11244 ], [ -58.25157, -33.11176 ], [ -58.25273, -33.11145 ], [ -58.25291, -33.11112 ], [ -58.25285, -33.10972 ], [ -58.25226, -33.10857 ], [ -58.252, -33.10889 ], [ -58.25114, -33.10883 ], [ -58.25095, -33.1087 ], [ -58.251, -33.10848 ], [ -58.25043, -33.10819 ], [ -58.24831, -33.10875 ], [ -58.24771, -33.1086 ], [ -58.24748, -33.10779 ], [ -58.24764, -33.1078 ], [ -58.24802, -33.10744 ], [ -58.24818, -33.10683 ], [ -58.2481, -33.10648 ], [ -58.24739, -33.10732 ], [ -58.2472, -33.1068 ], [ -58.24561, -33.10623 ], [ -58.24504, -33.10588 ], [ -58.24444, -33.10524 ], [ -58.24423, -33.10521 ], [ -58.24372, -33.10544 ], [ -58.24304, -33.10544 ], [ -58.24263, -33.10522 ], [ -58.24202, -33.10465 ], [ -58.24114, -33.10473 ], [ -58.24097, -33.10485 ], [ -58.2411, -33.10569 ], [ -58.24053, -33.10676 ], [ -58.24055, -33.10716 ], [ -58.24205, -33.10838 ], [ -58.24181, -33.10965 ], [ -58.24077, -33.10975 ], [ -58.24042, -33.11149 ], [ -58.241, -33.11164 ], [ -58.24145, -33.11227 ], [ -58.24133, -33.11233 ], [ -58.24095, -33.11219 ], [ -58.24046, -33.11232 ], [ -58.24055, -33.11247 ], [ -58.24139, -33.11274 ], [ -58.24109, -33.11299 ], [ -58.241, -33.11387 ], [ -58.24148, -33.11546 ], [ -58.24205, -33.11621 ], [ -58.24245, -33.11726 ], [ -58.24247, -33.11792 ], [ -58.24261, -33.11798 ], [ -58.24224, -33.11838 ], [ -58.24104, -33.11671 ], [ -58.24057, -33.11658 ], [ -58.2407, -33.11633 ], [ -58.24062, -33.11606 ], [ -58.24009, -33.1153 ], [ -58.23964, -33.11504 ], [ -58.23954, -33.11465 ], [ -58.23885, -33.11378 ], [ -58.23793, -33.11131 ], [ -58.23738, -33.11037 ], [ -58.23706, -33.11009 ], [ -58.23667, -33.10995 ], [ -58.23617, -33.10946 ], [ -58.2355, -33.10944 ], [ -58.23462, -33.10987 ], [ -58.23443, -33.11001 ], [ -58.23441, -33.11022 ], [ -58.23392, -33.11063 ], [ -58.23381, -33.11286 ], [ -58.23408, -33.11509 ], [ -58.23385, -33.1148 ], [ -58.23352, -33.11478 ], [ -58.23335, -33.11399 ], [ -58.23285, -33.11289 ], [ -58.23227, -33.112 ], [ -58.23193, -33.11216 ], [ -58.23196, -33.11126 ], [ -58.23183, -33.11099 ], [ -58.23116, -33.11054 ], [ -58.23083, -33.11055 ], [ -58.231, -33.10998 ], [ -58.2317, -33.10997 ], [ -58.23149, -33.10975 ], [ -58.2318, -33.10887 ], [ -58.23138, -33.10769 ], [ -58.23057, -33.10749 ], [ -58.22919, -33.10824 ], [ -58.22855, -33.10838 ], [ -58.22763, -33.10831 ], [ -58.22681, -33.10872 ], [ -58.22634, -33.10986 ], [ -58.22457, -33.11187 ], [ -58.22453, -33.11277 ], [ -58.22524, -33.1136 ], [ -58.22534, -33.11389 ], [ -58.22529, -33.11428 ], [ -58.22495, -33.11489 ], [ -58.225, -33.11545 ], [ -58.22538, -33.11593 ], [ -58.22626, -33.11661 ], [ -58.22549, -33.11827 ], [ -58.22597, -33.11985 ], [ -58.22633, -33.1202 ], [ -58.22696, -33.12035 ], [ -58.2265, -33.12044 ], [ -58.22655, -33.12092 ], [ -58.22637, -33.12135 ], [ -58.22381, -33.12145 ], [ -58.22332, -33.11977 ], [ -58.22161, -33.11776 ], [ -58.22106, -33.11635 ], [ -58.22003, -33.11546 ], [ -58.2197, -33.11456 ], [ -58.21853, -33.11272 ], [ -58.21769, -33.11215 ], [ -58.21713, -33.1122 ], [ -58.21614, -33.112 ], [ -58.21585, -33.11211 ], [ -58.21566, -33.1125 ], [ -58.21588, -33.11444 ], [ -58.21531, -33.11534 ], [ -58.21526, -33.11607 ], [ -58.21548, -33.11657 ], [ -58.21615, -33.1175 ], [ -58.21601, -33.11826 ], [ -58.21549, -33.11936 ], [ -58.21519, -33.12114 ], [ -58.21497, -33.12141 ], [ -58.20964, -33.12145 ], [ -58.20981, -33.12072 ], [ -58.20974, -33.11994 ], [ -58.2099, -33.11898 ], [ -58.20976, -33.11849 ], [ -58.20936, -33.11796 ], [ -58.20866, -33.11779 ], [ -58.20773, -33.11793 ], [ -58.20677, -33.11842 ], [ -58.20592, -33.11916 ], [ -58.20585, -33.11907 ], [ -58.2061, -33.11841 ], [ -58.20606, -33.11823 ], [ -58.20584, -33.11812 ], [ -58.20669, -33.11723 ], [ -58.20687, -33.11685 ], [ -58.20684, -33.11655 ], [ -58.20792, -33.11652 ], [ -58.20915, -33.11606 ], [ -58.20951, -33.11581 ], [ -58.20972, -33.11531 ], [ -58.20994, -33.11389 ], [ -58.20863, -33.11227 ], [ -58.20874, -33.11171 ], [ -58.20924, -33.11135 ], [ -58.20938, -33.11103 ], [ -58.20931, -33.11059 ], [ -58.20886, -33.11022 ], [ -58.20818, -33.11001 ], [ -58.20687, -33.11004 ], [ -58.2066, -33.11054 ], [ -58.20554, -33.11133 ], [ -58.20552, -33.11158 ], [ -58.20516, -33.11188 ], [ -58.20435, -33.112 ], [ -58.20421, -33.11189 ], [ -58.20429, -33.11165 ], [ -58.20487, -33.11152 ], [ -58.20413, -33.11151 ], [ -58.20269, -33.11033 ], [ -58.20221, -33.11023 ], [ -58.20146, -33.11049 ], [ -58.20048, -33.11026 ], [ -58.19992, -33.11079 ], [ -58.19955, -33.11162 ], [ -58.19968, -33.1125 ], [ -58.19964, -33.11374 ], [ -58.19947, -33.11388 ], [ -58.19872, -33.11399 ], [ -58.19828, -33.1144 ], [ -58.19825, -33.11553 ], [ -58.19784, -33.11634 ], [ -58.19786, -33.11585 ], [ -58.19732, -33.11554 ], [ -58.19729, -33.11486 ], [ -58.1974, -33.11466 ], [ -58.197, -33.11363 ], [ -58.19656, -33.11286 ], [ -58.19615, -33.1125 ], [ -58.1958, -33.11152 ], [ -58.19542, -33.11107 ], [ -58.19493, -33.1108 ], [ -58.19455, -33.11077 ], [ -58.19302, -33.11095 ], [ -58.19231, -33.11139 ], [ -58.19258, -33.10803 ], [ -58.19111, -33.10782 ], [ -58.19057, -33.10802 ], [ -58.19037, -33.10877 ], [ -58.19013, -33.10889 ], [ -58.18995, -33.10934 ], [ -58.18941, -33.10956 ], [ -58.18878, -33.10953 ], [ -58.18809, -33.10872 ], [ -58.18763, -33.10864 ], [ -58.18718, -33.10871 ], [ -58.18671, -33.10964 ], [ -58.18634, -33.10981 ], [ -58.18537, -33.10989 ], [ -58.18426, -33.11079 ], [ -58.18398, -33.10989 ], [ -58.18331, -33.10893 ], [ -58.18323, -33.10853 ], [ -58.18348, -33.10837 ], [ -58.18345, -33.10817 ], [ -58.1828, -33.10807 ], [ -58.18245, -33.10769 ], [ -58.18218, -33.10761 ], [ -58.18194, -33.10759 ], [ -58.18165, -33.1079 ], [ -58.18127, -33.10792 ], [ -58.18106, -33.10769 ], [ -58.18067, -33.10756 ], [ -58.18041, -33.1071 ], [ -58.17971, -33.10702 ], [ -58.17926, -33.10728 ], [ -58.17902, -33.10729 ], [ -58.17807, -33.10689 ], [ -58.17737, -33.10681 ], [ -58.17725, -33.10685 ], [ -58.17738, -33.10707 ], [ -58.17785, -33.10736 ], [ -58.17856, -33.10839 ], [ -58.1779, -33.10813 ], [ -58.17761, -33.10815 ], [ -58.17681, -33.10863 ], [ -58.1754, -33.10917 ], [ -58.17519, -33.10937 ], [ -58.17513, -33.10971 ], [ -58.17549, -33.11017 ], [ -58.17607, -33.11049 ], [ -58.17646, -33.11136 ], [ -58.17671, -33.1115 ], [ -58.17723, -33.11154 ], [ -58.17715, -33.11181 ], [ -58.17733, -33.11296 ], [ -58.17679, -33.11291 ], [ -58.17599, -33.11313 ], [ -58.17565, -33.11419 ], [ -58.17612, -33.11484 ], [ -58.17606, -33.11538 ], [ -58.17636, -33.11572 ], [ -58.17654, -33.1163 ], [ -58.17688, -33.11675 ], [ -58.17732, -33.11686 ], [ -58.17765, -33.11665 ], [ -58.17788, -33.1163 ], [ -58.17806, -33.11636 ], [ -58.17899, -33.11556 ], [ -58.17982, -33.11544 ], [ -58.18231, -33.11546 ], [ -58.18274, -33.11529 ], [ -58.18356, -33.11533 ], [ -58.18357, -33.11564 ], [ -58.18334, -33.11592 ], [ -58.18354, -33.1161 ], [ -58.18313, -33.1164 ], [ -58.18081, -33.11693 ], [ -58.18027, -33.11724 ], [ -58.17961, -33.11802 ], [ -58.17944, -33.11866 ], [ -58.17904, -33.11903 ], [ -58.17894, -33.11968 ], [ -58.17861, -33.11993 ], [ -58.17855, -33.12032 ], [ -58.17878, -33.12133 ], [ -58.17863, -33.12143 ], [ -58.17834, -33.1211 ], [ -58.17748, -33.12075 ], [ -58.17633, -33.12108 ], [ -58.17603, -33.12144 ], [ -58.16849, -33.12143 ], [ -58.16832, -33.12127 ], [ -58.16843, -33.12102 ], [ -58.16895, -33.12036 ], [ -58.16957, -33.1201 ], [ -58.17007, -33.11968 ], [ -58.17074, -33.11825 ], [ -58.17066, -33.11798 ], [ -58.17016, -33.11758 ], [ -58.16992, -33.11602 ], [ -58.16951, -33.11565 ], [ -58.16769, -33.11595 ], [ -58.16614, -33.11645 ], [ -58.1658, -33.11688 ], [ -58.1653, -33.11798 ], [ -58.16518, -33.11774 ], [ -58.16439, -33.11751 ], [ -58.16241, -33.11783 ], [ -58.15998, -33.11872 ], [ -58.15972, -33.11833 ], [ -58.15919, -33.11831 ], [ -58.1597, -33.11815 ], [ -58.15987, -33.11756 ], [ -58.16112, -33.11733 ], [ -58.16212, -33.1166 ], [ -58.1625, -33.11669 ], [ -58.16283, -33.11661 ], [ -58.16301, -33.11611 ], [ -58.16254, -33.11576 ], [ -58.16285, -33.11553 ], [ -58.16301, -33.11496 ], [ -58.16387, -33.11479 ], [ -58.16448, -33.1145 ], [ -58.16492, -33.114 ], [ -58.16543, -33.11377 ], [ -58.16597, -33.11327 ], [ -58.16647, -33.11247 ], [ -58.16671, -33.11155 ], [ -58.16663, -33.11125 ], [ -58.16599, -33.11087 ], [ -58.16544, -33.11077 ], [ -58.1656, -33.11047 ], [ -58.16566, -33.10962 ], [ -58.16548, -33.10856 ], [ -58.16518, -33.10821 ], [ -58.16486, -33.1084 ], [ -58.16465, -33.10827 ], [ -58.16505, -33.10804 ], [ -58.16497, -33.10755 ], [ -58.16509, -33.10683 ], [ -58.16494, -33.10662 ], [ -58.16456, -33.10647 ], [ -58.1636, -33.10668 ], [ -58.16239, -33.10636 ], [ -58.16116, -33.10642 ], [ -58.16063, -33.10687 ], [ -58.16045, -33.10745 ], [ -58.15866, -33.10792 ], [ -58.1579, -33.10882 ], [ -58.15766, -33.10883 ], [ -58.157, -33.1085 ], [ -58.1565, -33.10847 ], [ -58.15524, -33.10862 ], [ -58.15477, -33.10882 ], [ -58.15355, -33.10968 ], [ -58.15293, -33.11059 ], [ -58.15178, -33.11119 ], [ -58.15166, -33.11144 ], [ -58.1518, -33.11155 ], [ -58.15172, -33.11175 ], [ -58.15102, -33.11146 ], [ -58.15048, -33.11151 ], [ -58.14971, -33.1118 ], [ -58.1496, -33.11148 ], [ -58.14943, -33.11162 ], [ -58.14951, -33.11107 ], [ -58.14972, -33.11071 ], [ -58.15018, -33.11021 ], [ -58.15068, -33.11 ], [ -58.15187, -33.10881 ], [ -58.15259, -33.10739 ], [ -58.1528, -33.10392 ], [ -58.15255, -33.10324 ], [ -58.15128, -33.10275 ], [ -58.15069, -33.10283 ], [ -58.1483, -33.10448 ], [ -58.14786, -33.10466 ], [ -58.14737, -33.10512 ], [ -58.14695, -33.10521 ], [ -58.14674, -33.10542 ], [ -58.14656, -33.10631 ], [ -58.14636, -33.10542 ], [ -58.14494, -33.1053 ], [ -58.14444, -33.10546 ], [ -58.14587, -33.10462 ], [ -58.14626, -33.10416 ], [ -58.1463, -33.10362 ], [ -58.14653, -33.1031 ], [ -58.14653, -33.10236 ], [ -58.14776, -33.10182 ], [ -58.1494, -33.10043 ], [ -58.15004, -33.10016 ], [ -58.15049, -33.09967 ], [ -58.15121, -33.09973 ], [ -58.15168, -33.10021 ], [ -58.15224, -33.10026 ], [ -58.15434, -33.10082 ], [ -58.15532, -33.10065 ], [ -58.15603, -33.10148 ], [ -58.15648, -33.10244 ], [ -58.15696, -33.10264 ], [ -58.15773, -33.10243 ], [ -58.15824, -33.10213 ], [ -58.15962, -33.1009 ], [ -58.1595, -33.10053 ], [ -58.15843, -33.1005 ], [ -58.15755, -33.10006 ], [ -58.15721, -33.09953 ], [ -58.15709, -33.0986 ], [ -58.15674, -33.09826 ], [ -58.1558, -33.09797 ], [ -58.15518, -33.09791 ], [ -58.15432, -33.09745 ], [ -58.15341, -33.09731 ], [ -58.15238, -33.09672 ], [ -58.14934, -33.096 ], [ -58.14841, -33.09553 ], [ -58.14853, -33.09516 ], [ -58.14843, -33.09474 ], [ -58.14742, -33.09404 ], [ -58.14605, -33.09368 ], [ -58.14506, -33.09396 ], [ -58.14338, -33.09271 ], [ -58.14244, -33.09235 ], [ -58.14155, -33.09225 ], [ -58.14126, -33.09234 ], [ -58.1402, -33.09138 ], [ -58.1383, -33.09047 ], [ -58.14995, -33.07862 ], [ -58.15199, -33.07909 ], [ -58.15559, -33.08423 ], [ -58.16191, -33.08782 ], [ -58.16345, -33.08915 ], [ -58.16452, -33.09412 ], [ -58.1677, -33.10095 ], [ -58.17286, -33.10364 ], [ -58.18545, -33.10464 ], [ -58.19899, -33.10494 ], [ -58.20758, -33.10408 ], [ -58.22383, -33.1031 ], [ -58.24344, -33.09814 ], [ -58.26906, -33.10503 ], [ -58.2968, -33.10308 ], [ -58.33197, -33.11167 ], [ -58.3529, -33.12076 ], [ -58.37255, -33.14243 ], [ -58.39175, -33.1721 ], [ -58.39322, -33.19026 ], [ -58.39448, -33.23296 ], [ -58.39335, -33.25558 ], [ -58.35424, -33.25645 ] ] ] } },
{ "type": "Feature", "properties": { "nombre": "DU-DZN_CRI-mar2024_Ro.Yi", "curso": "Río Yí", "fecha_evento": "2024-03-24", "cota_local": 10.59, "cota_oficial": 15.6, "fuentes": "Fuerza Aérea Uruguaya - Servicio de Sensores Remotos Aeroespaciales" }, "geometry": { "type": "Polygon", "coordinates": [ [ [ -56.5606, -33.36434 ], [ -56.53953, -33.38178 ], [ -56.53937, -33.38178 ], [ -56.5396, -33.38144 ], [ -56.53982, -33.38055 ], [ -56.53996, -33.37939 ], [ -56.53974, -33.37911 ], [ -56.53855, -33.37884 ], [ -56.53869, -33.37819 ], [ -56.53907, -33.37819 ], [ -56.53914, -33.37802 ], [ -56.53932, -33.37799 ], [ -56.53939, -33.37759 ], [ -56.53907, -33.37666 ], [ -56.53907, -33.37598 ], [ -56.5388, -33.37589 ], [ -56.53878, -33.37521 ], [ -56.53843, -33.37453 ], [ -56.53831, -33.37368 ], [ -56.53812, -33.37345 ], [ -56.53834, -33.37317 ], [ -56.53805, -33.37252 ], [ -56.5371, -33.37173 ], [ -56.53668, -33.37152 ], [ -56.53615, -33.37154 ], [ -56.53565, -33.37174 ], [ -56.53522, -33.37256 ], [ -56.53526, -33.37301 ], [ -56.53447, -33.37385 ], [ -56.53456, -33.37427 ], [ -56.53423, -33.37449 ], [ -56.53376, -33.37437 ], [ -56.53383, -33.3746 ], [ -56.5341, -33.37464 ], [ -56.53391, -33.37519 ], [ -56.53376, -33.37532 ], [ -56.53335, -33.3753 ], [ -56.5332, -33.37565 ], [ -56.53301, -33.37524 ], [ -56.53256, -33.37532 ], [ -56.53281, -33.37514 ], [ -56.53261, -33.37483 ], [ -56.53231, -33.37489 ], [ -56.53225, -33.37525 ], [ -56.53212, -33.37525 ], [ -56.53194, -33.37481 ], [ -56.53237, -33.37148 ], [ -56.5326, -33.37126 ], [ -56.53257, -33.37092 ], [ -56.5329, -33.37085 ], [ -56.53284, -33.37058 ], [ -56.53301, -33.36999 ], [ -56.53273, -33.3698 ], [ -56.53271, -33.36966 ], [ -56.53304, -33.36933 ], [ -56.53312, -33.36893 ], [ -56.53272, -33.36844 ], [ -56.53204, -33.36792 ], [ -56.53204, -33.36777 ], [ -56.53233, -33.36755 ], [ -56.53143, -33.3665 ], [ -56.53092, -33.36652 ], [ -56.53081, -33.36682 ], [ -56.53082, -33.36701 ], [ -56.5314, -33.36762 ], [ -56.53137, -33.36786 ], [ -56.53115, -33.36771 ], [ -56.53056, -33.36785 ], [ -56.52744, -33.36369 ], [ -56.52709, -33.36352 ], [ -56.52703, -33.36365 ], [ -56.52719, -33.36396 ], [ -56.53014, -33.36771 ], [ -56.52992, -33.36799 ], [ -56.5297, -33.36788 ], [ -56.52925, -33.36808 ], [ -56.52846, -33.36724 ], [ -56.52831, -33.36722 ], [ -56.52824, -33.36736 ], [ -56.52797, -33.36711 ], [ -56.52745, -33.36725 ], [ -56.52728, -33.36779 ], [ -56.52703, -33.3675 ], [ -56.52686, -33.3675 ], [ -56.52672, -33.36807 ], [ -56.52678, -33.36841 ], [ -56.52691, -33.36847 ], [ -56.52677, -33.36863 ], [ -56.52683, -33.36891 ], [ -56.52606, -33.36932 ], [ -56.5263, -33.36981 ], [ -56.52618, -33.36993 ], [ -56.52535, -33.36937 ], [ -56.52455, -33.36956 ], [ -56.52448, -33.36928 ], [ -56.52418, -33.36903 ], [ -56.52397, -33.36894 ], [ -56.52361, -33.36899 ], [ -56.5228, -33.36865 ], [ -56.52157, -33.36888 ], [ -56.5197, -33.36981 ], [ -56.51966, -33.3704 ], [ -56.51986, -33.37062 ], [ -56.52015, -33.37056 ], [ -56.52006, -33.37076 ], [ -56.51983, -33.37086 ], [ -56.51999, -33.37127 ], [ -56.51965, -33.37162 ], [ -56.51911, -33.37168 ], [ -56.51882, -33.37186 ], [ -56.51834, -33.37267 ], [ -56.51798, -33.3729 ], [ -56.51765, -33.37369 ], [ -56.51861, -33.37529 ], [ -56.51934, -33.37508 ], [ -56.51892, -33.37554 ], [ -56.51886, -33.37586 ], [ -56.51852, -33.37552 ], [ -56.51804, -33.37555 ], [ -56.5177, -33.37536 ], [ -56.51671, -33.37531 ], [ -56.51555, -33.37584 ], [ -56.51559, -33.3762 ], [ -56.515, -33.37528 ], [ -56.51374, -33.37423 ], [ -56.51423, -33.37323 ], [ -56.51391, -33.37341 ], [ -56.51345, -33.374 ], [ -56.51309, -33.37386 ], [ -56.51289, -33.37401 ], [ -56.51309, -33.37443 ], [ -56.51258, -33.37497 ], [ -56.51277, -33.37512 ], [ -56.51299, -33.37511 ], [ -56.5134, -33.37477 ], [ -56.51378, -33.37475 ], [ -56.51463, -33.37541 ], [ -56.5157, -33.377 ], [ -56.51578, -33.37773 ], [ -56.51558, -33.37802 ], [ -56.51571, -33.37856 ], [ -56.51548, -33.37858 ], [ -56.51544, -33.37877 ], [ -56.51518, -33.37889 ], [ -56.51454, -33.37884 ], [ -56.51423, -33.37859 ], [ -56.51397, -33.37854 ], [ -56.5138, -33.37858 ], [ -56.51371, -33.37882 ], [ -56.5143, -33.37982 ], [ -56.51474, -33.3802 ], [ -56.51535, -33.38019 ], [ -56.5156, -33.38064 ], [ -56.51599, -33.38069 ], [ -56.5159, -33.3831 ], [ -56.51493, -33.38321 ], [ -56.51439, -33.3829 ], [ -56.51362, -33.38293 ], [ -56.51289, -33.38216 ], [ -56.5125, -33.38142 ], [ -56.51115, -33.38035 ], [ -56.51068, -33.38028 ], [ -56.51006, -33.38065 ], [ -56.50994, -33.38137 ], [ -56.51008, -33.38206 ], [ -56.51052, -33.38298 ], [ -56.50932, -33.38339 ], [ -56.50138, -33.37268 ], [ -56.50178, -33.37267 ], [ -56.50211, -33.37281 ], [ -56.50238, -33.37331 ], [ -56.50259, -33.37342 ], [ -56.50339, -33.37333 ], [ -56.50395, -33.37292 ], [ -56.50421, -33.3729 ], [ -56.50619, -33.37383 ], [ -56.50681, -33.37382 ], [ -56.50737, -33.37352 ], [ -56.50806, -33.37276 ], [ -56.5081, -33.37242 ], [ -56.50832, -33.3721 ], [ -56.50861, -33.3718 ], [ -56.50962, -33.37124 ], [ -56.50977, -33.37075 ], [ -56.51013, -33.37043 ], [ -56.51015, -33.37007 ], [ -56.50999, -33.3698 ], [ -56.51018, -33.36977 ], [ -56.51057, -33.36937 ], [ -56.51082, -33.36867 ], [ -56.51135, -33.36789 ], [ -56.51229, -33.3653 ], [ -56.51329, -33.36449 ], [ -56.51364, -33.3639 ], [ -56.51369, -33.36343 ], [ -56.51399, -33.36322 ], [ -56.51418, -33.36329 ], [ -56.51493, -33.36239 ], [ -56.51641, -33.36142 ], [ -56.51656, -33.36068 ], [ -56.51678, -33.36034 ], [ -56.51716, -33.36031 ], [ -56.51719, -33.36048 ], [ -56.51763, -33.36074 ], [ -56.51903, -33.35956 ], [ -56.51994, -33.35943 ], [ -56.52066, -33.35895 ], [ -56.52104, -33.35847 ], [ -56.52167, -33.35833 ], [ -56.52164, -33.35784 ], [ -56.52182, -33.35771 ], [ -56.52222, -33.35779 ], [ -56.52265, -33.35809 ], [ -56.52327, -33.35883 ], [ -56.52346, -33.35885 ], [ -56.52373, -33.35866 ], [ -56.52308, -33.35798 ], [ -56.52261, -33.35768 ], [ -56.52261, -33.35738 ], [ -56.52244, -33.35714 ], [ -56.52177, -33.35689 ], [ -56.52135, -33.35649 ], [ -56.52029, -33.35649 ], [ -56.51954, -33.35673 ], [ -56.51863, -33.35682 ], [ -56.5184, -33.35696 ], [ -56.51629, -33.35713 ], [ -56.51621, -33.35704 ], [ -56.51523, -33.35702 ], [ -56.51473, -33.3569 ], [ -56.51271, -33.3561 ], [ -56.51374, -33.35585 ], [ -56.51545, -33.35603 ], [ -56.51581, -33.35586 ], [ -56.51652, -33.35501 ], [ -56.51721, -33.35492 ], [ -56.51746, -33.35478 ], [ -56.51766, -33.35487 ], [ -56.51817, -33.35476 ], [ -56.52053, -33.35483 ], [ -56.52098, -33.35464 ], [ -56.52156, -33.35395 ], [ -56.52205, -33.35379 ], [ -56.52266, -33.35426 ], [ -56.52337, -33.35531 ], [ -56.52415, -33.35506 ], [ -56.52463, -33.35519 ], [ -56.5247, -33.35498 ], [ -56.52452, -33.35424 ], [ -56.52467, -33.35422 ], [ -56.5247, -33.35407 ], [ -56.52556, -33.35385 ], [ -56.52585, -33.35325 ], [ -56.52656, -33.35335 ], [ -56.52711, -33.35309 ], [ -56.52728, -33.35276 ], [ -56.52725, -33.35159 ], [ -56.52759, -33.35231 ], [ -56.52814, -33.35293 ], [ -56.52809, -33.35399 ], [ -56.52825, -33.35464 ], [ -56.52851, -33.35483 ], [ -56.52895, -33.35486 ], [ -56.52947, -33.35472 ], [ -56.53033, -33.35511 ], [ -56.53105, -33.35499 ], [ -56.53197, -33.35516 ], [ -56.53199, -33.35476 ], [ -56.53288, -33.355 ], [ -56.53299, -33.35487 ], [ -56.53315, -33.35489 ], [ -56.53329, -33.35464 ], [ -56.5334, -33.35383 ], [ -56.53354, -33.35372 ], [ -56.5335, -33.35326 ], [ -56.53416, -33.35407 ], [ -56.53532, -33.3541 ], [ -56.53489, -33.35445 ], [ -56.53467, -33.35506 ], [ -56.53355, -33.35634 ], [ -56.53351, -33.35665 ], [ -56.53365, -33.3569 ], [ -56.53507, -33.35692 ], [ -56.5358, -33.35738 ], [ -56.53677, -33.35732 ], [ -56.53692, -33.35777 ], [ -56.53766, -33.35812 ], [ -56.53924, -33.358 ], [ -56.53963, -33.35733 ], [ -56.5396, -33.35581 ], [ -56.53995, -33.35554 ], [ -56.54026, -33.35556 ], [ -56.54033, -33.35587 ], [ -56.53985, -33.35586 ], [ -56.53967, -33.35597 ], [ -56.53973, -33.3568 ], [ -56.54014, -33.35709 ], [ -56.54025, -33.35783 ], [ -56.541, -33.35803 ], [ -56.54129, -33.35841 ], [ -56.54158, -33.35846 ], [ -56.54132, -33.35822 ], [ -56.54143, -33.35811 ], [ -56.54271, -33.35772 ], [ -56.54283, -33.35779 ], [ -56.54281, -33.35842 ], [ -56.54306, -33.35863 ], [ -56.54335, -33.35868 ], [ -56.5451, -33.35782 ], [ -56.54566, -33.35713 ], [ -56.54607, -33.35805 ], [ -56.54738, -33.35788 ], [ -56.54775, -33.35854 ], [ -56.5485, -33.35842 ], [ -56.54913, -33.35852 ], [ -56.54942, -33.35901 ], [ -56.54914, -33.35958 ], [ -56.5499, -33.36006 ], [ -56.55081, -33.36034 ], [ -56.55128, -33.36078 ], [ -56.55169, -33.36077 ], [ -56.5527, -33.35997 ], [ -56.55378, -33.35988 ], [ -56.55435, -33.36012 ], [ -56.55512, -33.36074 ], [ -56.55594, -33.36093 ], [ -56.55736, -33.36094 ], [ -56.55773, -33.36107 ], [ -56.5584, -33.36172 ], [ -56.55854, -33.36207 ], [ -56.5585, -33.36333 ], [ -56.5606, -33.36434 ] ] ] } },
{ "type": "Feature", "properties": { "nombre": "CO-CLO_CRI-abr2016_Ao.Las-Vacas", "curso": "Arroyo Las Vacas", "fecha_evento": "2016-04-01", "cota_local": null, "cota_oficial": null, "fuentes": "Dirección Nacional de Aguas (DINAGUA) - Inundaciones y Drenaje Urbano" }, "geometry": { "type": "Polygon", "coordinates": [ [ [ -58.27236, -33.9905 ], [ -58.27298, -33.99075 ], [ -58.2738, -33.99088 ], [ -58.27413, -33.99135 ], [ -58.27494, -33.99121 ], [ -58.27521, -33.99134 ], [ -58.27554, -33.9916 ], [ -58.27653, -33.993 ], [ -58.27726, -33.99343 ], [ -58.2775, -33.99401 ], [ -58.27742, -33.99433 ], [ -58.27752, -33.99514 ], [ -58.27715, -33.99613 ], [ -58.27723, -33.99667 ], [ -58.27711, -33.99803 ], [ -58.27612, -33.99962 ], [ -58.27572, -33.99978 ], [ -58.27529, -34.00042 ], [ -58.27492, -34.0007 ], [ -58.27443, -34.00062 ], [ -58.27373, -34.00082 ], [ -58.27375, -34.00122 ], [ -58.27417, -34.00154 ], [ -58.2758, -34.00196 ], [ -58.27624, -34.00199 ], [ -58.27645, -34.0019 ], [ -58.27696, -34.00123 ], [ -58.27699, -34.00074 ], [ -58.27688, -34.00051 ], [ -58.27739, -33.99947 ], [ -58.2776, -33.99916 ], [ -58.2783, -33.99913 ], [ -58.2809, -34.00083 ], [ -58.28093, -34.00196 ], [ -58.28193, -34.0028 ], [ -58.28275, -34.0029 ], [ -58.28286, -34.00301 ], [ -58.2835, -34.00296 ], [ -58.28437, -34.00315 ], [ -58.28454, -34.00308 ], [ -58.28492, -34.00339 ], [ -58.28557, -34.00341 ], [ -58.28584, -34.00358 ], [ -58.28611, -34.00347 ], [ -58.28671, -34.00352 ], [ -58.2873, -34.00339 ], [ -58.28833, -34.0036 ], [ -58.28947, -34.00364 ], [ -58.29002, -34.00409 ], [ -58.29089, -34.00438 ], [ -58.29082, -34.00478 ], [ -58.29104, -34.00505 ], [ -58.29061, -34.00528 ], [ -58.29094, -34.00582 ], [ -58.29085, -34.00654 ], [ -58.29124, -34.00694 ], [ -58.29286, -34.00706 ], [ -58.29347, -34.00656 ], [ -58.29443, -34.006 ], [ -58.29535, -34.00566 ], [ -58.29567, -34.00542 ], [ -58.29621, -34.00522 ], [ -58.29664, -34.0052 ], [ -58.29755, -34.00453 ], [ -58.29894, -34.00313 ], [ -58.29891, -34.00222 ], [ -58.29909, -34.00181 ], [ -58.30048, -34.0008 ], [ -58.30068, -34.00049 ], [ -58.30147, -34.00012 ], [ -58.30195, -33.99894 ], [ -58.30252, -33.99641 ], [ -58.30292, -33.99521 ], [ -58.30908, -33.99656 ], [ -58.30711, -34.00289 ], [ -58.29819, -34.00629 ], [ -58.29598, -34.0074 ], [ -58.29388, -34.00822 ], [ -58.29257, -34.00853 ], [ -58.29096, -34.00854 ], [ -58.29005, -34.00829 ], [ -58.2899, -34.00814 ], [ -58.28895, -34.00886 ], [ -58.2885, -34.00868 ], [ -58.28856, -34.00839 ], [ -58.28829, -34.00811 ], [ -58.28781, -34.00813 ], [ -58.28777, -34.00838 ], [ -58.2877, -34.00823 ], [ -58.28755, -34.00832 ], [ -58.28737, -34.00789 ], [ -58.287, -34.00786 ], [ -58.28672, -34.00799 ], [ -58.28655, -34.00768 ], [ -58.28615, -34.00794 ], [ -58.28516, -34.0079 ], [ -58.28499, -34.00804 ], [ -58.28472, -34.00911 ], [ -58.28515, -34.00916 ], [ -58.28513, -34.0094 ], [ -58.28507, -34.00954 ], [ -58.28447, -34.00961 ], [ -58.28416, -34.01033 ], [ -58.28453, -34.01044 ], [ -58.28473, -34.01027 ], [ -58.28467, -34.01064 ], [ -58.28457, -34.01077 ], [ -58.28441, -34.01076 ], [ -58.28405, -34.01051 ], [ -58.2839, -34.01096 ], [ -58.2841, -34.01118 ], [ -58.28384, -34.01102 ], [ -58.28359, -34.01121 ], [ -58.28337, -34.0112 ], [ -58.28318, -34.01103 ], [ -58.28316, -34.01079 ], [ -58.28272, -34.01051 ], [ -58.2828, -34.01036 ], [ -58.28267, -34.01014 ], [ -58.28242, -34.01011 ], [ -58.2824, -34.01028 ], [ -58.28226, -34.01028 ], [ -58.28207, -34.01055 ], [ -58.28134, -34.01029 ], [ -58.28109, -34.01075 ], [ -58.28116, -34.01089 ], [ -58.28096, -34.01104 ], [ -58.28118, -34.0111 ], [ -58.28118, -34.01136 ], [ -58.281, -34.01148 ], [ -58.2809, -34.01139 ], [ -58.28086, -34.01151 ], [ -58.28065, -34.01142 ], [ -58.28049, -34.01155 ], [ -58.28066, -34.01109 ], [ -58.28042, -34.01101 ], [ -58.28057, -34.01088 ], [ -58.28068, -34.01034 ], [ -58.28043, -34.00981 ], [ -58.27991, -34.00943 ], [ -58.27899, -34.00915 ], [ -58.27864, -34.0093 ], [ -58.27825, -34.00968 ], [ -58.27919, -34.00381 ], [ -58.27525, -34.00309 ], [ -58.27458, -34.0031 ], [ -58.27355, -34.00333 ], [ -58.27258, -34.00323 ], [ -58.27195, -34.00284 ], [ -58.2718, -34.00227 ], [ -58.27216, -34.00128 ], [ -58.27284, -34.00047 ], [ -58.27409, -33.99934 ], [ -58.27473, -33.99777 ], [ -58.27476, -33.99727 ], [ -58.27432, -33.9963 ], [ -58.27365, -33.9957 ], [ -58.27253, -33.9952 ], [ -58.27095, -33.99496 ], [ -58.27236, -33.9905 ] ] ] } },
{ "type": "Feature", "properties": { "nombre": "FD-2DA_CRI_jun2019_Ro.Sta-Lucía", "curso": "Río Santa Lucía", "fecha_evento": "2019-06-18", "cota_local": null, "cota_oficial": null, "fuentes": "Intendencia Departamental de Florida" }, "geometry": { "type": "Polygon", "coordinates": [ [ [ -56.42022, -34.41254 ], [ -56.41968, -34.41264 ], [ -56.41845, -34.41324 ], [ -56.41813, -34.41329 ], [ -56.41742, -34.41431 ], [ -56.41634, -34.41495 ], [ -56.41602, -34.41572 ], [ -56.41456, -34.41717 ], [ -56.41348, -34.41758 ], [ -56.41223, -34.41782 ], [ -56.41199, -34.41764 ], [ -56.41152, -34.41759 ], [ -56.41113, -34.41718 ], [ -56.41055, -34.41715 ], [ -56.41011, -34.41744 ], [ -56.40914, -34.41863 ], [ -56.4084, -34.41876 ], [ -56.40838, -34.42031 ], [ -56.40805, -34.42085 ], [ -56.40582, -34.42226 ], [ -56.40527, -34.42297 ], [ -56.40476, -34.42331 ], [ -56.40418, -34.4234 ], [ -56.40233, -34.42308 ], [ -56.40083, -34.42297 ], [ -56.3991, -34.4226 ], [ -56.39775, -34.42261 ], [ -56.39676, -34.4239 ], [ -56.39586, -34.4245 ], [ -56.39422, -34.42518 ], [ -56.39355, -34.42599 ], [ -56.39145, -34.42598 ], [ -56.39082, -34.42589 ], [ -56.39046, -34.42414 ], [ -56.39063, -34.42372 ], [ -56.39144, -34.42275 ], [ -56.39207, -34.4214 ], [ -56.39231, -34.42029 ], [ -56.39198, -34.41867 ], [ -56.39125, -34.41764 ], [ -56.38892, -34.41572 ], [ -56.38611, -34.41411 ], [ -56.38577, -34.41335 ], [ -56.38507, -34.41077 ], [ -56.385, -34.41011 ], [ -56.38511, -34.40912 ], [ -56.3863, -34.40623 ], [ -56.38692, -34.40527 ], [ -56.38776, -34.40462 ], [ -56.3977, -34.40815 ], [ -56.3964, -34.4108 ], [ -56.39562, -34.41162 ], [ -56.39443, -34.41338 ], [ -56.39441, -34.41423 ], [ -56.39465, -34.41484 ], [ -56.39494, -34.41507 ], [ -56.39543, -34.41512 ], [ -56.39708, -34.4152 ], [ -56.39851, -34.41466 ], [ -56.40157, -34.41483 ], [ -56.40407, -34.41432 ], [ -56.40484, -34.41389 ], [ -56.40526, -34.4134 ], [ -56.40511, -34.41156 ], [ -56.40539, -34.41125 ], [ -56.40584, -34.41154 ], [ -56.40642, -34.41171 ], [ -56.407, -34.41233 ], [ -56.40758, -34.41257 ], [ -56.40805, -34.41303 ], [ -56.40808, -34.41492 ], [ -56.40825, -34.41527 ], [ -56.40865, -34.41545 ], [ -56.40943, -34.41531 ], [ -56.41105, -34.41413 ], [ -56.41153, -34.41396 ], [ -56.41302, -34.41251 ], [ -56.41317, -34.41203 ], [ -56.41342, -34.41198 ], [ -56.41386, -34.41212 ], [ -56.41429, -34.41196 ], [ -56.41567, -34.41195 ], [ -56.41593, -34.41179 ], [ -56.41628, -34.41183 ], [ -56.41691, -34.41149 ], [ -56.41708, -34.41123 ], [ -56.41715, -34.41065 ], [ -56.4168, -34.41007 ], [ -56.42022, -34.41254 ] ] ] } },
{ "type": "Feature", "properties": { "nombre": "MO-MVD_cri-ene-2022-Cda.Malvin", "curso": "Cañada Malvín", "fecha_evento": "2022-01-17", "cota_local": null, "cota_oficial": null, "fuentes": "Dirección Nacional de Aguas (DINAGUA) - Inundaciones y Drenaje Urbano" }, "geometry": { "type": "MultiPolygon", "coordinates": [ [ [ [ -56.12825, -34.88208 ], [ -56.1281, -34.88216 ], [ -56.12671, -34.88188 ], [ -56.12558, -34.88204 ], [ -56.12487, -34.88226 ], [ -56.1228, -34.8832 ], [ -56.12278, -34.88337 ], [ -56.12268, -34.88326 ], [ -56.12146, -34.8838 ], [ -56.12008, -34.88402 ], [ -56.12076, -34.88376 ], [ -56.12153, -34.88367 ], [ -56.12345, -34.88274 ], [ -56.12574, -34.88191 ], [ -56.12669, -34.88179 ], [ -56.12825, -34.88208 ] ] ], [ [ [ -56.11994, -34.88399 ], [ -56.11976, -34.88417 ], [ -56.11959, -34.88411 ], [ -56.11801, -34.88432 ], [ -56.118, -34.88445 ], [ -56.1179, -34.88434 ], [ -56.11752, -34.88448 ], [ -56.11648, -34.88457 ], [ -56.11643, -34.88447 ], [ -56.11557, -34.88429 ], [ -56.11557, -34.8846 ], [ -56.11543, -34.88467 ], [ -56.11485, -34.88461 ], [ -56.1149, -34.88454 ], [ -56.11381, -34.88423 ], [ -56.11375, -34.88434 ], [ -56.11348, -34.88434 ], [ -56.11382, -34.88448 ], [ -56.11341, -34.88461 ], [ -56.11342, -34.88445 ], [ -56.11326, -34.88452 ], [ -56.11315, -34.88441 ], [ -56.1131, -34.8845 ], [ -56.11301, -34.88446 ], [ -56.11304, -34.88435 ], [ -56.11279, -34.8843 ], [ -56.11286, -34.88416 ], [ -56.11326, -34.88422 ], [ -56.11337, -34.88405 ], [ -56.11296, -34.88375 ], [ -56.11265, -34.88385 ], [ -56.11258, -34.88405 ], [ -56.11198, -34.88409 ], [ -56.1111, -34.88348 ], [ -56.11052, -34.88345 ], [ -56.11039, -34.88314 ], [ -56.11023, -34.88317 ], [ -56.11022, -34.88292 ], [ -56.10989, -34.88262 ], [ -56.10921, -34.88235 ], [ -56.10817, -34.88241 ], [ -56.10661, -34.88274 ], [ -56.10599, -34.88347 ], [ -56.10566, -34.88418 ], [ -56.10551, -34.88423 ], [ -56.10536, -34.88478 ], [ -56.10533, -34.88575 ], [ -56.10512, -34.88566 ], [ -56.10503, -34.88531 ], [ -56.10503, -34.88484 ], [ -56.10524, -34.88424 ], [ -56.1057, -34.88342 ], [ -56.10554, -34.88321 ], [ -56.10576, -34.88324 ], [ -56.10589, -34.8831 ], [ -56.10618, -34.88304 ], [ -56.10637, -34.88268 ], [ -56.10676, -34.88252 ], [ -56.10697, -34.88218 ], [ -56.10741, -34.88196 ], [ -56.10776, -34.88202 ], [ -56.1079, -34.88191 ], [ -56.10802, -34.88203 ], [ -56.10841, -34.88185 ], [ -56.10885, -34.88184 ], [ -56.10918, -34.88202 ], [ -56.1093, -34.88193 ], [ -56.10951, -34.882 ], [ -56.10951, -34.88223 ], [ -56.10976, -34.88216 ], [ -56.11004, -34.88243 ], [ -56.1101, -34.88234 ], [ -56.11047, -34.88251 ], [ -56.11074, -34.8825 ], [ -56.11053, -34.88281 ], [ -56.11087, -34.88289 ], [ -56.1109, -34.8832 ], [ -56.11104, -34.88317 ], [ -56.11133, -34.8834 ], [ -56.1125, -34.88344 ], [ -56.11422, -34.88414 ], [ -56.11543, -34.88414 ], [ -56.1164, -34.88436 ], [ -56.11723, -34.88434 ], [ -56.11994, -34.88399 ] ] ] ] } },
{ "type": "Feature", "properties": { "nombre": "SO-MER_CRI-2007_Ro.Negro", "curso": "Río Negro", "fecha_evento": "1959-04-01", "cota_local": null, "cota_oficial": null, "fuentes": "Dirección Nacional de Aguas (DINAGUA) - Inundaciones y Drenaje Urbano" }, "geometry": { "type": "Polygon", "coordinates": [ [ [ -58.0485, -33.25113 ], [ -58.04861, -33.25064 ], [ -58.04838, -33.25016 ], [ -58.04741, -33.24941 ], [ -58.04431, -33.24892 ], [ -58.04165, -33.248 ], [ -58.04006, -33.24801 ], [ -58.03891, -33.24754 ], [ -58.03816, -33.24697 ], [ -58.03741, -33.2468 ], [ -58.03638, -33.24697 ], [ -58.03585, -33.24684 ], [ -58.03404, -33.24585 ], [ -58.03362, -33.24572 ], [ -58.03209, -33.24573 ], [ -58.03099, -33.24526 ], [ -58.02998, -33.24516 ], [ -58.02938, -33.24476 ], [ -58.02904, -33.24476 ], [ -58.02805, -33.24521 ], [ -58.02762, -33.24545 ], [ -58.02707, -33.24616 ], [ -58.02686, -33.24629 ], [ -58.02663, -33.24625 ], [ -58.02666, -33.24533 ], [ -58.02632, -33.24435 ], [ -58.0253, -33.2434 ], [ -58.02425, -33.24312 ], [ -58.02347, -33.24237 ], [ -58.02315, -33.24231 ], [ -58.02241, -33.24289 ], [ -58.02118, -33.24264 ], [ -58.02019, -33.24271 ], [ -58.01922, -33.24332 ], [ -58.01889, -33.243 ], [ -58.01773, -33.24309 ], [ -58.01805, -33.24175 ], [ -58.02329, -33.24121 ], [ -58.02659, -33.2407 ], [ -58.03013, -33.24078 ], [ -58.03502, -33.24212 ], [ -58.04132, -33.24243 ], [ -58.04863, -33.24162 ], [ -58.05246, -33.24135 ], [ -58.05571, -33.24065 ], [ -58.05658, -33.24383 ], [ -58.05482, -33.2436 ], [ -58.05392, -33.24401 ], [ -58.05331, -33.24403 ], [ -58.05368, -33.24506 ], [ -58.05383, -33.24601 ], [ -58.05315, -33.24658 ], [ -58.05212, -33.24701 ], [ -58.05134, -33.24652 ], [ -58.05071, -33.24645 ], [ -58.04944, -33.24677 ], [ -58.04864, -33.2478 ], [ -58.04857, -33.24917 ], [ -58.04935, -33.25004 ], [ -58.04935, -33.2505 ], [ -58.0485, -33.25113 ] ] ] } },
{ "type": "Feature", "properties": { "nombre": "CA-CAN_CRI-abr2016_Ao.Canelón-Chico", "curso": "Arroyo Canelón Chico", "fecha_evento": "2016-04-01", "cota_local": null, "cota_oficial": null, "fuentes": "Dirección Nacional de Aguas (DINAGUA) - Inundaciones y Drenaje Urbano" }, "geometry": { "type": "Polygon", "coordinates": [ [ [ -56.27331, -34.51915 ], [ -56.27333, -34.51945 ], [ -56.27359, -34.51983 ], [ -56.27429, -34.52033 ], [ -56.27495, -34.52052 ], [ -56.27504, -34.52066 ], [ -56.27494, -34.52085 ], [ -56.27445, -34.52092 ], [ -56.27429, -34.52139 ], [ -56.27518, -34.52149 ], [ -56.27477, -34.52164 ], [ -56.27364, -34.52169 ], [ -56.27355, -34.52196 ], [ -56.2731, -34.52221 ], [ -56.27309, -34.52252 ], [ -56.2732, -34.52303 ], [ -56.27378, -34.52308 ], [ -56.27318, -34.52324 ], [ -56.27307, -34.52338 ], [ -56.27214, -34.52358 ], [ -56.27198, -34.52406 ], [ -56.27384, -34.52453 ], [ -56.2754, -34.52471 ], [ -56.27577, -34.525 ], [ -56.27596, -34.52595 ], [ -56.27368, -34.52604 ], [ -56.2732, -34.52524 ], [ -56.27265, -34.52527 ], [ -56.2726, -34.52543 ], [ -56.27224, -34.52552 ], [ -56.27176, -34.52633 ], [ -56.27197, -34.52683 ], [ -56.27282, -34.52737 ], [ -56.27286, -34.5279 ], [ -56.27388, -34.52783 ], [ -56.2741, -34.52799 ], [ -56.27398, -34.52854 ], [ -56.27302, -34.52881 ], [ -56.27246, -34.52935 ], [ -56.27215, -34.53011 ], [ -56.27243, -34.53088 ], [ -56.27304, -34.53135 ], [ -56.27311, -34.53153 ], [ -56.27321, -34.53376 ], [ -56.27356, -34.53491 ], [ -56.27331, -34.53635 ], [ -56.27362, -34.5373 ], [ -56.27449, -34.53811 ], [ -56.2746, -34.53843 ], [ -56.27453, -34.53877 ], [ -56.27386, -34.5387 ], [ -56.27355, -34.53829 ], [ -56.27348, -34.53788 ], [ -56.27307, -34.53738 ], [ -56.26263, -34.53699 ], [ -56.26273, -34.53561 ], [ -56.26357, -34.53551 ], [ -56.26612, -34.53574 ], [ -56.26679, -34.53522 ], [ -56.26658, -34.53468 ], [ -56.26518, -34.5334 ], [ -56.26507, -34.53283 ], [ -56.26523, -34.53252 ], [ -56.26646, -34.53236 ], [ -56.267, -34.53192 ], [ -56.26756, -34.52958 ], [ -56.2675, -34.52879 ], [ -56.26638, -34.52776 ], [ -56.26461, -34.52676 ], [ -56.26224, -34.5272 ], [ -56.26217, -34.52656 ], [ -56.26317, -34.52574 ], [ -56.26464, -34.5238 ], [ -56.26473, -34.52241 ], [ -56.26419, -34.52119 ], [ -56.26429, -34.52075 ], [ -56.26474, -34.52022 ], [ -56.26486, -34.51986 ], [ -56.26477, -34.51905 ], [ -56.27331, -34.51915 ] ] ] } },
{ "type": "Feature", "properties": { "nombre": "CO-TAR_CRI_Ao.Tarariras", "curso": "Ao. Tarariras", "fecha_evento": null, "cota_local": null, "cota_oficial": null, "fuentes": "1899-12-30" }, "geometry": { "type": "Polygon", "coordinates": [ [ [ -57.62846, -34.26303 ], [ -57.62861, -34.26314 ], [ -57.62932, -34.26389 ], [ -57.62971, -34.26389 ], [ -57.62984, -34.26475 ], [ -57.62942, -34.26497 ], [ -57.62821, -34.26452 ], [ -57.62636, -34.2648 ], [ -57.62605, -34.26509 ], [ -57.62539, -34.26498 ], [ -57.62505, -34.26504 ], [ -57.62477, -34.26556 ], [ -57.62453, -34.26562 ], [ -57.62394, -34.26612 ], [ -57.62394, -34.2664 ], [ -57.62349, -34.26686 ], [ -57.62328, -34.2675 ], [ -57.62301, -34.26783 ], [ -57.62309, -34.26819 ], [ -57.62198, -34.26948 ], [ -57.62141, -34.26987 ], [ -57.62132, -34.27022 ], [ -57.62066, -34.27074 ], [ -57.62062, -34.27096 ], [ -57.62077, -34.27114 ], [ -57.62234, -34.27203 ], [ -57.62195, -34.27213 ], [ -57.62289, -34.27198 ], [ -57.62297, -34.2721 ], [ -57.62214, -34.2725 ], [ -57.62203, -34.27301 ], [ -57.62274, -34.27329 ], [ -57.62378, -34.27342 ], [ -57.62346, -34.27348 ], [ -57.62452, -34.27351 ], [ -57.62506, -34.27376 ], [ -57.62516, -34.27428 ], [ -57.62468, -34.27451 ], [ -57.62056, -34.2745 ], [ -57.62008, -34.27418 ], [ -57.62018, -34.27337 ], [ -57.61999, -34.2732 ], [ -57.61997, -34.27295 ], [ -57.61891, -34.2724 ], [ -57.61801, -34.27232 ], [ -57.61769, -34.27219 ], [ -57.61778, -34.2723 ], [ -57.61713, -34.27193 ], [ -57.61692, -34.2714 ], [ -57.61703, -34.27078 ], [ -57.61776, -34.27065 ], [ -57.61812, -34.27075 ], [ -57.6188, -34.27039 ], [ -57.61953, -34.26957 ], [ -57.62068, -34.26883 ], [ -57.62133, -34.26825 ], [ -57.62199, -34.26744 ], [ -57.62196, -34.26725 ], [ -57.62104, -34.26725 ], [ -57.6207, -34.26695 ], [ -57.62054, -34.26638 ], [ -57.62036, -34.26638 ], [ -57.6202, -34.26608 ], [ -57.62019, -34.26568 ], [ -57.62042, -34.26559 ], [ -57.62087, -34.26569 ], [ -57.62088, -34.26584 ], [ -57.6215, -34.26599 ], [ -57.62256, -34.2658 ], [ -57.62286, -34.26506 ], [ -57.62326, -34.26496 ], [ -57.62334, -34.2648 ], [ -57.62328, -34.26435 ], [ -57.62373, -34.26407 ], [ -57.62405, -34.26425 ], [ -57.6254, -34.26362 ], [ -57.62718, -34.26322 ], [ -57.62756, -34.26342 ], [ -57.62776, -34.26305 ], [ -57.62846, -34.26303 ] ] ] } },
{ "type": "Feature", "properties": { "nombre": "FD-2DA_CRI-abr2016_Ro.Santa-Lucía", "curso": "Río Santa Lucía", "fecha_evento": "2016-02-01", "cota_local": null, "cota_oficial": null, "fuentes": "Dirección Nacional de Aguas (DINAGUA) - Inundaciones y Drenaje Urbano" }, "geometry": { "type": "Polygon", "coordinates": [ [ [ -56.41678, -34.40994 ], [ -56.41996, -34.41259 ], [ -56.41813, -34.41329 ], [ -56.41742, -34.41431 ], [ -56.41634, -34.41495 ], [ -56.41602, -34.41572 ], [ -56.41456, -34.41717 ], [ -56.41348, -34.41758 ], [ -56.41222, -34.41781 ], [ -56.412, -34.41764 ], [ -56.41152, -34.41759 ], [ -56.41113, -34.41718 ], [ -56.41055, -34.41715 ], [ -56.41011, -34.41744 ], [ -56.40914, -34.41863 ], [ -56.4084, -34.41876 ], [ -56.40838, -34.42031 ], [ -56.40806, -34.42086 ], [ -56.40582, -34.42226 ], [ -56.40527, -34.42296 ], [ -56.40476, -34.42331 ], [ -56.40413, -34.42341 ], [ -56.39829, -34.42252 ], [ -56.39764, -34.42276 ], [ -56.39692, -34.42367 ], [ -56.39626, -34.42394 ], [ -56.39558, -34.42366 ], [ -56.39513, -34.42266 ], [ -56.39511, -34.42055 ], [ -56.39434, -34.41933 ], [ -56.39345, -34.41858 ], [ -56.39241, -34.41856 ], [ -56.39198, -34.41867 ], [ -56.39125, -34.41764 ], [ -56.38892, -34.41572 ], [ -56.38611, -34.41411 ], [ -56.38577, -34.41335 ], [ -56.38506, -34.41074 ], [ -56.38497, -34.40984 ], [ -56.38511, -34.40912 ], [ -56.38638, -34.40625 ], [ -56.38691, -34.4053 ], [ -56.38738, -34.40492 ], [ -56.39849, -34.40697 ], [ -56.39784, -34.40735 ], [ -56.39685, -34.40829 ], [ -56.39688, -34.40946 ], [ -56.39646, -34.40968 ], [ -56.39608, -34.41062 ], [ -56.39528, -34.41121 ], [ -56.3945, -34.41224 ], [ -56.3946, -34.41274 ], [ -56.39427, -34.41337 ], [ -56.39418, -34.41423 ], [ -56.39311, -34.41535 ], [ -56.3924, -34.41544 ], [ -56.39207, -34.4157 ], [ -56.3925, -34.41575 ], [ -56.39365, -34.41553 ], [ -56.39452, -34.41554 ], [ -56.39544, -34.41572 ], [ -56.39653, -34.41553 ], [ -56.39854, -34.41574 ], [ -56.39985, -34.41543 ], [ -56.40066, -34.41599 ], [ -56.40099, -34.41593 ], [ -56.40149, -34.41525 ], [ -56.40165, -34.4152 ], [ -56.40192, -34.41531 ], [ -56.40217, -34.41508 ], [ -56.40307, -34.41493 ], [ -56.40345, -34.41468 ], [ -56.40554, -34.41415 ], [ -56.40583, -34.41359 ], [ -56.40584, -34.41268 ], [ -56.40628, -34.41238 ], [ -56.40669, -34.4126 ], [ -56.40707, -34.41258 ], [ -56.40759, -34.41281 ], [ -56.40778, -34.41326 ], [ -56.40746, -34.41338 ], [ -56.40801, -34.41407 ], [ -56.40788, -34.41474 ], [ -56.40798, -34.41551 ], [ -56.40823, -34.4161 ], [ -56.4085, -34.41615 ], [ -56.40877, -34.41588 ], [ -56.40889, -34.41543 ], [ -56.40954, -34.41464 ], [ -56.41058, -34.41446 ], [ -56.41145, -34.414 ], [ -56.41315, -34.41243 ], [ -56.41359, -34.4122 ], [ -56.41435, -34.41203 ], [ -56.41565, -34.41192 ], [ -56.41686, -34.41141 ], [ -56.41706, -34.41118 ], [ -56.41714, -34.41051 ], [ -56.41678, -34.40994 ] ] ] } },
{ "type": "Feature", "properties": { "nombre": "CA-SLA_CRI-jun2019_Ro.Santa-Lucía", "curso": "Río Santa Lucía", "fecha_evento": "2019-06-18", "cota_local": 11.48, "cota_oficial": 12.83, "fuentes": "Dirección Nacional de Aguas (DINAGUA) - Inundaciones y Drenaje Urbano" }, "geometry": { "type": "Polygon", "coordinates": [ [ [ -56.41682, -34.45771 ], [ -56.40172, -34.46538 ], [ -56.40124, -34.46502 ], [ -56.40061, -34.465 ], [ -56.3999, -34.46519 ], [ -56.39892, -34.46516 ], [ -56.39832, -34.46545 ], [ -56.39905, -34.46499 ], [ -56.399, -34.46499 ], [ -56.39819, -34.46542 ], [ -56.3982, -34.46539 ], [ -56.39857, -34.46516 ], [ -56.3968, -34.46497 ], [ -56.39672, -34.46488 ], [ -56.39611, -34.46525 ], [ -56.39667, -34.46482 ], [ -56.39686, -34.46486 ], [ -56.3971, -34.4647 ], [ -56.39743, -34.46413 ], [ -56.39844, -34.46411 ], [ -56.39926, -34.46312 ], [ -56.39926, -34.46242 ], [ -56.39938, -34.46233 ], [ -56.39928, -34.46214 ], [ -56.39943, -34.46222 ], [ -56.39933, -34.46202 ], [ -56.3996, -34.4623 ], [ -56.40003, -34.46227 ], [ -56.40025, -34.46209 ], [ -56.40036, -34.46139 ], [ -56.40026, -34.46107 ], [ -56.40007, -34.46097 ], [ -56.39926, -34.46181 ], [ -56.3993, -34.46199 ], [ -56.3992, -34.46186 ], [ -56.40076, -34.45976 ], [ -56.40007, -34.45996 ], [ -56.39967, -34.45994 ], [ -56.39927, -34.45956 ], [ -56.39922, -34.45933 ], [ -56.39938, -34.45876 ], [ -56.39993, -34.45811 ], [ -56.39988, -34.45773 ], [ -56.40005, -34.45731 ], [ -56.39994, -34.4567 ], [ -56.4003, -34.45514 ], [ -56.40013, -34.45373 ], [ -56.39909, -34.45255 ], [ -56.39762, -34.45146 ], [ -56.39438, -34.45006 ], [ -56.39269, -34.44909 ], [ -56.39231, -34.44899 ], [ -56.39215, -34.44875 ], [ -56.39156, -34.4486 ], [ -56.39118, -34.44831 ], [ -56.39074, -34.44829 ], [ -56.3899, -34.44782 ], [ -56.38952, -34.44783 ], [ -56.38931, -34.44736 ], [ -56.38795, -34.44719 ], [ -56.38714, -34.44672 ], [ -56.38712, -34.44658 ], [ -56.38729, -34.44645 ], [ -56.38697, -34.44659 ], [ -56.3862, -34.44732 ], [ -56.38541, -34.44761 ], [ -56.38608, -34.44732 ], [ -56.3873, -34.44625 ], [ -56.38814, -34.44591 ], [ -56.38812, -34.44573 ], [ -56.38828, -34.44557 ], [ -56.38818, -34.44531 ], [ -56.38848, -34.44535 ], [ -56.38905, -34.44515 ], [ -56.38988, -34.44378 ], [ -56.3898, -34.44359 ], [ -56.38924, -34.44355 ], [ -56.3941, -34.44296 ], [ -56.39465, -34.44283 ], [ -56.39465, -34.44267 ], [ -56.39124, -34.44305 ], [ -56.39116, -34.44289 ], [ -56.39103, -34.44313 ], [ -56.38953, -34.44328 ], [ -56.39013, -34.44306 ], [ -56.39097, -34.44295 ], [ -56.39125, -34.44253 ], [ -56.39133, -34.44296 ], [ -56.39182, -34.44265 ], [ -56.39249, -34.44246 ], [ -56.39208, -34.44237 ], [ -56.39266, -34.44196 ], [ -56.39208, -34.44212 ], [ -56.39274, -34.44176 ], [ -56.39231, -34.44178 ], [ -56.3918, -34.44097 ], [ -56.39153, -34.44094 ], [ -56.39136, -34.44126 ], [ -56.39126, -34.44241 ], [ -56.39124, -34.43978 ], [ -56.39094, -34.43963 ], [ -56.39086, -34.44021 ], [ -56.39063, -34.43972 ], [ -56.39032, -34.43981 ], [ -56.39057, -34.43963 ], [ -56.39009, -34.43985 ], [ -56.39048, -34.43961 ], [ -56.39018, -34.4392 ], [ -56.38942, -34.43926 ], [ -56.3886, -34.43981 ], [ -56.38781, -34.44002 ], [ -56.38713, -34.43995 ], [ -56.38648, -34.43959 ], [ -56.38654, -34.43917 ], [ -56.38695, -34.43849 ], [ -56.38729, -34.43716 ], [ -56.38792, -34.43585 ], [ -56.38788, -34.43531 ], [ -56.3876, -34.43497 ], [ -56.38777, -34.4349 ], [ -56.38778, -34.43459 ], [ -56.3876, -34.43398 ], [ -56.38739, -34.43352 ], [ -56.38696, -34.4333 ], [ -56.38658, -34.43328 ], [ -56.38628, -34.43242 ], [ -56.38566, -34.43217 ], [ -56.38528, -34.43219 ], [ -56.38414, -34.43257 ], [ -56.38343, -34.43291 ], [ -56.38289, -34.43344 ], [ -56.3822, -34.43354 ], [ -56.38351, -34.4297 ], [ -56.38332, -34.42936 ], [ -56.38285, -34.4292 ], [ -56.38239, -34.42881 ], [ -56.38191, -34.42775 ], [ -56.38175, -34.42774 ], [ -56.3815, -34.42809 ], [ -56.3813, -34.42943 ], [ -56.38123, -34.42769 ], [ -56.37817, -34.42666 ], [ -56.37689, -34.42669 ], [ -56.37585, -34.427 ], [ -56.37531, -34.42679 ], [ -56.3749, -34.42737 ], [ -56.37397, -34.42737 ], [ -56.37375, -34.42747 ], [ -56.37361, -34.42766 ], [ -56.37361, -34.42801 ], [ -56.37348, -34.42797 ], [ -56.37282, -34.42856 ], [ -56.37149, -34.42866 ], [ -56.37089, -34.42896 ], [ -56.36985, -34.4289 ], [ -56.36944, -34.42945 ], [ -56.36886, -34.42974 ], [ -56.36878, -34.42995 ], [ -56.36881, -34.42966 ], [ -56.36933, -34.4294 ], [ -56.36978, -34.42879 ], [ -56.37075, -34.42888 ], [ -56.3713, -34.42859 ], [ -56.37279, -34.42841 ], [ -56.37345, -34.42787 ], [ -56.37325, -34.4278 ], [ -56.37351, -34.42728 ], [ -56.37381, -34.4272 ], [ -56.37465, -34.42726 ], [ -56.37457, -34.42663 ], [ -56.37466, -34.42627 ], [ -56.37542, -34.42573 ], [ -56.37608, -34.42565 ], [ -56.37706, -34.42524 ], [ -56.37688, -34.42452 ], [ -56.37666, -34.42444 ], [ -56.37696, -34.42439 ], [ -56.37739, -34.4246 ], [ -56.37772, -34.42461 ], [ -56.37917, -34.42397 ], [ -56.37968, -34.4241 ], [ -56.38051, -34.42456 ], [ -56.38131, -34.42464 ], [ -56.38183, -34.42448 ], [ -56.38197, -34.42391 ], [ -56.38202, -34.4243 ], [ -56.38251, -34.42408 ], [ -56.38346, -34.42403 ], [ -56.38471, -34.42508 ], [ -56.38573, -34.42641 ], [ -56.38554, -34.42599 ], [ -56.38484, -34.42499 ], [ -56.38487, -34.42481 ], [ -56.38542, -34.42504 ], [ -56.38644, -34.42523 ], [ -56.38683, -34.42568 ], [ -56.38704, -34.42552 ], [ -56.38702, -34.42535 ], [ -56.38731, -34.42572 ], [ -56.38805, -34.42563 ], [ -56.38872, -34.42521 ], [ -56.38876, -34.42508 ], [ -56.38852, -34.4247 ], [ -56.38803, -34.4244 ], [ -56.38779, -34.42359 ], [ -56.39144, -34.42275 ], [ -56.39063, -34.42372 ], [ -56.39046, -34.42414 ], [ -56.39109, -34.42693 ], [ -56.39173, -34.42823 ], [ -56.39468, -34.43088 ], [ -56.39566, -34.43283 ], [ -56.39578, -34.43371 ], [ -56.3956, -34.43441 ], [ -56.39616, -34.43593 ], [ -56.39785, -34.43806 ], [ -56.40031, -34.44014 ], [ -56.40096, -34.44137 ], [ -56.40122, -34.44251 ], [ -56.40076, -34.44461 ], [ -56.40014, -34.44559 ], [ -56.40049, -34.44797 ], [ -56.40095, -34.44875 ], [ -56.40238, -34.44991 ], [ -56.40339, -34.45052 ], [ -56.40404, -34.4512 ], [ -56.40427, -34.45182 ], [ -56.40536, -34.45324 ], [ -56.40702, -34.45413 ], [ -56.40811, -34.45442 ], [ -56.40921, -34.45515 ], [ -56.41028, -34.45544 ], [ -56.41157, -34.45555 ], [ -56.41339, -34.4553 ], [ -56.41467, -34.45542 ], [ -56.4159, -34.4561 ], [ -56.41657, -34.45674 ], [ -56.41682, -34.45771 ] ] ] } },
{ "type": "Feature", "properties": { "nombre": "SA-STO_CRI-jun2017_Ro.Uruguay", "curso": "Río Uruguay", "fecha_evento": "2017-06-23", "cota_local": 15.08, "cota_oficial": 16.18, "fuentes": "Intendencia Departamental de Salto" }, "geometry": { "type": "MultiPolygon", "coordinates": [ [ [ [ -57.97364, -31.35636 ], [ -57.99698, -31.35618 ], [ -57.99641, -31.35767 ], [ -57.99794, -31.36035 ], [ -57.99799, -31.36257 ], [ -57.99601, -31.36463 ], [ -57.99339, -31.36786 ], [ -57.99275, -31.36941 ], [ -57.99177, -31.37088 ], [ -57.99012, -31.37236 ], [ -57.98867, -31.37305 ], [ -57.98781, -31.3749 ], [ -57.98573, -31.37725 ], [ -57.98519, -31.37833 ], [ -57.98437, -31.38172 ], [ -57.98352, -31.38376 ], [ -57.9839, -31.38578 ], [ -57.98406, -31.38762 ], [ -57.98569, -31.39019 ], [ -57.9881, -31.39228 ], [ -57.98936, -31.39302 ], [ -57.99108, -31.39464 ], [ -57.99452, -31.39728 ], [ -57.99671, -31.39946 ], [ -57.99877, -31.40107 ], [ -58.0014, -31.40276 ], [ -58.00232, -31.40371 ], [ -58.00416, -31.40503 ], [ -58.00722, -31.40614 ], [ -58.00109, -31.41217 ], [ -58.00079, -31.41183 ], [ -58.00075, -31.41124 ], [ -57.99966, -31.41089 ], [ -57.99962, -31.41044 ], [ -57.99915, -31.40962 ], [ -57.99867, -31.40918 ], [ -57.99798, -31.4088 ], [ -57.99765, -31.40888 ], [ -57.99754, -31.40937 ], [ -57.99684, -31.4101 ], [ -57.99658, -31.41082 ], [ -57.99662, -31.41123 ], [ -57.99698, -31.41168 ], [ -57.99715, -31.41267 ], [ -57.99265, -31.41259 ], [ -57.99271, -31.41251 ], [ -57.99296, -31.41239 ], [ -57.99331, -31.41229 ], [ -57.99361, -31.41166 ], [ -57.99417, -31.41145 ], [ -57.99431, -31.41125 ], [ -57.99404, -31.41098 ], [ -57.99342, -31.4107 ], [ -57.99235, -31.41063 ], [ -57.99263, -31.40977 ], [ -57.9932, -31.40937 ], [ -57.99425, -31.40961 ], [ -57.99458, -31.40922 ], [ -57.9953, -31.40871 ], [ -57.99539, -31.40844 ], [ -57.99513, -31.40799 ], [ -57.99366, -31.40706 ], [ -57.99312, -31.40694 ], [ -57.99234, -31.40733 ], [ -57.99138, -31.4063 ], [ -57.98961, -31.40605 ], [ -57.99132, -31.40529 ], [ -57.99221, -31.40513 ], [ -57.99287, -31.40449 ], [ -57.9928, -31.40391 ], [ -57.99231, -31.40328 ], [ -57.99183, -31.4031 ], [ -57.99143, -31.40184 ], [ -57.99057, -31.40122 ], [ -57.99045, -31.4009 ], [ -57.98979, -31.40038 ], [ -57.9889, -31.40077 ], [ -57.98843, -31.40077 ], [ -57.98843, -31.40042 ], [ -57.9883, -31.40024 ], [ -57.98836, -31.39997 ], [ -57.98806, -31.39952 ], [ -57.98841, -31.3992 ], [ -57.98809, -31.39858 ], [ -57.98813, -31.3983 ], [ -57.98777, -31.39792 ], [ -57.98719, -31.3978 ], [ -57.98681, -31.39723 ], [ -57.9857, -31.39685 ], [ -57.98459, -31.39632 ], [ -57.98426, -31.39603 ], [ -57.98337, -31.39591 ], [ -57.98286, -31.39622 ], [ -57.98265, -31.3965 ], [ -57.98231, -31.3965 ], [ -57.98247, -31.39605 ], [ -57.98214, -31.39542 ], [ -57.98174, -31.39512 ], [ -57.98141, -31.39452 ], [ -57.98023, -31.39385 ], [ -57.97994, -31.39328 ], [ -57.97921, -31.39282 ], [ -57.97903, -31.39193 ], [ -57.97829, -31.39147 ], [ -57.97763, -31.39036 ], [ -57.97759, -31.38991 ], [ -57.97732, -31.3897 ], [ -57.97674, -31.38954 ], [ -57.97648, -31.38964 ], [ -57.97611, -31.38953 ], [ -57.97588, -31.3896 ], [ -57.97587, -31.38974 ], [ -57.97629, -31.39 ], [ -57.97587, -31.39032 ], [ -57.97534, -31.39167 ], [ -57.97446, -31.39311 ], [ -57.97411, -31.39422 ], [ -57.97382, -31.39458 ], [ -57.97339, -31.39481 ], [ -57.97272, -31.39572 ], [ -57.97281, -31.39607 ], [ -57.97366, -31.39637 ], [ -57.97415, -31.39769 ], [ -57.97446, -31.39809 ], [ -57.97492, -31.39836 ], [ -57.97449, -31.39891 ], [ -57.97464, -31.39963 ], [ -57.97461, -31.40021 ], [ -57.97441, -31.40067 ], [ -57.97407, -31.4009 ], [ -57.9739, -31.40017 ], [ -57.97257, -31.39915 ], [ -57.9721, -31.39865 ], [ -57.97089, -31.39871 ], [ -57.96958, -31.39913 ], [ -57.96861, -31.39832 ], [ -57.96794, -31.39803 ], [ -57.96726, -31.39826 ], [ -57.96627, -31.39924 ], [ -57.96617, -31.39921 ], [ -57.96608, -31.39879 ], [ -57.96595, -31.39875 ], [ -57.96596, -31.39962 ], [ -57.96486, -31.40039 ], [ -57.96446, -31.40088 ], [ -57.96432, -31.40128 ], [ -57.9644, -31.40165 ], [ -57.9648, -31.40214 ], [ -57.96487, -31.40241 ], [ -57.96532, -31.40285 ], [ -57.96534, -31.40326 ], [ -57.96503, -31.40353 ], [ -57.96485, -31.40392 ], [ -57.96411, -31.40406 ], [ -57.96348, -31.40436 ], [ -57.96322, -31.40434 ], [ -57.96321, -31.40454 ], [ -57.9628, -31.40485 ], [ -57.96244, -31.40538 ], [ -57.9625, -31.40495 ], [ -57.96286, -31.40476 ], [ -57.96301, -31.40445 ], [ -57.96322, -31.40429 ], [ -57.96348, -31.40432 ], [ -57.96396, -31.40404 ], [ -57.96373, -31.40354 ], [ -57.96391, -31.403 ], [ -57.96389, -31.40255 ], [ -57.9636, -31.40246 ], [ -57.96267, -31.40163 ], [ -57.96151, -31.4016 ], [ -57.96072, -31.40146 ], [ -57.96035, -31.40152 ], [ -57.95999, -31.40095 ], [ -57.95961, -31.40064 ], [ -57.95944, -31.4001 ], [ -57.95844, -31.40023 ], [ -57.95765, -31.39986 ], [ -57.95717, -31.39949 ], [ -57.95644, -31.39951 ], [ -57.95633, -31.39909 ], [ -57.9565, -31.39836 ], [ -57.95631, -31.39814 ], [ -57.95542, -31.39787 ], [ -57.95479, -31.39781 ], [ -57.95419, -31.39748 ], [ -57.95416, -31.39734 ], [ -57.95437, -31.39746 ], [ -57.95521, -31.39734 ], [ -57.95563, -31.39742 ], [ -57.95641, -31.39698 ], [ -57.95736, -31.39704 ], [ -57.95805, -31.39731 ], [ -57.95845, -31.39758 ], [ -57.95853, -31.39781 ], [ -57.95889, -31.39795 ], [ -57.9592, -31.39776 ], [ -57.95967, -31.39702 ], [ -57.95997, -31.39689 ], [ -57.95993, -31.39664 ], [ -57.96109, -31.39655 ], [ -57.96157, -31.39685 ], [ -57.96226, -31.39683 ], [ -57.96243, -31.39724 ], [ -57.96218, -31.39778 ], [ -57.96223, -31.39814 ], [ -57.96288, -31.39859 ], [ -57.96343, -31.39939 ], [ -57.9639, -31.39932 ], [ -57.96487, -31.3979 ], [ -57.96515, -31.39767 ], [ -57.96562, -31.39757 ], [ -57.96568, -31.39774 ], [ -57.96586, -31.3978 ], [ -57.96571, -31.39789 ], [ -57.96579, -31.3981 ], [ -57.96593, -31.39798 ], [ -57.96588, -31.39737 ], [ -57.96736, -31.39702 ], [ -57.96761, -31.39684 ], [ -57.96834, -31.39566 ], [ -57.96844, -31.39503 ], [ -57.96996, -31.39492 ], [ -57.97022, -31.39479 ], [ -57.97043, -31.39448 ], [ -57.97014, -31.39339 ], [ -57.96983, -31.39284 ], [ -57.96925, -31.39231 ], [ -57.96867, -31.39246 ], [ -57.96807, -31.39223 ], [ -57.96817, -31.39155 ], [ -57.96882, -31.39135 ], [ -57.96947, -31.39069 ], [ -57.96986, -31.39064 ], [ -57.9705, -31.39151 ], [ -57.97103, -31.39165 ], [ -57.97167, -31.39206 ], [ -57.97203, -31.39201 ], [ -57.97246, -31.3917 ], [ -57.97258, -31.39143 ], [ -57.97231, -31.39026 ], [ -57.97279, -31.38985 ], [ -57.97301, -31.3898 ], [ -57.97315, -31.38944 ], [ -57.97337, -31.38948 ], [ -57.97348, -31.38928 ], [ -57.97369, -31.38925 ], [ -57.97326, -31.38877 ], [ -57.97315, -31.38827 ], [ -57.97321, -31.38786 ], [ -57.97356, -31.38746 ], [ -57.97363, -31.38714 ], [ -57.97429, -31.38685 ], [ -57.97449, -31.38659 ], [ -57.97434, -31.3856 ], [ -57.97401, -31.385 ], [ -57.97338, -31.3849 ], [ -57.97275, -31.38502 ], [ -57.97217, -31.38528 ], [ -57.97118, -31.38529 ], [ -57.97023, -31.38524 ], [ -57.96954, -31.38499 ], [ -57.96902, -31.38498 ], [ -57.9688, -31.38482 ], [ -57.96839, -31.38495 ], [ -57.96738, -31.38481 ], [ -57.96675, -31.38408 ], [ -57.96516, -31.3833 ], [ -57.96445, -31.38234 ], [ -57.96468, -31.38218 ], [ -57.96531, -31.38214 ], [ -57.96561, -31.38219 ], [ -57.96599, -31.38256 ], [ -57.96662, -31.3825 ], [ -57.96695, -31.38322 ], [ -57.96769, -31.38414 ], [ -57.96864, -31.38437 ], [ -57.96953, -31.38421 ], [ -57.97006, -31.38398 ], [ -57.97027, -31.38403 ], [ -57.971, -31.38372 ], [ -57.97199, -31.38313 ], [ -57.97249, -31.38259 ], [ -57.97404, -31.38262 ], [ -57.97449, -31.38239 ], [ -57.97476, -31.38176 ], [ -57.97468, -31.3814 ], [ -57.97493, -31.38077 ], [ -57.97492, -31.37987 ], [ -57.97447, -31.37888 ], [ -57.97421, -31.3787 ], [ -57.97398, -31.37829 ], [ -57.97314, -31.37771 ], [ -57.97315, -31.37745 ], [ -57.97364, -31.37663 ], [ -57.97365, -31.3764 ], [ -57.97304, -31.37591 ], [ -57.97244, -31.37573 ], [ -57.97225, -31.37546 ], [ -57.97313, -31.37447 ], [ -57.97332, -31.37406 ], [ -57.97382, -31.37392 ], [ -57.9739, -31.37333 ], [ -57.97447, -31.37252 ], [ -57.97412, -31.37166 ], [ -57.97356, -31.37112 ], [ -57.97356, -31.37081 ], [ -57.97415, -31.36968 ], [ -57.97363, -31.36846 ], [ -57.97369, -31.36765 ], [ -57.97345, -31.36707 ], [ -57.97355, -31.36648 ], [ -57.97408, -31.36597 ], [ -57.97502, -31.36578 ], [ -57.97555, -31.36587 ], [ -57.97601, -31.36619 ], [ -57.97699, -31.36744 ], [ -57.97799, -31.36784 ], [ -57.97857, -31.36775 ], [ -57.97905, -31.3672 ], [ -57.97915, -31.36644 ], [ -57.97971, -31.36566 ], [ -57.97967, -31.36418 ], [ -57.98014, -31.36318 ], [ -57.98099, -31.36316 ], [ -57.98205, -31.36361 ], [ -57.98278, -31.36335 ], [ -57.98304, -31.36339 ], [ -57.98348, -31.36302 ], [ -57.98381, -31.36234 ], [ -57.98362, -31.36153 ], [ -57.9819, -31.3606 ], [ -57.98197, -31.35978 ], [ -57.98158, -31.3592 ], [ -57.98125, -31.35812 ], [ -57.98063, -31.35857 ], [ -57.98025, -31.35817 ], [ -57.97904, -31.35775 ], [ -57.97878, -31.35755 ], [ -57.97769, -31.35792 ], [ -57.97715, -31.35824 ], [ -57.977, -31.35849 ], [ -57.97642, -31.35856 ], [ -57.97536, -31.35772 ], [ -57.97486, -31.35749 ], [ -57.97502, -31.35677 ], [ -57.97364, -31.35636 ] ] ], [ [ [ -57.95409, -31.39725 ], [ -57.95395, -31.39712 ], [ -57.95411, -31.39721 ], [ -57.95409, -31.39725 ] ] ] ] } },
{ "type": "Feature", "properties": { "nombre": "CA-SRN_CRI-ene-2019_Ro.Santa-Lucia", "curso": "Río Santa Lucía y Arroyo Pilatos", "fecha_evento": "2019-01-09", "cota_local": null, "cota_oficial": null, "fuentes": "Centro Coordinador de Emergencias Departamentales (CECOED) - Canelones" }, "geometry": { "type": "Polygon", "coordinates": [ [ [ -55.96672, -34.2808 ], [ -55.96492, -34.28185 ], [ -55.96307, -34.28232 ], [ -55.9608, -34.28265 ], [ -55.96072, -34.28253 ], [ -55.96059, -34.28272 ], [ -55.96036, -34.28267 ], [ -55.9592, -34.28294 ], [ -55.95809, -34.28286 ], [ -55.95792, -34.28275 ], [ -55.95725, -34.28282 ], [ -55.95719, -34.28246 ], [ -55.95656, -34.28263 ], [ -55.95653, -34.28273 ], [ -55.95644, -34.28261 ], [ -55.95598, -34.28266 ], [ -55.95575, -34.28257 ], [ -55.95579, -34.28266 ], [ -55.95475, -34.28276 ], [ -55.9546, -34.28292 ], [ -55.95446, -34.28285 ], [ -55.95436, -34.28291 ], [ -55.95456, -34.28319 ], [ -55.95381, -34.28322 ], [ -55.95349, -34.28374 ], [ -55.9535, -34.28393 ], [ -55.95292, -34.28448 ], [ -55.95306, -34.28484 ], [ -55.95334, -34.28487 ], [ -55.95332, -34.28518 ], [ -55.95369, -34.2853 ], [ -55.95384, -34.28629 ], [ -55.95406, -34.28646 ], [ -55.95417, -34.2868 ], [ -55.95404, -34.28709 ], [ -55.95422, -34.28708 ], [ -55.95434, -34.28758 ], [ -55.95468, -34.28788 ], [ -55.95468, -34.28797 ], [ -55.95439, -34.28807 ], [ -55.9543, -34.28869 ], [ -55.95359, -34.28824 ], [ -55.95295, -34.28843 ], [ -55.95284, -34.2883 ], [ -55.95258, -34.28834 ], [ -55.95183, -34.28646 ], [ -55.95144, -34.2865 ], [ -55.95095, -34.2863 ], [ -55.9506, -34.28651 ], [ -55.95053, -34.28675 ], [ -55.95044, -34.28657 ], [ -55.95029, -34.2868 ], [ -55.9502, -34.2867 ], [ -55.94928, -34.28693 ], [ -55.94922, -34.28729 ], [ -55.94895, -34.28737 ], [ -55.94861, -34.28804 ], [ -55.94832, -34.28836 ], [ -55.94819, -34.28829 ], [ -55.9479, -34.28843 ], [ -55.94774, -34.28873 ], [ -55.94789, -34.28927 ], [ -55.94764, -34.28946 ], [ -55.94615, -34.2898 ], [ -55.94617, -34.29015 ], [ -55.94337, -34.29116 ], [ -55.94095, -34.2924 ], [ -55.93856, -34.29306 ], [ -55.93505, -34.29425 ], [ -55.93329, -34.2913 ], [ -55.93387, -34.29108 ], [ -55.93824, -34.28831 ], [ -55.94098, -34.28713 ], [ -55.94137, -34.28642 ], [ -55.94173, -34.28613 ], [ -55.94396, -34.28623 ], [ -55.94492, -34.28466 ], [ -55.94872, -34.28454 ], [ -55.95021, -34.28391 ], [ -55.95317, -34.28218 ], [ -55.95396, -34.28157 ], [ -55.95522, -34.28113 ], [ -55.95721, -34.28087 ], [ -55.95806, -34.28041 ], [ -55.95882, -34.27981 ], [ -55.95995, -34.27789 ], [ -55.96027, -34.2767 ], [ -55.96073, -34.27618 ], [ -55.96186, -34.2762 ], [ -55.96261, -34.2765 ], [ -55.96461, -34.27603 ], [ -55.9657, -34.2754 ], [ -55.96672, -34.2808 ] ] ] } },
{ "type": "Feature", "properties": { "nombre": "SJ-SJM_CRI-junio-2021_Ro.San-José", "curso": "Río San José", "fecha_evento": "2021-06-06", "cota_local": 7.83, "cota_oficial": 26.71, "fuentes": "Centro Coordinador de Emergencias Departamentales (CECOED) - San José, Dirección Nacional de Aguas (DINAGUA) - Inundaciones y Drenaje Urbano" }, "geometry": { "type": "GeometryCollection", "geometries": [ { "type": "MultiPolygon", "coordinates": [ [ [ [ -56.69506, -34.34075 ], [ -56.69439, -34.34086 ], [ -56.69257, -34.34229 ], [ -56.69274, -34.34233 ], [ -56.6946, -34.34097 ], [ -56.6951, -34.34092 ], [ -56.69663, -34.3412 ], [ -56.69703, -34.3415 ], [ -56.69699, -34.34188 ], [ -56.69747, -34.34278 ], [ -56.69805, -34.34315 ], [ -56.6986, -34.34313 ], [ -56.69909, -34.34343 ], [ -56.69918, -34.34362 ], [ -56.69903, -34.34389 ], [ -56.69914, -34.3442 ], [ -56.69886, -34.34478 ], [ -56.69894, -34.34508 ], [ -56.69924, -34.34542 ], [ -56.69966, -34.34551 ], [ -56.69973, -34.34577 ], [ -56.7, -34.34597 ], [ -56.7005, -34.34616 ], [ -56.70069, -34.34605 ], [ -56.70113, -34.34607 ], [ -56.70152, -34.34589 ], [ -56.70206, -34.34588 ], [ -56.70229, -34.34571 ], [ -56.70279, -34.34583 ], [ -56.703, -34.34578 ], [ -56.7031, -34.34552 ], [ -56.70325, -34.34547 ], [ -56.70375, -34.34568 ], [ -56.70374, -34.34594 ], [ -56.70354, -34.34624 ], [ -56.70387, -34.3465 ], [ -56.70351, -34.34684 ], [ -56.70345, -34.34717 ], [ -56.70387, -34.34765 ], [ -56.70411, -34.34768 ], [ -56.70484, -34.34838 ], [ -56.70424, -34.34844 ], [ -56.70393, -34.34833 ], [ -56.70379, -34.34815 ], [ -56.70314, -34.34808 ], [ -56.70245, -34.34819 ], [ -56.7022, -34.34832 ], [ -56.7021, -34.34893 ], [ -56.7028, -34.34945 ], [ -56.70308, -34.34993 ], [ -56.70337, -34.35006 ], [ -56.70426, -34.35133 ], [ -56.70493, -34.35175 ], [ -56.70571, -34.35186 ], [ -56.70599, -34.35155 ], [ -56.70688, -34.35123 ], [ -56.70713, -34.35139 ], [ -56.70708, -34.35172 ], [ -56.70723, -34.35209 ], [ -56.70701, -34.35272 ], [ -56.70647, -34.35333 ], [ -56.70717, -34.35413 ], [ -56.70763, -34.3543 ], [ -56.70794, -34.35472 ], [ -56.70789, -34.35495 ], [ -56.70816, -34.35547 ], [ -56.70855, -34.35551 ], [ -56.70885, -34.35567 ], [ -56.70925, -34.35617 ], [ -56.70952, -34.35604 ], [ -56.71019, -34.35649 ], [ -56.71044, -34.35649 ], [ -56.71009, -34.35675 ], [ -56.70938, -34.35663 ], [ -56.70926, -34.35675 ], [ -56.70947, -34.35751 ], [ -56.70917, -34.35783 ], [ -56.70912, -34.35848 ], [ -56.70931, -34.35849 ], [ -56.70911, -34.3587 ], [ -56.70938, -34.35923 ], [ -56.70972, -34.35928 ], [ -56.70997, -34.35905 ], [ -56.71011, -34.35918 ], [ -56.70984, -34.3594 ], [ -56.71063, -34.35993 ], [ -56.71115, -34.36008 ], [ -56.71195, -34.35997 ], [ -56.71214, -34.36007 ], [ -56.71285, -34.35973 ], [ -56.71338, -34.3596 ], [ -56.71423, -34.3597 ], [ -56.71302, -34.3597 ], [ -56.71264, -34.36004 ], [ -56.71276, -34.36018 ], [ -56.71303, -34.36004 ], [ -56.7132, -34.36018 ], [ -56.71289, -34.36082 ], [ -56.71304, -34.36145 ], [ -56.71284, -34.36236 ], [ -56.71293, -34.36295 ], [ -56.71357, -34.36327 ], [ -56.71336, -34.36339 ], [ -56.71271, -34.36319 ], [ -56.71266, -34.36334 ], [ -56.71293, -34.36368 ], [ -56.71398, -34.3639 ], [ -56.71515, -34.36475 ], [ -56.71547, -34.36573 ], [ -56.71599, -34.36657 ], [ -56.717, -34.36709 ], [ -56.71723, -34.36707 ], [ -56.71749, -34.36744 ], [ -56.71719, -34.3671 ], [ -56.71698, -34.36714 ], [ -56.71606, -34.36683 ], [ -56.71554, -34.36608 ], [ -56.7151, -34.36485 ], [ -56.71489, -34.36461 ], [ -56.71392, -34.36397 ], [ -56.71283, -34.3637 ], [ -56.71248, -34.36321 ], [ -56.71236, -34.3635 ], [ -56.71194, -34.36311 ], [ -56.71162, -34.36303 ], [ -56.71134, -34.36267 ], [ -56.71117, -34.36271 ], [ -56.71134, -34.36232 ], [ -56.71189, -34.36191 ], [ -56.7119, -34.36137 ], [ -56.7117, -34.36116 ], [ -56.71125, -34.36095 ], [ -56.71048, -34.36083 ], [ -56.71043, -34.36095 ], [ -56.70967, -34.3607 ], [ -56.70914, -34.36016 ], [ -56.70849, -34.35998 ], [ -56.70825, -34.36003 ], [ -56.70808, -34.35906 ], [ -56.707, -34.35813 ], [ -56.7067, -34.35807 ], [ -56.70591, -34.35865 ], [ -56.70528, -34.35876 ], [ -56.70493, -34.35863 ], [ -56.70484, -34.3585 ], [ -56.70509, -34.35775 ], [ -56.705, -34.35748 ], [ -56.70511, -34.35663 ], [ -56.70466, -34.35648 ], [ -56.70456, -34.35614 ], [ -56.70422, -34.35591 ], [ -56.70338, -34.35556 ], [ -56.70326, -34.35528 ], [ -56.70345, -34.35494 ], [ -56.70339, -34.35485 ], [ -56.70172, -34.35399 ], [ -56.7015, -34.35375 ], [ -56.70114, -34.35373 ], [ -56.70077, -34.35322 ], [ -56.7001, -34.35361 ], [ -56.70014, -34.35386 ], [ -56.70031, -34.35399 ], [ -56.69985, -34.35462 ], [ -56.69997, -34.35474 ], [ -56.70036, -34.35479 ], [ -56.70026, -34.35513 ], [ -56.70004, -34.3552 ], [ -56.69984, -34.35547 ], [ -56.69944, -34.35554 ], [ -56.69888, -34.3559 ], [ -56.69879, -34.35645 ], [ -56.69901, -34.35748 ], [ -56.69873, -34.35769 ], [ -56.69815, -34.35749 ], [ -56.69779, -34.35773 ], [ -56.69743, -34.35842 ], [ -56.69741, -34.35954 ], [ -56.69664, -34.36008 ], [ -56.69632, -34.36006 ], [ -56.6964, -34.36033 ], [ -56.69624, -34.3609 ], [ -56.69636, -34.36115 ], [ -56.68984, -34.35342 ], [ -56.6932, -34.34978 ], [ -56.69446, -34.34967 ], [ -56.69549, -34.34819 ], [ -56.6956, -34.34693 ], [ -56.6952, -34.34626 ], [ -56.69268, -34.34437 ], [ -56.6891, -34.343 ], [ -56.68962, -34.34238 ], [ -56.68942, -34.34156 ], [ -56.68955, -34.33981 ], [ -56.68893, -34.33825 ], [ -56.68707, -34.3348 ], [ -56.68705, -34.3337 ], [ -56.68775, -34.33308 ], [ -56.68851, -34.3321 ], [ -56.68854, -34.33078 ], [ -56.68808, -34.33002 ], [ -56.68775, -34.32853 ], [ -56.68777, -34.32808 ], [ -56.68963, -34.3269 ], [ -56.69094, -34.32632 ], [ -56.69381, -34.32588 ], [ -56.6961, -34.32435 ], [ -56.69866, -34.32288 ], [ -56.70045, -34.32022 ], [ -56.70199, -34.31922 ], [ -56.70355, -34.31863 ], [ -56.70434, -34.3188 ], [ -56.70627, -34.31887 ], [ -56.70772, -34.31834 ], [ -56.7081, -34.31992 ], [ -56.70757, -34.31959 ], [ -56.70728, -34.31968 ], [ -56.70697, -34.32011 ], [ -56.70701, -34.32031 ], [ -56.70686, -34.32029 ], [ -56.70688, -34.32058 ], [ -56.70634, -34.32084 ], [ -56.70646, -34.32092 ], [ -56.70664, -34.32086 ], [ -56.70677, -34.32099 ], [ -56.70659, -34.32116 ], [ -56.70635, -34.32112 ], [ -56.70581, -34.32071 ], [ -56.70555, -34.32084 ], [ -56.70477, -34.32024 ], [ -56.70453, -34.32037 ], [ -56.70465, -34.32045 ], [ -56.70464, -34.32032 ], [ -56.70563, -34.32098 ], [ -56.7058, -34.3208 ], [ -56.70628, -34.32118 ], [ -56.70577, -34.321 ], [ -56.70589, -34.32128 ], [ -56.70562, -34.32117 ], [ -56.70627, -34.32175 ], [ -56.70625, -34.32177 ], [ -56.70633, -34.322 ], [ -56.7063, -34.32214 ], [ -56.70611, -34.32227 ], [ -56.70628, -34.32231 ], [ -56.70614, -34.32238 ], [ -56.70625, -34.32241 ], [ -56.70594, -34.32251 ], [ -56.70618, -34.32278 ], [ -56.70633, -34.32335 ], [ -56.70697, -34.32442 ], [ -56.70684, -34.32469 ], [ -56.70646, -34.32469 ], [ -56.7062, -34.32444 ], [ -56.70618, -34.32482 ], [ -56.70593, -34.32473 ], [ -56.70614, -34.32476 ], [ -56.70602, -34.32426 ], [ -56.70576, -34.32441 ], [ -56.70566, -34.32416 ], [ -56.70546, -34.32435 ], [ -56.7053, -34.32428 ], [ -56.70504, -34.32377 ], [ -56.70445, -34.32318 ], [ -56.70454, -34.32254 ], [ -56.70441, -34.32233 ], [ -56.70444, -34.32167 ], [ -56.70426, -34.3213 ], [ -56.70317, -34.32123 ], [ -56.70283, -34.32161 ], [ -56.70267, -34.32158 ], [ -56.70226, -34.32177 ], [ -56.7023, -34.32196 ], [ -56.70162, -34.32181 ], [ -56.70119, -34.32232 ], [ -56.70014, -34.323 ], [ -56.69984, -34.32297 ], [ -56.69952, -34.32325 ], [ -56.69862, -34.3234 ], [ -56.69762, -34.32387 ], [ -56.69635, -34.32476 ], [ -56.69643, -34.32497 ], [ -56.69608, -34.32498 ], [ -56.695, -34.3258 ], [ -56.69449, -34.32598 ], [ -56.69487, -34.32645 ], [ -56.69455, -34.32643 ], [ -56.6945, -34.32669 ], [ -56.6949, -34.32673 ], [ -56.69453, -34.32688 ], [ -56.69443, -34.32716 ], [ -56.69417, -34.32727 ], [ -56.69439, -34.32759 ], [ -56.69429, -34.32775 ], [ -56.69404, -34.32769 ], [ -56.69334, -34.32715 ], [ -56.69325, -34.32741 ], [ -56.69293, -34.32736 ], [ -56.69277, -34.32753 ], [ -56.69285, -34.32773 ], [ -56.69311, -34.32782 ], [ -56.69318, -34.32811 ], [ -56.69244, -34.3282 ], [ -56.69154, -34.32787 ], [ -56.69059, -34.3278 ], [ -56.69023, -34.32792 ], [ -56.68991, -34.32841 ], [ -56.6899, -34.32862 ], [ -56.69021, -34.32883 ], [ -56.69133, -34.32864 ], [ -56.69233, -34.32935 ], [ -56.69244, -34.32971 ], [ -56.69197, -34.32988 ], [ -56.69178, -34.33031 ], [ -56.69217, -34.33104 ], [ -56.69301, -34.33153 ], [ -56.69313, -34.33194 ], [ -56.6934, -34.33206 ], [ -56.69351, -34.33231 ], [ -56.69337, -34.33254 ], [ -56.69249, -34.33243 ], [ -56.69227, -34.33264 ], [ -56.69162, -34.33261 ], [ -56.69137, -34.33286 ], [ -56.691, -34.3328 ], [ -56.69111, -34.33272 ], [ -56.6906, -34.33252 ], [ -56.69041, -34.33258 ], [ -56.69032, -34.33287 ], [ -56.68939, -34.33292 ], [ -56.68882, -34.3334 ], [ -56.68873, -34.33362 ], [ -56.68886, -34.33376 ], [ -56.68862, -34.33378 ], [ -56.68858, -34.33416 ], [ -56.68882, -34.33443 ], [ -56.68986, -34.33455 ], [ -56.68987, -34.33465 ], [ -56.68806, -34.33512 ], [ -56.68804, -34.33525 ], [ -56.68953, -34.33498 ], [ -56.68968, -34.33534 ], [ -56.69017, -34.33559 ], [ -56.69007, -34.33561 ], [ -56.6905, -34.33614 ], [ -56.69049, -34.33636 ], [ -56.69071, -34.33637 ], [ -56.69071, -34.33656 ], [ -56.69195, -34.33719 ], [ -56.69197, -34.33748 ], [ -56.69212, -34.33732 ], [ -56.69213, -34.33757 ], [ -56.69253, -34.33766 ], [ -56.69239, -34.33769 ], [ -56.69263, -34.33783 ], [ -56.69255, -34.33813 ], [ -56.69285, -34.33885 ], [ -56.69347, -34.33972 ], [ -56.69358, -34.34019 ], [ -56.69376, -34.34025 ], [ -56.69407, -34.34021 ], [ -56.69414, -34.34002 ], [ -56.69415, -34.33968 ], [ -56.69385, -34.33958 ], [ -56.69427, -34.33959 ], [ -56.69462, -34.33924 ], [ -56.69478, -34.33872 ], [ -56.69514, -34.3382 ], [ -56.69487, -34.33809 ], [ -56.69532, -34.33801 ], [ -56.6953, -34.33786 ], [ -56.69502, -34.33778 ], [ -56.69539, -34.33747 ], [ -56.69516, -34.33725 ], [ -56.69541, -34.33726 ], [ -56.69562, -34.33674 ], [ -56.69549, -34.33655 ], [ -56.69528, -34.33652 ], [ -56.69556, -34.33634 ], [ -56.69529, -34.33593 ], [ -56.69564, -34.33524 ], [ -56.69628, -34.33519 ], [ -56.69639, -34.33505 ], [ -56.69632, -34.33537 ], [ -56.69658, -34.33565 ], [ -56.69695, -34.33512 ], [ -56.69663, -34.33639 ], [ -56.69712, -34.3363 ], [ -56.69717, -34.33662 ], [ -56.69735, -34.33653 ], [ -56.69733, -34.33672 ], [ -56.69778, -34.33687 ], [ -56.69742, -34.33687 ], [ -56.69722, -34.33759 ], [ -56.69716, -34.33755 ], [ -56.69719, -34.33716 ], [ -56.69731, -34.33685 ], [ -56.69705, -34.33684 ], [ -56.69717, -34.33686 ], [ -56.69712, -34.33742 ], [ -56.69682, -34.33741 ], [ -56.69672, -34.33752 ], [ -56.69682, -34.33771 ], [ -56.69705, -34.33779 ], [ -56.69699, -34.33836 ], [ -56.69747, -34.33849 ], [ -56.69713, -34.33857 ], [ -56.69733, -34.33873 ], [ -56.69802, -34.33878 ], [ -56.69813, -34.33919 ], [ -56.69802, -34.3393 ], [ -56.69812, -34.33933 ], [ -56.6982, -34.33917 ], [ -56.69814, -34.33934 ], [ -56.69863, -34.33945 ], [ -56.69786, -34.33935 ], [ -56.69792, -34.33951 ], [ -56.6977, -34.33981 ], [ -56.69725, -34.33996 ], [ -56.69733, -34.34012 ], [ -56.69714, -34.34011 ], [ -56.69734, -34.34019 ], [ -56.69681, -34.34012 ], [ -56.69669, -34.3403 ], [ -56.69681, -34.34042 ], [ -56.69654, -34.34031 ], [ -56.6961, -34.34048 ], [ -56.69588, -34.3408 ], [ -56.69643, -34.34098 ], [ -56.69506, -34.34075 ] ], [ [ -56.70551, -34.32105 ], [ -56.70465, -34.32045 ], [ -56.70541, -34.32102 ], [ -56.70551, -34.32105 ] ] ], [ [ [ -56.71335, -34.3241 ], [ -56.7134, -34.32372 ], [ -56.71304, -34.32243 ], [ -56.71235, -34.32168 ], [ -56.71193, -34.3216 ], [ -56.7119, -34.32143 ], [ -56.71272, -34.32062 ], [ -56.71294, -34.31998 ], [ -56.71286, -34.31978 ], [ -56.71311, -34.31972 ], [ -56.71334, -34.31946 ], [ -56.7137, -34.31881 ], [ -56.7136, -34.31847 ], [ -56.71351, -34.31842 ], [ -56.71354, -34.31898 ], [ -56.71316, -34.31945 ], [ -56.71254, -34.31943 ], [ -56.71183, -34.31898 ], [ -56.71164, -34.3194 ], [ -56.71127, -34.31969 ], [ -56.71108, -34.3197 ], [ -56.71076, -34.31951 ], [ -56.71003, -34.3195 ], [ -56.70983, -34.31956 ], [ -56.70978, -34.31957 ], [ -56.70975, -34.31958 ], [ -56.70967, -34.3196 ], [ -56.70966, -34.3196 ], [ -56.70965, -34.31961 ], [ -56.70965, -34.3196 ], [ -56.70952, -34.31961 ], [ -56.70951, -34.31961 ], [ -56.7095, -34.31961 ], [ -56.70949, -34.31961 ], [ -56.70948, -34.3196 ], [ -56.70928, -34.31955 ], [ -56.70866, -34.31801 ], [ -56.71211, -34.31649 ], [ -56.71273, -34.31648 ], [ -56.71303, -34.31666 ], [ -56.71519, -34.31568 ], [ -56.71695, -34.31786 ], [ -56.71729, -34.32284 ], [ -56.71353, -34.32469 ], [ -56.7135, -34.3248 ], [ -56.71358, -34.32419 ], [ -56.71335, -34.3241 ] ] ] ] }, { "type": "MultiLineString", "coordinates": [ [ [ -56.70948, -34.3196 ], [ -56.70952, -34.31961 ] ], [ [ -56.70963, -34.31961 ], [ -56.70962, -34.31961 ] ], [ [ -56.70963, -34.31961 ], [ -56.70964, -34.31961 ] ], [ [ -56.70965, -34.31961 ], [ -56.70964, -34.31961 ] ], [ [ -56.70967, -34.3196 ], [ -56.70966, -34.3196 ] ], [ [ -56.70968, -34.3196 ], [ -56.70967, -34.3196 ] ], [ [ -56.70969, -34.3196 ], [ -56.70968, -34.3196 ] ], [ [ -56.70969, -34.3196 ], [ -56.70971, -34.31959 ] ], [ [ -56.70971, -34.31959 ], [ -56.70972, -34.31959 ] ], [ [ -56.70972, -34.31959 ], [ -56.70973, -34.31959 ] ], [ [ -56.70974, -34.31959 ], [ -56.70973, -34.31959 ] ], [ [ -56.70984, -34.31956 ], [ -56.70983, -34.31956 ] ], [ [ -56.70985, -34.31956 ], [ -56.70984, -34.31956 ] ], [ [ -56.70985, -34.31956 ], [ -56.70987, -34.31955 ] ], [ [ -56.70463, -34.34842 ], [ -56.70463, -34.34843 ] ], [ [ -56.70231, -34.32196 ], [ -56.70232, -34.32196 ] ], [ [ -56.70628, -34.32176 ], [ -56.70627, -34.32176 ] ], [ [ -56.70955, -34.31961 ], [ -56.70956, -34.31961 ] ], [ [ -56.70955, -34.31961 ], [ -56.70954, -34.31961 ] ], [ [ -56.70956, -34.31961 ], [ -56.70959, -34.31961 ] ], [ [ -56.70959, -34.31961 ], [ -56.70961, -34.31961 ] ], [ [ -56.70954, -34.31961 ], [ -56.70953, -34.31961 ] ], [ [ -56.70947, -34.3196 ], [ -56.70946, -34.3196 ] ], [ [ -56.70947, -34.3196 ], [ -56.70948, -34.3196 ] ] ] }, { "type": "MultiPoint", "coordinates": [ [ -56.70811, -34.31993 ], [ -56.70521, -34.32448 ] ] } ] } },
{ "type": "Feature", "properties": { "nombre": "CA-SLA_CRI-abr2016_Ro.Santa-Lucía", "curso": "Río Santa Lucía", "fecha_evento": "2016-04-01", "cota_local": null, "cota_oficial": null, "fuentes": "Voluntarios de la Asociación Interamericana de Ingenieros sanitarios (AIDIS), Dirección Nacional de Aguas (DINAGUA) - División de Servicios Hidrológicos" }, "geometry": { "type": "Polygon", "coordinates": [ [ [ -56.39281, -34.44206 ], [ -56.39881, -34.43887 ], [ -56.40031, -34.44014 ], [ -56.40096, -34.44137 ], [ -56.40122, -34.44251 ], [ -56.40076, -34.44461 ], [ -56.40014, -34.44559 ], [ -56.4005, -34.44793 ], [ -56.40095, -34.44875 ], [ -56.40238, -34.44991 ], [ -56.40339, -34.45052 ], [ -56.40404, -34.4512 ], [ -56.40427, -34.45182 ], [ -56.40536, -34.45324 ], [ -56.40702, -34.45413 ], [ -56.40811, -34.45442 ], [ -56.40099, -34.45952 ], [ -56.40117, -34.45896 ], [ -56.40075, -34.45834 ], [ -56.40074, -34.45797 ], [ -56.40113, -34.45722 ], [ -56.40095, -34.45619 ], [ -56.4012, -34.45506 ], [ -56.40096, -34.45362 ], [ -56.4007, -34.45303 ], [ -56.3997, -34.45218 ], [ -56.39945, -34.45182 ], [ -56.39877, -34.45149 ], [ -56.3983, -34.45084 ], [ -56.39755, -34.45062 ], [ -56.39538, -34.449 ], [ -56.39446, -34.4485 ], [ -56.39326, -34.44835 ], [ -56.39244, -34.44786 ], [ -56.39172, -34.44695 ], [ -56.39083, -34.4471 ], [ -56.38869, -34.44693 ], [ -56.38814, -34.44677 ], [ -56.38778, -34.4465 ], [ -56.38896, -34.44558 ], [ -56.38903, -34.44527 ], [ -56.38999, -34.4446 ], [ -56.39018, -34.44365 ], [ -56.39044, -34.44316 ], [ -56.39107, -34.44282 ], [ -56.39227, -34.44253 ], [ -56.39281, -34.44206 ] ] ] } },
{ "type": "Feature", "properties": { "nombre": "DU-SDY_CRI-jun2019_Ro.Yí", "curso": "Río Yí", "fecha_evento": "2019-06-16", "cota_local": 7.63, "cota_oficial": 124.46, "fuentes": "Dirección Nacional de Aguas (DINAGUA) - Regional Durazno" }, "geometry": { "type": "Polygon", "coordinates": [ [ [ -55.61455, -33.34011 ], [ -55.61703, -33.33843 ], [ -55.61788, -33.33895 ], [ -55.61961, -33.33914 ], [ -55.62014, -33.33936 ], [ -55.61986, -33.3398 ], [ -55.61943, -33.33981 ], [ -55.61824, -33.34057 ], [ -55.61814, -33.34094 ], [ -55.61848, -33.34141 ], [ -55.61824, -33.34256 ], [ -55.61839, -33.34273 ], [ -55.61927, -33.34306 ], [ -55.61944, -33.34335 ], [ -55.61913, -33.34388 ], [ -55.6199, -33.3438 ], [ -55.61991, -33.34402 ], [ -55.61973, -33.34422 ], [ -55.6201, -33.34437 ], [ -55.62163, -33.34392 ], [ -55.62177, -33.34418 ], [ -55.62287, -33.34428 ], [ -55.62405, -33.34417 ], [ -55.62411, -33.34447 ], [ -55.62435, -33.34448 ], [ -55.62413, -33.3448 ], [ -55.62441, -33.34494 ], [ -55.62433, -33.34508 ], [ -55.62335, -33.34535 ], [ -55.62304, -33.34565 ], [ -55.62273, -33.34564 ], [ -55.62236, -33.34582 ], [ -55.62229, -33.34637 ], [ -55.62192, -33.34671 ], [ -55.62215, -33.34693 ], [ -55.62223, -33.34724 ], [ -55.62199, -33.34789 ], [ -55.62298, -33.34894 ], [ -55.62383, -33.34919 ], [ -55.62486, -33.34915 ], [ -55.62482, -33.34957 ], [ -55.6236, -33.3501 ], [ -55.62346, -33.35029 ], [ -55.62404, -33.35074 ], [ -55.62469, -33.35036 ], [ -55.62512, -33.35048 ], [ -55.62542, -33.35072 ], [ -55.62539, -33.35104 ], [ -55.62592, -33.35102 ], [ -55.62644, -33.35139 ], [ -55.62662, -33.35167 ], [ -55.62631, -33.35244 ], [ -55.62636, -33.35276 ], [ -55.6267, -33.35314 ], [ -55.627, -33.35306 ], [ -55.62739, -33.35262 ], [ -55.62751, -33.35273 ], [ -55.6273, -33.35314 ], [ -55.62787, -33.35349 ], [ -55.62816, -33.35353 ], [ -55.62845, -33.35338 ], [ -55.62821, -33.35297 ], [ -55.62903, -33.35312 ], [ -55.63003, -33.35277 ], [ -55.6304, -33.35229 ], [ -55.63031, -33.35194 ], [ -55.63052, -33.35171 ], [ -55.63028, -33.35134 ], [ -55.6303, -33.35087 ], [ -55.63072, -33.35048 ], [ -55.63096, -33.34991 ], [ -55.63162, -33.34972 ], [ -55.63182, -33.34942 ], [ -55.63314, -33.34868 ], [ -55.63354, -33.34881 ], [ -55.6337, -33.34908 ], [ -55.63333, -33.34941 ], [ -55.63331, -33.34973 ], [ -55.63254, -33.35049 ], [ -55.63244, -33.35108 ], [ -55.63284, -33.35172 ], [ -55.63227, -33.35271 ], [ -55.63254, -33.35292 ], [ -55.63254, -33.35318 ], [ -55.63274, -33.35325 ], [ -55.63269, -33.35359 ], [ -55.633, -33.35419 ], [ -55.6333, -33.35442 ], [ -55.63335, -33.35517 ], [ -55.63394, -33.35623 ], [ -55.63441, -33.35666 ], [ -55.63495, -33.35667 ], [ -55.63529, -33.35699 ], [ -55.6353, -33.35726 ], [ -55.63451, -33.35719 ], [ -55.63391, -33.35697 ], [ -55.634, -33.3572 ], [ -55.63375, -33.35733 ], [ -55.63352, -33.35771 ], [ -55.63345, -33.35804 ], [ -55.63356, -33.35816 ], [ -55.63162, -33.35951 ], [ -55.63117, -33.35913 ], [ -55.63122, -33.3589 ], [ -55.63152, -33.35862 ], [ -55.63145, -33.35814 ], [ -55.63171, -33.35797 ], [ -55.63269, -33.35779 ], [ -55.633, -33.35744 ], [ -55.63277, -33.35674 ], [ -55.63203, -33.35616 ], [ -55.63166, -33.35608 ], [ -55.62945, -33.35623 ], [ -55.62862, -33.35599 ], [ -55.62786, -33.35541 ], [ -55.62719, -33.35522 ], [ -55.62561, -33.35522 ], [ -55.62493, -33.35508 ], [ -55.62425, -33.35474 ], [ -55.62382, -33.35437 ], [ -55.62342, -33.35377 ], [ -55.62337, -33.35305 ], [ -55.62358, -33.35285 ], [ -55.62359, -33.35253 ], [ -55.62333, -33.35234 ], [ -55.62266, -33.35215 ], [ -55.62216, -33.3513 ], [ -55.62182, -33.35112 ], [ -55.6213, -33.35109 ], [ -55.6205, -33.3505 ], [ -55.62001, -33.35037 ], [ -55.61932, -33.35053 ], [ -55.61862, -33.3503 ], [ -55.61857, -33.34987 ], [ -55.61876, -33.34964 ], [ -55.6198, -33.34936 ], [ -55.61996, -33.34845 ], [ -55.61977, -33.34816 ], [ -55.61969, -33.3476 ], [ -55.61919, -33.34716 ], [ -55.61868, -33.34568 ], [ -55.61695, -33.34327 ], [ -55.61684, -33.34286 ], [ -55.61739, -33.34212 ], [ -55.61688, -33.34099 ], [ -55.61603, -33.34047 ], [ -55.61501, -33.34032 ], [ -55.61455, -33.34011 ] ] ] } },
{ "type": "Feature", "properties": { "nombre": "FD-FDA_CRI-jun2019_Ro.Santa-Lucía-Chico", "curso": "Río Santa Lucía Chico", "fecha_evento": "2019-06-16", "cota_local": 10.03, "cota_oficial": 53.46, "fuentes": "Intendencia Departamental de Florida, Dirección Nacional de Aguas (DINAGUA) - Inundaciones y Drenaje Urbano" }, "geometry": { "type": "Polygon", "coordinates": [ [ [ -56.19676, -34.09927 ], [ -56.19732, -34.0994 ], [ -56.19791, -34.09933 ], [ -56.19782, -34.10002 ], [ -56.19813, -34.10031 ], [ -56.19846, -34.1004 ], [ -56.19893, -34.10032 ], [ -56.19926, -34.1001 ], [ -56.19945, -34.09922 ], [ -56.19968, -34.09904 ], [ -56.20251, -34.09974 ], [ -56.20478, -34.09582 ], [ -56.20512, -34.09495 ], [ -56.20593, -34.09406 ], [ -56.20589, -34.09322 ], [ -56.2054, -34.0926 ], [ -56.20437, -34.09267 ], [ -56.20384, -34.09251 ], [ -56.2037, -34.09224 ], [ -56.20374, -34.09135 ], [ -56.20314, -34.09058 ], [ -56.20286, -34.08964 ], [ -56.20139, -34.08834 ], [ -56.20047, -34.08781 ], [ -56.19959, -34.08683 ], [ -56.1972, -34.08527 ], [ -56.20546, -34.08111 ], [ -56.20584, -34.08177 ], [ -56.20633, -34.08208 ], [ -56.20702, -34.08203 ], [ -56.20806, -34.0814 ], [ -56.20838, -34.08137 ], [ -56.2085, -34.0816 ], [ -56.20838, -34.08192 ], [ -56.207, -34.08363 ], [ -56.207, -34.084 ], [ -56.20724, -34.08433 ], [ -56.20746, -34.08444 ], [ -56.20818, -34.08442 ], [ -56.20842, -34.0847 ], [ -56.20839, -34.08498 ], [ -56.20763, -34.08592 ], [ -56.20761, -34.08649 ], [ -56.20787, -34.08694 ], [ -56.20865, -34.08738 ], [ -56.2085, -34.08833 ], [ -56.20905, -34.08899 ], [ -56.2091, -34.08933 ], [ -56.20948, -34.09001 ], [ -56.20927, -34.09044 ], [ -56.2094, -34.09104 ], [ -56.20972, -34.09145 ], [ -56.21037, -34.0917 ], [ -56.2109, -34.09147 ], [ -56.21125, -34.09192 ], [ -56.21159, -34.09207 ], [ -56.21165, -34.09226 ], [ -56.21144, -34.0924 ], [ -56.21115, -34.09236 ], [ -56.20979, -34.09273 ], [ -56.20963, -34.09299 ], [ -56.20927, -34.09275 ], [ -56.20895, -34.09286 ], [ -56.2086, -34.09308 ], [ -56.20847, -34.09337 ], [ -56.20859, -34.09353 ], [ -56.20831, -34.09341 ], [ -56.20806, -34.0937 ], [ -56.20776, -34.0938 ], [ -56.20647, -34.09477 ], [ -56.20669, -34.09512 ], [ -56.20695, -34.09506 ], [ -56.20707, -34.09515 ], [ -56.20699, -34.09529 ], [ -56.20713, -34.09545 ], [ -56.20734, -34.09534 ], [ -56.20733, -34.09506 ], [ -56.20788, -34.09544 ], [ -56.20831, -34.09526 ], [ -56.20846, -34.09546 ], [ -56.20828, -34.09557 ], [ -56.20824, -34.09581 ], [ -56.20854, -34.09615 ], [ -56.20806, -34.09601 ], [ -56.20758, -34.09627 ], [ -56.20731, -34.09654 ], [ -56.20741, -34.09667 ], [ -56.20714, -34.09671 ], [ -56.20692, -34.09654 ], [ -56.20637, -34.0965 ], [ -56.20542, -34.09698 ], [ -56.20539, -34.09716 ], [ -56.20642, -34.09722 ], [ -56.20633, -34.09749 ], [ -56.20515, -34.09819 ], [ -56.20501, -34.09868 ], [ -56.20426, -34.09903 ], [ -56.20403, -34.09978 ], [ -56.20383, -34.09991 ], [ -56.2035, -34.09983 ], [ -56.20335, -34.09995 ], [ -56.20363, -34.10057 ], [ -56.20386, -34.10057 ], [ -56.20381, -34.10095 ], [ -56.20436, -34.1018 ], [ -56.20411, -34.1022 ], [ -56.20431, -34.10272 ], [ -56.20576, -34.10405 ], [ -56.2063, -34.10431 ], [ -56.20661, -34.10431 ], [ -56.20643, -34.10452 ], [ -56.20651, -34.10503 ], [ -56.20636, -34.10539 ], [ -56.20557, -34.10526 ], [ -56.20525, -34.10544 ], [ -56.20527, -34.10562 ], [ -56.20556, -34.1059 ], [ -56.20591, -34.10572 ], [ -56.20609, -34.10586 ], [ -56.20548, -34.10643 ], [ -56.20565, -34.10702 ], [ -56.206, -34.10733 ], [ -56.20587, -34.10771 ], [ -56.20628, -34.10812 ], [ -56.20641, -34.10873 ], [ -56.20661, -34.10882 ], [ -56.20712, -34.10947 ], [ -56.20841, -34.10992 ], [ -56.20873, -34.1102 ], [ -56.21057, -34.1103 ], [ -56.21163, -34.11004 ], [ -56.2133, -34.10992 ], [ -56.21369, -34.10969 ], [ -56.21434, -34.10964 ], [ -56.21465, -34.1095 ], [ -56.21485, -34.10907 ], [ -56.21539, -34.10876 ], [ -56.21611, -34.1086 ], [ -56.21654, -34.10871 ], [ -56.21681, -34.10865 ], [ -56.21767, -34.10752 ], [ -56.2178, -34.10705 ], [ -56.21855, -34.10646 ], [ -56.21922, -34.10642 ], [ -56.21958, -34.10615 ], [ -56.21939, -34.10576 ], [ -56.21959, -34.1058 ], [ -56.21995, -34.10615 ], [ -56.22051, -34.10613 ], [ -56.22094, -34.10653 ], [ -56.22138, -34.10623 ], [ -56.22171, -34.10645 ], [ -56.22067, -34.10549 ], [ -56.22126, -34.105 ], [ -56.22133, -34.1047 ], [ -56.22222, -34.10425 ], [ -56.22235, -34.10366 ], [ -56.22257, -34.10337 ], [ -56.22385, -34.10455 ], [ -56.22358, -34.10473 ], [ -56.22316, -34.10455 ], [ -56.22303, -34.10484 ], [ -56.224, -34.10567 ], [ -56.224, -34.10597 ], [ -56.22379, -34.10612 ], [ -56.22293, -34.1062 ], [ -56.22286, -34.10646 ], [ -56.22313, -34.10709 ], [ -56.22293, -34.10721 ], [ -56.22229, -34.10699 ], [ -56.22267, -34.10745 ], [ -56.22218, -34.10805 ], [ -56.22192, -34.10801 ], [ -56.22219, -34.1083 ], [ -56.22193, -34.10827 ], [ -56.22209, -34.1085 ], [ -56.22191, -34.10865 ], [ -56.22223, -34.10871 ], [ -56.22199, -34.11079 ], [ -56.22253, -34.11183 ], [ -56.22178, -34.1127 ], [ -56.22194, -34.11295 ], [ -56.22217, -34.11297 ], [ -56.2236, -34.11204 ], [ -56.22381, -34.11195 ], [ -56.22413, -34.1121 ], [ -56.22413, -34.11225 ], [ -56.22371, -34.11256 ], [ -56.2236, -34.11302 ], [ -56.22379, -34.11407 ], [ -56.22429, -34.11539 ], [ -56.22418, -34.11566 ], [ -56.22338, -34.11614 ], [ -56.22316, -34.11689 ], [ -56.2222, -34.11696 ], [ -56.22132, -34.11678 ], [ -56.22153, -34.11619 ], [ -56.22168, -34.11395 ], [ -56.22125, -34.11326 ], [ -56.21825, -34.11225 ], [ -56.2167, -34.11129 ], [ -56.2156, -34.11112 ], [ -56.21322, -34.11114 ], [ -56.2099, -34.11172 ], [ -56.20693, -34.11082 ], [ -56.20644, -34.11045 ], [ -56.20523, -34.10895 ], [ -56.20433, -34.10688 ], [ -56.20258, -34.10702 ], [ -56.20072, -34.10676 ], [ -56.19872, -34.10619 ], [ -56.198, -34.10587 ], [ -56.19651, -34.10492 ], [ -56.1958, -34.10415 ], [ -56.19577, -34.10393 ], [ -56.19599, -34.10364 ], [ -56.19584, -34.10358 ], [ -56.19676, -34.09927 ] ] ] } },
{ "type": "Feature", "properties": { "nombre": "DU-SDY_CRI-abr2016_Ro.Yí", "curso": "Río Yí", "fecha_evento": "2016-02-01", "cota_local": null, "cota_oficial": null, "fuentes": "Dirección Nacional de Aguas (DINAGUA) - Inundaciones y Drenaje Urbano" }, "geometry": { "type": "Polygon", "coordinates": [ [ [ -55.61501, -33.34032 ], [ -55.61707, -33.33845 ], [ -55.61794, -33.33896 ], [ -55.62003, -33.33907 ], [ -55.62072, -33.33958 ], [ -55.62075, -33.3398 ], [ -55.6205, -33.33999 ], [ -55.61899, -33.34024 ], [ -55.61839, -33.34063 ], [ -55.6183, -33.34113 ], [ -55.61853, -33.34144 ], [ -55.6183, -33.34243 ], [ -55.61846, -33.34271 ], [ -55.61868, -33.34281 ], [ -55.61954, -33.34282 ], [ -55.61962, -33.34294 ], [ -55.61948, -33.34335 ], [ -55.62033, -33.34422 ], [ -55.6211, -33.34386 ], [ -55.62157, -33.34384 ], [ -55.62199, -33.34411 ], [ -55.62285, -33.34424 ], [ -55.62404, -33.34414 ], [ -55.62444, -33.3444 ], [ -55.62452, -33.34498 ], [ -55.62336, -33.34538 ], [ -55.6231, -33.34565 ], [ -55.62261, -33.34572 ], [ -55.62239, -33.34595 ], [ -55.62224, -33.34654 ], [ -55.6223, -33.34726 ], [ -55.62206, -33.34789 ], [ -55.62305, -33.34887 ], [ -55.62406, -33.34913 ], [ -55.62471, -33.34901 ], [ -55.625, -33.34914 ], [ -55.62502, -33.34945 ], [ -55.62486, -33.34964 ], [ -55.62405, -33.3498 ], [ -55.62349, -33.3503 ], [ -55.62401, -33.35071 ], [ -55.62476, -33.35029 ], [ -55.62517, -33.35044 ], [ -55.62556, -33.35081 ], [ -55.62638, -33.35127 ], [ -55.62667, -33.35164 ], [ -55.62638, -33.35244 ], [ -55.62676, -33.35281 ], [ -55.62712, -33.35279 ], [ -55.62739, -33.35261 ], [ -55.62814, -33.35288 ], [ -55.62874, -33.35274 ], [ -55.62948, -33.35122 ], [ -55.63061, -33.35019 ], [ -55.63076, -33.34988 ], [ -55.63139, -33.34966 ], [ -55.63169, -33.34939 ], [ -55.63299, -33.34873 ], [ -55.63326, -33.34864 ], [ -55.63342, -33.34871 ], [ -55.63349, -33.34883 ], [ -55.63323, -33.34945 ], [ -55.63324, -33.34972 ], [ -55.63268, -33.3503 ], [ -55.63255, -33.35084 ], [ -55.63295, -33.35171 ], [ -55.63278, -33.35238 ], [ -55.63295, -33.35369 ], [ -55.63309, -33.35419 ], [ -55.6334, -33.35442 ], [ -55.63352, -33.35527 ], [ -55.63405, -33.35624 ], [ -55.63502, -33.35664 ], [ -55.63566, -33.3571 ], [ -55.63568, -33.35728 ], [ -55.63713, -33.35728 ], [ -55.63545, -33.35918 ], [ -55.63518, -33.35893 ], [ -55.6348, -33.35891 ], [ -55.63413, -33.35923 ], [ -55.63367, -33.3593 ], [ -55.63304, -33.35912 ], [ -55.63218, -33.35949 ], [ -55.63162, -33.35951 ], [ -55.63117, -33.35913 ], [ -55.63122, -33.3589 ], [ -55.63152, -33.35862 ], [ -55.63145, -33.35814 ], [ -55.63171, -33.35797 ], [ -55.63269, -33.35779 ], [ -55.633, -33.35744 ], [ -55.63277, -33.35674 ], [ -55.63203, -33.35616 ], [ -55.63166, -33.35608 ], [ -55.62945, -33.35623 ], [ -55.62862, -33.35599 ], [ -55.62786, -33.35541 ], [ -55.62725, -33.35524 ], [ -55.62567, -33.35521 ], [ -55.62493, -33.35508 ], [ -55.62425, -33.35474 ], [ -55.62382, -33.35437 ], [ -55.62343, -33.35377 ], [ -55.62337, -33.35305 ], [ -55.62358, -33.35285 ], [ -55.62359, -33.35253 ], [ -55.62333, -33.35234 ], [ -55.62266, -33.35215 ], [ -55.62216, -33.3513 ], [ -55.62182, -33.35112 ], [ -55.6213, -33.35109 ], [ -55.6205, -33.3505 ], [ -55.62001, -33.35037 ], [ -55.61932, -33.35053 ], [ -55.61862, -33.3503 ], [ -55.61857, -33.34987 ], [ -55.61876, -33.34964 ], [ -55.6198, -33.34936 ], [ -55.61996, -33.34845 ], [ -55.61977, -33.34816 ], [ -55.61969, -33.3476 ], [ -55.61919, -33.34716 ], [ -55.61868, -33.34568 ], [ -55.61695, -33.34327 ], [ -55.61684, -33.34286 ], [ -55.61739, -33.34212 ], [ -55.61688, -33.34099 ], [ -55.61603, -33.34047 ], [ -55.61501, -33.34032 ] ] ] } },
{ "type": "Feature", "properties": { "nombre": "SA-STO_CRI-ene2019_Ro.Uruguay", "curso": "Río Uruguay", "fecha_evento": "2019-01-23", "cota_local": 14.74, "cota_oficial": 15.84, "fuentes": "Dirección Nacional de Aguas (DINAGUA) - Inundaciones y Drenaje Urbano" }, "geometry": { "type": "Polygon", "coordinates": [ [ [ -57.97236, -31.37557 ], [ -57.97234, -31.37538 ], [ -57.97277, -31.3749 ], [ -57.97333, -31.37453 ], [ -57.97325, -31.37422 ], [ -57.97359, -31.3742 ], [ -57.97368, -31.37413 ], [ -57.97351, -31.3741 ], [ -57.97385, -31.37401 ], [ -57.97462, -31.37256 ], [ -57.97459, -31.37209 ], [ -57.9739, -31.37138 ], [ -57.97374, -31.37099 ], [ -57.97424, -31.36939 ], [ -57.97397, -31.36893 ], [ -57.97385, -31.36819 ], [ -57.97428, -31.36759 ], [ -57.97423, -31.36747 ], [ -57.97398, -31.36742 ], [ -57.97429, -31.36731 ], [ -57.97402, -31.36674 ], [ -57.97402, -31.36632 ], [ -57.97383, -31.36621 ], [ -57.97401, -31.36593 ], [ -57.97414, -31.36602 ], [ -57.97427, -31.36584 ], [ -57.97501, -31.36572 ], [ -57.97543, -31.36584 ], [ -57.97556, -31.36618 ], [ -57.97612, -31.36623 ], [ -57.97703, -31.36741 ], [ -57.97786, -31.36774 ], [ -57.97835, -31.36774 ], [ -57.97899, -31.36717 ], [ -57.97907, -31.36645 ], [ -57.97958, -31.36572 ], [ -57.9797, -31.365 ], [ -57.97957, -31.3641 ], [ -57.97999, -31.36337 ], [ -57.98062, -31.36309 ], [ -57.9821, -31.36343 ], [ -57.98309, -31.36328 ], [ -57.98344, -31.36298 ], [ -57.98373, -31.36226 ], [ -57.98357, -31.36159 ], [ -57.98241, -31.36103 ], [ -57.98136, -31.35993 ], [ -57.98114, -31.35939 ], [ -57.98118, -31.35885 ], [ -57.98094, -31.35849 ], [ -57.97957, -31.35763 ], [ -57.97841, -31.35745 ], [ -57.97775, -31.35763 ], [ -57.97759, -31.3575 ], [ -57.97709, -31.3575 ], [ -57.97692, -31.35733 ], [ -57.97643, -31.35733 ], [ -57.97626, -31.35716 ], [ -57.97577, -31.35714 ], [ -57.9756, -31.35696 ], [ -57.97511, -31.35692 ], [ -57.97486, -31.35674 ], [ -57.9751, -31.35634 ], [ -57.99698, -31.35618 ], [ -57.99641, -31.35767 ], [ -57.99794, -31.36035 ], [ -57.99799, -31.36257 ], [ -57.99601, -31.36463 ], [ -57.99339, -31.36786 ], [ -57.99275, -31.36941 ], [ -57.99177, -31.37088 ], [ -57.99012, -31.37236 ], [ -57.98867, -31.37305 ], [ -57.98781, -31.3749 ], [ -57.98573, -31.37725 ], [ -57.98519, -31.37833 ], [ -57.98437, -31.38172 ], [ -57.98352, -31.38376 ], [ -57.9839, -31.38578 ], [ -57.98406, -31.38762 ], [ -57.98569, -31.39019 ], [ -57.9881, -31.39228 ], [ -57.98936, -31.39302 ], [ -57.99035, -31.39395 ], [ -57.98658, -31.39714 ], [ -57.98568, -31.39683 ], [ -57.98461, -31.39629 ], [ -57.98436, -31.39605 ], [ -57.98348, -31.39591 ], [ -57.98304, -31.39569 ], [ -57.98289, -31.39577 ], [ -57.98298, -31.39599 ], [ -57.98278, -31.39603 ], [ -57.98267, -31.39637 ], [ -57.98252, -31.39637 ], [ -57.98262, -31.39596 ], [ -57.98218, -31.39538 ], [ -57.98177, -31.39512 ], [ -57.9815, -31.3946 ], [ -57.98026, -31.39384 ], [ -57.97997, -31.39327 ], [ -57.97942, -31.39294 ], [ -57.97907, -31.39195 ], [ -57.97823, -31.39127 ], [ -57.97764, -31.39031 ], [ -57.97749, -31.38976 ], [ -57.97683, -31.38952 ], [ -57.97621, -31.38962 ], [ -57.97505, -31.38945 ], [ -57.97516, -31.3896 ], [ -57.97593, -31.38978 ], [ -57.97571, -31.38994 ], [ -57.97581, -31.3904 ], [ -57.97572, -31.39069 ], [ -57.97441, -31.39302 ], [ -57.97412, -31.39408 ], [ -57.9738, -31.39444 ], [ -57.97314, -31.3948 ], [ -57.97293, -31.39543 ], [ -57.97268, -31.39553 ], [ -57.97275, -31.39605 ], [ -57.97345, -31.39631 ], [ -57.97374, -31.39657 ], [ -57.97402, -31.39783 ], [ -57.97474, -31.39843 ], [ -57.9744, -31.39862 ], [ -57.97432, -31.39906 ], [ -57.97456, -31.3996 ], [ -57.97448, -31.40002 ], [ -57.97429, -31.40021 ], [ -57.97439, -31.40045 ], [ -57.9741, -31.40072 ], [ -57.97425, -31.40183 ], [ -57.97401, -31.40081 ], [ -57.97394, -31.40014 ], [ -57.97254, -31.399 ], [ -57.97221, -31.39856 ], [ -57.97177, -31.3985 ], [ -57.97165, -31.3982 ], [ -57.97146, -31.39823 ], [ -57.97146, -31.39845 ], [ -57.97044, -31.39867 ], [ -57.97022, -31.39865 ], [ -57.9701, -31.39839 ], [ -57.96987, -31.39843 ], [ -57.96985, -31.39867 ], [ -57.96929, -31.39866 ], [ -57.96905, -31.39831 ], [ -57.9692, -31.3982 ], [ -57.96917, -31.39805 ], [ -57.96862, -31.3981 ], [ -57.96847, -31.39762 ], [ -57.96767, -31.39779 ], [ -57.96756, -31.39794 ], [ -57.9672, -31.39803 ], [ -57.96696, -31.39821 ], [ -57.96689, -31.39852 ], [ -57.96621, -31.39886 ], [ -57.96616, -31.39901 ], [ -57.96606, -31.39874 ], [ -57.9659, -31.39874 ], [ -57.96597, -31.39945 ], [ -57.96541, -31.39996 ], [ -57.96506, -31.40011 ], [ -57.96483, -31.40005 ], [ -57.96479, -31.40038 ], [ -57.96438, -31.40078 ], [ -57.96421, -31.40124 ], [ -57.96427, -31.40154 ], [ -57.96474, -31.402 ], [ -57.96465, -31.40219 ], [ -57.96433, -31.40226 ], [ -57.96437, -31.40239 ], [ -57.96472, -31.40234 ], [ -57.96481, -31.4025 ], [ -57.96519, -31.40259 ], [ -57.96538, -31.40311 ], [ -57.96513, -31.40322 ], [ -57.96452, -31.40392 ], [ -57.96403, -31.40394 ], [ -57.96378, -31.40354 ], [ -57.96396, -31.40299 ], [ -57.96391, -31.4025 ], [ -57.96335, -31.40218 ], [ -57.96271, -31.40161 ], [ -57.96037, -31.40139 ], [ -57.95977, -31.40069 ], [ -57.9597, -31.40011 ], [ -57.95838, -31.39995 ], [ -57.95755, -31.39936 ], [ -57.95705, -31.39916 ], [ -57.95684, -31.3989 ], [ -57.95688, -31.39854 ], [ -57.95649, -31.39812 ], [ -57.95641, -31.39782 ], [ -57.95654, -31.39766 ], [ -57.9572, -31.39734 ], [ -57.95753, -31.39736 ], [ -57.95802, -31.39758 ], [ -57.95834, -31.39799 ], [ -57.95886, -31.39816 ], [ -57.9606, -31.39696 ], [ -57.96098, -31.39689 ], [ -57.96182, -31.39703 ], [ -57.96209, -31.39724 ], [ -57.96216, -31.39797 ], [ -57.96242, -31.39834 ], [ -57.96287, -31.39862 ], [ -57.96336, -31.39939 ], [ -57.9638, -31.3994 ], [ -57.96499, -31.39783 ], [ -57.9656, -31.39759 ], [ -57.9658, -31.39833 ], [ -57.96591, -31.39834 ], [ -57.96586, -31.39738 ], [ -57.9674, -31.39703 ], [ -57.96767, -31.39684 ], [ -57.96843, -31.39547 ], [ -57.9687, -31.3953 ], [ -57.9686, -31.39509 ], [ -57.96978, -31.39499 ], [ -57.97027, -31.39484 ], [ -57.97047, -31.39448 ], [ -57.97049, -31.39413 ], [ -57.97032, -31.39398 ], [ -57.96999, -31.39298 ], [ -57.9693, -31.39226 ], [ -57.96877, -31.39223 ], [ -57.96853, -31.39206 ], [ -57.96845, -31.39196 ], [ -57.96855, -31.39154 ], [ -57.96895, -31.39133 ], [ -57.96928, -31.39089 ], [ -57.96988, -31.39067 ], [ -57.97015, -31.39132 ], [ -57.97042, -31.39153 ], [ -57.971, -31.39166 ], [ -57.97166, -31.39207 ], [ -57.97198, -31.39204 ], [ -57.9725, -31.39173 ], [ -57.9727, -31.39139 ], [ -57.97246, -31.39077 ], [ -57.97243, -31.39027 ], [ -57.97303, -31.38991 ], [ -57.97317, -31.38949 ], [ -57.9734, -31.3895 ], [ -57.97354, -31.38928 ], [ -57.9746, -31.38943 ], [ -57.97453, -31.38929 ], [ -57.97352, -31.38899 ], [ -57.97325, -31.38863 ], [ -57.97327, -31.38795 ], [ -57.97356, -31.38762 ], [ -57.97365, -31.38725 ], [ -57.97437, -31.38684 ], [ -57.97453, -31.38656 ], [ -57.97431, -31.38535 ], [ -57.97388, -31.38473 ], [ -57.97285, -31.38492 ], [ -57.97251, -31.38486 ], [ -57.97198, -31.38509 ], [ -57.97126, -31.38514 ], [ -57.97028, -31.38512 ], [ -57.96978, -31.38499 ], [ -57.9696, -31.38467 ], [ -57.96841, -31.38492 ], [ -57.96748, -31.38481 ], [ -57.96674, -31.38389 ], [ -57.96612, -31.3835 ], [ -57.96646, -31.38299 ], [ -57.96679, -31.38305 ], [ -57.96769, -31.38426 ], [ -57.96831, -31.3844 ], [ -57.96895, -31.38439 ], [ -57.97006, -31.38403 ], [ -57.97041, -31.38407 ], [ -57.97202, -31.38316 ], [ -57.97248, -31.38264 ], [ -57.97304, -31.38272 ], [ -57.97405, -31.38263 ], [ -57.9746, -31.38231 ], [ -57.97483, -31.38119 ], [ -57.97512, -31.38084 ], [ -57.97513, -31.37993 ], [ -57.97489, -31.37938 ], [ -57.97469, -31.37923 ], [ -57.97457, -31.37856 ], [ -57.97432, -31.37852 ], [ -57.97423, -31.37815 ], [ -57.97332, -31.37768 ], [ -57.97343, -31.37724 ], [ -57.97371, -31.37712 ], [ -57.97357, -31.37677 ], [ -57.97368, -31.3764 ], [ -57.9736, -31.37614 ], [ -57.97344, -31.3759 ], [ -57.97236, -31.37557 ] ] ] } },
{ "type": "Feature", "properties": { "nombre": "PA-PSD_CRI-ene2019_Ro.Uruguay", "curso": "Río Uruguay", "fecha_evento": "2019-01-23", "cota_local": 8.45, "cota_oficial": 8.56, "fuentes": "Dirección Nacional de Aguas (DINAGUA) - Inundaciones y Drenaje Urbano" }, "geometry": { "type": "Polygon", "coordinates": [ [ [ -58.09442, -32.31036 ], [ -58.09431, -32.30983 ], [ -58.0938, -32.30931 ], [ -58.09363, -32.30877 ], [ -58.09336, -32.30845 ], [ -58.09297, -32.30835 ], [ -58.09238, -32.30849 ], [ -58.09191, -32.30846 ], [ -58.09138, -32.30791 ], [ -58.09205, -32.30655 ], [ -58.09298, -32.30552 ], [ -58.0931, -32.30512 ], [ -58.09277, -32.30458 ], [ -58.09244, -32.30323 ], [ -58.09279, -32.3021 ], [ -58.09187, -32.30137 ], [ -58.09118, -32.30116 ], [ -58.09099, -32.3009 ], [ -58.09094, -32.30026 ], [ -58.09061, -32.3 ], [ -58.09029, -32.29946 ], [ -58.09032, -32.29883 ], [ -58.09004, -32.29743 ], [ -58.09065, -32.29661 ], [ -58.09063, -32.29643 ], [ -58.09025, -32.29531 ], [ -58.08949, -32.29464 ], [ -58.08901, -32.29323 ], [ -58.08808, -32.2922 ], [ -58.08795, -32.29188 ], [ -58.08783, -32.29137 ], [ -58.08797, -32.29008 ], [ -58.08769, -32.28915 ], [ -58.08774, -32.28871 ], [ -58.0876, -32.28864 ], [ -58.08758, -32.28877 ], [ -58.08709, -32.28858 ], [ -58.08704, -32.28843 ], [ -58.08662, -32.28836 ], [ -58.08688, -32.288 ], [ -58.08632, -32.28782 ], [ -58.08664, -32.28772 ], [ -58.0866, -32.28757 ], [ -58.08715, -32.28752 ], [ -58.08722, -32.2874 ], [ -58.08584, -32.28752 ], [ -58.08617, -32.28738 ], [ -58.086, -32.28682 ], [ -58.0862, -32.28681 ], [ -58.08626, -32.28741 ], [ -58.08658, -32.28738 ], [ -58.08671, -32.28724 ], [ -58.08677, -32.28731 ], [ -58.08703, -32.28711 ], [ -58.08669, -32.28707 ], [ -58.08652, -32.2869 ], [ -58.0867, -32.28663 ], [ -58.08663, -32.28644 ], [ -58.08705, -32.28616 ], [ -58.08696, -32.28603 ], [ -58.08707, -32.28579 ], [ -58.08694, -32.28566 ], [ -58.08645, -32.28568 ], [ -58.08643, -32.28579 ], [ -58.08631, -32.28564 ], [ -58.08611, -32.28566 ], [ -58.0861, -32.28551 ], [ -58.08515, -32.28548 ], [ -58.08501, -32.28565 ], [ -58.08506, -32.28592 ], [ -58.08511, -32.28618 ], [ -58.0853, -32.28623 ], [ -58.08511, -32.2863 ], [ -58.08512, -32.28663 ], [ -58.08498, -32.28632 ], [ -58.08477, -32.2863 ], [ -58.08497, -32.2862 ], [ -58.0848, -32.2855 ], [ -58.08448, -32.28556 ], [ -58.08427, -32.28574 ], [ -58.08425, -32.28605 ], [ -58.08408, -32.28562 ], [ -58.0839, -32.28589 ], [ -58.08392, -32.28613 ], [ -58.08382, -32.28597 ], [ -58.08359, -32.28599 ], [ -58.08336, -32.28638 ], [ -58.08319, -32.28615 ], [ -58.08308, -32.28631 ], [ -58.08253, -32.28647 ], [ -58.08208, -32.2868 ], [ -58.08182, -32.28674 ], [ -58.0812, -32.28715 ], [ -58.08088, -32.28719 ], [ -58.08055, -32.28755 ], [ -58.07992, -32.28764 ], [ -58.07968, -32.28751 ], [ -58.07944, -32.28697 ], [ -58.07986, -32.28615 ], [ -58.08048, -32.28553 ], [ -58.08084, -32.28484 ], [ -58.08174, -32.28442 ], [ -58.08251, -32.28351 ], [ -58.0826, -32.28324 ], [ -58.08244, -32.28198 ], [ -58.08225, -32.28185 ], [ -58.08215, -32.28122 ], [ -58.08103, -32.28046 ], [ -58.0808, -32.28001 ], [ -58.07993, -32.27978 ], [ -58.0795, -32.27949 ], [ -58.07839, -32.27964 ], [ -58.07786, -32.27955 ], [ -58.07695, -32.27874 ], [ -58.07683, -32.27842 ], [ -58.07705, -32.27827 ], [ -58.07795, -32.27837 ], [ -58.07896, -32.2782 ], [ -58.07928, -32.27781 ], [ -58.07926, -32.27754 ], [ -58.07948, -32.27731 ], [ -58.08007, -32.27767 ], [ -58.08145, -32.27756 ], [ -58.08171, -32.27779 ], [ -58.08289, -32.278 ], [ -58.08326, -32.27833 ], [ -58.08385, -32.27838 ], [ -58.08452, -32.27795 ], [ -58.08406, -32.27714 ], [ -58.08409, -32.27684 ], [ -58.08484, -32.27678 ], [ -58.0855, -32.27578 ], [ -58.08623, -32.27523 ], [ -58.08607, -32.27478 ], [ -58.08635, -32.27423 ], [ -58.08579, -32.27388 ], [ -58.08553, -32.27311 ], [ -58.08568, -32.27284 ], [ -58.08707, -32.27273 ], [ -58.08716, -32.27258 ], [ -58.0881, -32.27224 ], [ -58.0883, -32.27141 ], [ -58.08798, -32.27098 ], [ -58.08792, -32.27052 ], [ -58.08821, -32.27024 ], [ -58.08869, -32.2701 ], [ -58.08871, -32.26993 ], [ -58.08856, -32.26985 ], [ -58.08876, -32.26954 ], [ -58.08886, -32.26973 ], [ -58.08901, -32.26972 ], [ -58.08927, -32.26937 ], [ -58.08954, -32.26929 ], [ -58.08957, -32.26901 ], [ -58.08979, -32.26913 ], [ -58.08992, -32.26902 ], [ -58.08981, -32.26878 ], [ -58.08997, -32.26858 ], [ -58.08999, -32.26808 ], [ -58.09017, -32.26833 ], [ -58.09082, -32.26834 ], [ -58.09049, -32.26851 ], [ -58.09084, -32.26853 ], [ -58.09082, -32.26883 ], [ -58.09107, -32.2691 ], [ -58.09114, -32.26942 ], [ -58.09203, -32.26928 ], [ -58.09191, -32.26822 ], [ -58.09128, -32.26823 ], [ -58.09123, -32.26788 ], [ -58.09207, -32.26774 ], [ -58.09215, -32.26744 ], [ -58.09201, -32.26712 ], [ -58.09069, -32.26708 ], [ -58.09059, -32.26726 ], [ -58.09029, -32.26731 ], [ -58.09027, -32.26745 ], [ -58.08996, -32.26737 ], [ -58.08992, -32.26774 ], [ -58.08957, -32.26691 ], [ -58.0892, -32.26658 ], [ -58.08822, -32.26608 ], [ -58.08815, -32.26589 ], [ -58.08957, -32.26556 ], [ -58.09126, -32.26543 ], [ -58.09128, -32.26576 ], [ -58.09099, -32.26634 ], [ -58.09171, -32.26624 ], [ -58.09198, -32.26639 ], [ -58.09248, -32.26762 ], [ -58.09387, -32.26693 ], [ -58.09394, -32.26676 ], [ -58.09384, -32.26656 ], [ -58.09482, -32.26611 ], [ -58.09493, -32.26562 ], [ -58.0953, -32.26568 ], [ -58.09537, -32.2656 ], [ -58.09516, -32.26468 ], [ -58.09481, -32.26434 ], [ -58.09437, -32.26423 ], [ -58.09359, -32.26422 ], [ -58.0882, -32.26507 ], [ -58.08713, -32.26494 ], [ -58.08798, -32.26472 ], [ -58.08851, -32.26446 ], [ -58.08968, -32.26356 ], [ -58.08977, -32.26335 ], [ -58.09145, -32.26186 ], [ -58.09181, -32.26061 ], [ -58.09151, -32.25976 ], [ -58.09105, -32.25897 ], [ -58.09022, -32.25823 ], [ -58.09025, -32.25751 ], [ -58.08964, -32.25698 ], [ -58.0896, -32.25666 ], [ -58.08992, -32.25589 ], [ -58.08984, -32.2554 ], [ -58.08919, -32.25461 ], [ -58.08832, -32.2541 ], [ -58.08786, -32.25356 ], [ -58.08792, -32.25334 ], [ -58.09026, -32.25269 ], [ -58.09109, -32.25223 ], [ -58.0916, -32.25155 ], [ -58.09146, -32.2511 ], [ -58.09146, -32.2502 ], [ -58.09172, -32.24974 ], [ -58.09188, -32.249 ], [ -58.09257, -32.24883 ], [ -58.09347, -32.24828 ], [ -58.09404, -32.24762 ], [ -58.09441, -32.24776 ], [ -58.09478, -32.24764 ], [ -58.09568, -32.24685 ], [ -58.10352, -32.24679 ], [ -58.10228, -32.24931 ], [ -58.10063, -32.25513 ], [ -58.10013, -32.25775 ], [ -58.09902, -32.27103 ], [ -58.09849, -32.28835 ], [ -58.10035, -32.30153 ], [ -58.10156, -32.30557 ], [ -58.10328, -32.30982 ], [ -58.11573, -32.32874 ], [ -58.12185, -32.33836 ], [ -58.12406, -32.3414 ], [ -58.12534, -32.34262 ], [ -58.12699, -32.34362 ], [ -58.13871, -32.3497 ], [ -58.11066, -32.34995 ], [ -58.10946, -32.34903 ], [ -58.10856, -32.34865 ], [ -58.10676, -32.34838 ], [ -58.10631, -32.34817 ], [ -58.10608, -32.34791 ], [ -58.10376, -32.34669 ], [ -58.10174, -32.34668 ], [ -58.10136, -32.34554 ], [ -58.10096, -32.3453 ], [ -58.10094, -32.34463 ], [ -58.10064, -32.34363 ], [ -58.0993, -32.34252 ], [ -58.09861, -32.34242 ], [ -58.09832, -32.34249 ], [ -58.09786, -32.34279 ], [ -58.09749, -32.34283 ], [ -58.09664, -32.34351 ], [ -58.09669, -32.34335 ], [ -58.09655, -32.34319 ], [ -58.09677, -32.34295 ], [ -58.09667, -32.34277 ], [ -58.09695, -32.34231 ], [ -58.09634, -32.34175 ], [ -58.09667, -32.34153 ], [ -58.09691, -32.34155 ], [ -58.09683, -32.34136 ], [ -58.09721, -32.34112 ], [ -58.09734, -32.34069 ], [ -58.09832, -32.34004 ], [ -58.09843, -32.33986 ], [ -58.09837, -32.33964 ], [ -58.09859, -32.33973 ], [ -58.09818, -32.33936 ], [ -58.09836, -32.33931 ], [ -58.09815, -32.33895 ], [ -58.09773, -32.33867 ], [ -58.09758, -32.33873 ], [ -58.0975, -32.33861 ], [ -58.09727, -32.3387 ], [ -58.0973, -32.33859 ], [ -58.09698, -32.33847 ], [ -58.0972, -32.33825 ], [ -58.09677, -32.33836 ], [ -58.09454, -32.33668 ], [ -58.09474, -32.33672 ], [ -58.09464, -32.33657 ], [ -58.09519, -32.33599 ], [ -58.09545, -32.33598 ], [ -58.09535, -32.33616 ], [ -58.09544, -32.33626 ], [ -58.09592, -32.33585 ], [ -58.09584, -32.33412 ], [ -58.09557, -32.3341 ], [ -58.09508, -32.33435 ], [ -58.09406, -32.33433 ], [ -58.09327, -32.33481 ], [ -58.09278, -32.33459 ], [ -58.09236, -32.3347 ], [ -58.09147, -32.33439 ], [ -58.09083, -32.33436 ], [ -58.08978, -32.33497 ], [ -58.08866, -32.33507 ], [ -58.08818, -32.33606 ], [ -58.08762, -32.33645 ], [ -58.0865, -32.33638 ], [ -58.08549, -32.33657 ], [ -58.08432, -32.33622 ], [ -58.08357, -32.33586 ], [ -58.08283, -32.33576 ], [ -58.08291, -32.33506 ], [ -58.08383, -32.33527 ], [ -58.08461, -32.335 ], [ -58.08489, -32.33464 ], [ -58.08584, -32.33417 ], [ -58.08685, -32.33405 ], [ -58.08772, -32.3338 ], [ -58.0878, -32.33348 ], [ -58.08816, -32.33308 ], [ -58.08922, -32.33301 ], [ -58.08933, -32.33322 ], [ -58.08934, -32.33287 ], [ -58.09057, -32.33262 ], [ -58.0909, -32.33241 ], [ -58.09129, -32.33244 ], [ -58.0914, -32.3322 ], [ -58.09171, -32.33217 ], [ -58.09171, -32.33206 ], [ -58.09217, -32.33191 ], [ -58.0928, -32.33222 ], [ -58.09356, -32.33213 ], [ -58.09371, -32.33177 ], [ -58.09357, -32.33117 ], [ -58.09383, -32.33117 ], [ -58.09447, -32.3308 ], [ -58.09449, -32.33062 ], [ -58.09479, -32.33055 ], [ -58.0949, -32.33036 ], [ -58.09516, -32.33047 ], [ -58.09526, -32.33022 ], [ -58.09565, -32.33004 ], [ -58.09578, -32.33016 ], [ -58.09592, -32.33011 ], [ -58.09603, -32.32967 ], [ -58.09619, -32.32961 ], [ -58.09627, -32.32973 ], [ -58.09657, -32.32948 ], [ -58.09687, -32.32957 ], [ -58.09689, -32.32985 ], [ -58.09702, -32.32991 ], [ -58.09723, -32.32977 ], [ -58.09715, -32.32951 ], [ -58.0974, -32.32943 ], [ -58.098, -32.32941 ], [ -58.09827, -32.32967 ], [ -58.09842, -32.32962 ], [ -58.09839, -32.32942 ], [ -58.09867, -32.32898 ], [ -58.09899, -32.32888 ], [ -58.0993, -32.32904 ], [ -58.09959, -32.32872 ], [ -58.09964, -32.32891 ], [ -58.09987, -32.32891 ], [ -58.09991, -32.32855 ], [ -58.10018, -32.32857 ], [ -58.10034, -32.32833 ], [ -58.1, -32.32841 ], [ -58.10003, -32.3281 ], [ -58.10027, -32.3279 ], [ -58.10092, -32.32781 ], [ -58.10047, -32.32738 ], [ -58.10067, -32.32695 ], [ -58.10049, -32.32612 ], [ -58.09999, -32.32581 ], [ -58.09959, -32.32582 ], [ -58.10001, -32.32458 ], [ -58.09976, -32.32407 ], [ -58.09999, -32.32384 ], [ -58.10025, -32.323 ], [ -58.1002, -32.32273 ], [ -58.10004, -32.32265 ], [ -58.10015, -32.32248 ], [ -58.09993, -32.32205 ], [ -58.10037, -32.32143 ], [ -58.10016, -32.32116 ], [ -58.10009, -32.32075 ], [ -58.10011, -32.32044 ], [ -58.10039, -32.32025 ], [ -58.10044, -32.32002 ], [ -58.10045, -32.31983 ], [ -58.10024, -32.31979 ], [ -58.10039, -32.31971 ], [ -58.10028, -32.31957 ], [ -58.10033, -32.31907 ], [ -58.10057, -32.31881 ], [ -58.1007, -32.31895 ], [ -58.10087, -32.31892 ], [ -58.10087, -32.31874 ], [ -58.10058, -32.31872 ], [ -58.10063, -32.31863 ], [ -58.10129, -32.31851 ], [ -58.1012, -32.31787 ], [ -58.10094, -32.31778 ], [ -58.10128, -32.31763 ], [ -58.10198, -32.31761 ], [ -58.10199, -32.31702 ], [ -58.10212, -32.31757 ], [ -58.10233, -32.31756 ], [ -58.10224, -32.31693 ], [ -58.10301, -32.31683 ], [ -58.10295, -32.31661 ], [ -58.10226, -32.31665 ], [ -58.10225, -32.31656 ], [ -58.10273, -32.31633 ], [ -58.10273, -32.3162 ], [ -58.10224, -32.3162 ], [ -58.10214, -32.31607 ], [ -58.10191, -32.31659 ], [ -58.10172, -32.31598 ], [ -58.10107, -32.31608 ], [ -58.10112, -32.31662 ], [ -58.10101, -32.31657 ], [ -58.10092, -32.31607 ], [ -58.09999, -32.31619 ], [ -58.09997, -32.31654 ], [ -58.09982, -32.31618 ], [ -58.09889, -32.31626 ], [ -58.09839, -32.31586 ], [ -58.09818, -32.31508 ], [ -58.0967, -32.31487 ], [ -58.09606, -32.31467 ], [ -58.09598, -32.31436 ], [ -58.09556, -32.31437 ], [ -58.09579, -32.31421 ], [ -58.09575, -32.31392 ], [ -58.09606, -32.31382 ], [ -58.09613, -32.3136 ], [ -58.09597, -32.31326 ], [ -58.09536, -32.3133 ], [ -58.0958, -32.3131 ], [ -58.09558, -32.31287 ], [ -58.09548, -32.31243 ], [ -58.09524, -32.3124 ], [ -58.09541, -32.31224 ], [ -58.09514, -32.31206 ], [ -58.09514, -32.31178 ], [ -58.09548, -32.31165 ], [ -58.09552, -32.31147 ], [ -58.09579, -32.31142 ], [ -58.09442, -32.31036 ] ] ] } },
{ "type": "Feature", "properties": { "nombre": "MO-MVD_cri-ene-2022-Cda.Matilde-Ao.Miguelete", "curso": "Cañada Matilde, Arroyo Miguelete", "fecha_evento": "2022-01-17", "cota_local": null, "cota_oficial": null, "fuentes": "Dirección Nacional de Aguas (DINAGUA) - Inundaciones y Drenaje Urbano" }, "geometry": { "type": "MultiPolygon", "coordinates": [ [ [ [ -56.1838, -34.82162 ], [ -56.18407, -34.82185 ], [ -56.1842, -34.8222 ], [ -56.18479, -34.82253 ], [ -56.18525, -34.82339 ], [ -56.18542, -34.82429 ], [ -56.18513, -34.8248 ], [ -56.18528, -34.82555 ], [ -56.18456, -34.82708 ], [ -56.18357, -34.82739 ], [ -56.18361, -34.82754 ], [ -56.18304, -34.82796 ], [ -56.18302, -34.82808 ], [ -56.18317, -34.82812 ], [ -56.18292, -34.82836 ], [ -56.18266, -34.82915 ], [ -56.1829, -34.82891 ], [ -56.1828, -34.82913 ], [ -56.1829, -34.82942 ], [ -56.18267, -34.82949 ], [ -56.18271, -34.82961 ], [ -56.18285, -34.82956 ], [ -56.18269, -34.82967 ], [ -56.18272, -34.82975 ], [ -56.18284, -34.82969 ], [ -56.18282, -34.82993 ], [ -56.18269, -34.83001 ], [ -56.18274, -34.83045 ], [ -56.18252, -34.83045 ], [ -56.18245, -34.83032 ], [ -56.18238, -34.83027 ], [ -56.18232, -34.83024 ], [ -56.1812, -34.83035 ], [ -56.18114, -34.82939 ], [ -56.18128, -34.82996 ], [ -56.18152, -34.8294 ], [ -56.18149, -34.8292 ], [ -56.18126, -34.82907 ], [ -56.18144, -34.82864 ], [ -56.18133, -34.82856 ], [ -56.18113, -34.82865 ], [ -56.18114, -34.82841 ], [ -56.18125, -34.82849 ], [ -56.1813, -34.82839 ], [ -56.18108, -34.82835 ], [ -56.18107, -34.82868 ], [ -56.1809, -34.8283 ], [ -56.17969, -34.82832 ], [ -56.17895, -34.82848 ], [ -56.17877, -34.82831 ], [ -56.17781, -34.82842 ], [ -56.17781, -34.82834 ], [ -56.17866, -34.82826 ], [ -56.17882, -34.82773 ], [ -56.17906, -34.82772 ], [ -56.18023, -34.82704 ], [ -56.18032, -34.82667 ], [ -56.18051, -34.8266 ], [ -56.18064, -34.82665 ], [ -56.1805, -34.82687 ], [ -56.18065, -34.82701 ], [ -56.1808, -34.82678 ], [ -56.18072, -34.82665 ], [ -56.18091, -34.82656 ], [ -56.18105, -34.82671 ], [ -56.18134, -34.82668 ], [ -56.18205, -34.82692 ], [ -56.18229, -34.82725 ], [ -56.18282, -34.82734 ], [ -56.18286, -34.82747 ], [ -56.1826, -34.82763 ], [ -56.18264, -34.82774 ], [ -56.18311, -34.82744 ], [ -56.18338, -34.82741 ], [ -56.18272, -34.82665 ], [ -56.18347, -34.8273 ], [ -56.18392, -34.82723 ], [ -56.18457, -34.82687 ], [ -56.18433, -34.8267 ], [ -56.18396, -34.82676 ], [ -56.18383, -34.82674 ], [ -56.18373, -34.82669 ], [ -56.18397, -34.82673 ], [ -56.18389, -34.82657 ], [ -56.18424, -34.8265 ], [ -56.18461, -34.82603 ], [ -56.18448, -34.82597 ], [ -56.18458, -34.82523 ], [ -56.18438, -34.82413 ], [ -56.18407, -34.824 ], [ -56.18448, -34.82405 ], [ -56.18465, -34.82454 ], [ -56.18482, -34.82467 ], [ -56.18505, -34.82451 ], [ -56.18518, -34.82413 ], [ -56.18508, -34.82394 ], [ -56.1845, -34.82366 ], [ -56.18452, -34.82327 ], [ -56.18428, -34.82295 ], [ -56.18403, -34.82304 ], [ -56.18381, -34.82287 ], [ -56.18385, -34.82273 ], [ -56.18369, -34.82282 ], [ -56.18378, -34.82268 ], [ -56.18352, -34.82274 ], [ -56.18349, -34.82257 ], [ -56.18335, -34.82257 ], [ -56.18353, -34.82234 ], [ -56.18311, -34.82209 ], [ -56.1838, -34.82162 ] ] ], [ [ [ -56.17767, -34.82834 ], [ -56.17729, -34.82844 ], [ -56.17632, -34.82829 ], [ -56.17501, -34.82786 ], [ -56.17459, -34.82786 ], [ -56.17437, -34.82761 ], [ -56.17444, -34.82754 ], [ -56.17465, -34.82774 ], [ -56.17646, -34.82824 ], [ -56.17767, -34.82834 ] ] ], [ [ [ -56.17285, -34.82707 ], [ -56.17207, -34.82675 ], [ -56.1712, -34.8268 ], [ -56.17067, -34.82642 ], [ -56.17044, -34.82646 ], [ -56.17027, -34.82629 ], [ -56.17002, -34.82629 ], [ -56.16938, -34.82574 ], [ -56.16978, -34.82574 ], [ -56.17015, -34.82599 ], [ -56.17029, -34.82593 ], [ -56.1702, -34.82604 ], [ -56.17029, -34.8262 ], [ -56.17042, -34.82603 ], [ -56.17076, -34.82625 ], [ -56.17123, -34.82627 ], [ -56.17144, -34.82641 ], [ -56.17167, -34.82632 ], [ -56.17224, -34.82636 ], [ -56.1723, -34.82647 ], [ -56.17293, -34.82647 ], [ -56.17285, -34.82707 ] ] ], [ [ [ -56.1701, -34.82581 ], [ -56.16906, -34.82537 ], [ -56.16918, -34.82536 ], [ -56.16922, -34.82513 ], [ -56.16955, -34.82517 ], [ -56.1701, -34.82581 ] ] ] ] } },
{ "type": "Feature", "properties": { "nombre": "SO-VSO_CRI-abr1959_Ro.Negro", "curso": "Río Negro", "fecha_evento": "1959-04-16", "cota_local": 5.25, "cota_oficial": 4.81, "fuentes": "Dirección Nacional de Aguas (DINAGUA) - Inundaciones y Drenaje Urbano" }, "geometry": { "type": "Polygon", "coordinates": [ [ [ -58.36361, -33.40011 ], [ -58.36114, -33.43544 ], [ -58.33323, -33.43628 ], [ -58.33322, -33.43538 ], [ -58.33304, -33.43502 ], [ -58.33318, -33.43444 ], [ -58.33308, -33.43376 ], [ -58.33331, -33.43333 ], [ -58.33343, -33.43062 ], [ -58.33361, -33.4301 ], [ -58.3338, -33.42859 ], [ -58.3336, -33.42726 ], [ -58.33378, -33.42688 ], [ -58.33393, -33.42548 ], [ -58.33386, -33.4241 ], [ -58.33368, -33.42352 ], [ -58.3335, -33.4212 ], [ -58.33331, -33.42039 ], [ -58.3335, -33.41993 ], [ -58.33316, -33.41933 ], [ -58.33305, -33.41859 ], [ -58.33275, -33.41816 ], [ -58.33267, -33.41751 ], [ -58.33227, -33.41654 ], [ -58.33184, -33.41616 ], [ -58.33169, -33.41544 ], [ -58.33114, -33.415 ], [ -58.33076, -33.41426 ], [ -58.33037, -33.41388 ], [ -58.33056, -33.41295 ], [ -58.32947, -33.41184 ], [ -58.32934, -33.41139 ], [ -58.32973, -33.41098 ], [ -58.32937, -33.41092 ], [ -58.32937, -33.41069 ], [ -58.32899, -33.41056 ], [ -58.32896, -33.40993 ], [ -58.32883, -33.4097 ], [ -58.32891, -33.40917 ], [ -58.32877, -33.40892 ], [ -58.32831, -33.4088 ], [ -58.32809, -33.40856 ], [ -58.32829, -33.40786 ], [ -58.328, -33.40705 ], [ -58.32805, -33.40685 ], [ -58.32746, -33.40631 ], [ -58.32717, -33.40555 ], [ -58.32689, -33.40553 ], [ -58.32674, -33.40526 ], [ -58.32683, -33.40505 ], [ -58.32726, -33.40501 ], [ -58.32683, -33.40492 ], [ -58.32703, -33.40469 ], [ -58.32652, -33.40418 ], [ -58.32676, -33.40371 ], [ -58.32695, -33.40372 ], [ -58.32698, -33.40361 ], [ -58.32686, -33.40355 ], [ -58.32676, -33.40368 ], [ -58.32641, -33.40367 ], [ -58.326, -33.4031 ], [ -58.32609, -33.40299 ], [ -58.32598, -33.40297 ], [ -58.32601, -33.40263 ], [ -58.3262, -33.40234 ], [ -58.32591, -33.40202 ], [ -58.32592, -33.40171 ], [ -58.32569, -33.40155 ], [ -58.32552, -33.40113 ], [ -58.32506, -33.40095 ], [ -58.32506, -33.40061 ], [ -58.3248, -33.40056 ], [ -58.32429, -33.40072 ], [ -58.32405, -33.40058 ], [ -58.32427, -33.40116 ], [ -58.32391, -33.40034 ], [ -58.32378, -33.40038 ], [ -58.32348, -33.40006 ], [ -58.32324, -33.40007 ], [ -58.32321, -33.39996 ], [ -58.32182, -33.3995 ], [ -58.32202, -33.39922 ], [ -58.32195, -33.39892 ], [ -58.3218, -33.39918 ], [ -58.3215, -33.39912 ], [ -58.32126, -33.39921 ], [ -58.32112, -33.39953 ], [ -58.32073, -33.3997 ], [ -58.32054, -33.39966 ], [ -58.32027, -33.3993 ], [ -58.31954, -33.39938 ], [ -58.31906, -33.39964 ], [ -58.31865, -33.40014 ], [ -58.31829, -33.40019 ], [ -58.31819, -33.40035 ], [ -58.31834, -33.40055 ], [ -58.31827, -33.40072 ], [ -58.318, -33.40083 ], [ -58.31776, -33.40059 ], [ -58.31767, -33.40074 ], [ -58.31806, -33.40103 ], [ -58.31811, -33.40123 ], [ -58.3178, -33.40137 ], [ -58.31805, -33.4015 ], [ -58.31832, -33.40194 ], [ -58.31888, -33.40198 ], [ -58.31999, -33.40238 ], [ -58.3205, -33.4021 ], [ -58.32074, -33.40233 ], [ -58.32069, -33.40249 ], [ -58.32082, -33.40244 ], [ -58.32107, -33.40261 ], [ -58.32182, -33.40272 ], [ -58.32208, -33.40297 ], [ -58.32201, -33.40358 ], [ -58.32157, -33.40374 ], [ -58.32139, -33.4041 ], [ -58.32194, -33.40497 ], [ -58.32174, -33.40608 ], [ -58.32149, -33.40635 ], [ -58.32172, -33.40658 ], [ -58.3217, -33.40674 ], [ -58.32146, -33.40687 ], [ -58.32102, -33.40681 ], [ -58.32079, -33.40705 ], [ -58.32033, -33.40687 ], [ -58.3201, -33.40759 ], [ -58.31877, -33.40899 ], [ -58.31812, -33.40932 ], [ -58.31792, -33.40958 ], [ -58.3173, -33.40972 ], [ -58.31584, -33.4109 ], [ -58.31556, -33.4109 ], [ -58.31541, -33.41111 ], [ -58.31488, -33.41135 ], [ -58.3146, -33.41123 ], [ -58.3145, -33.41175 ], [ -58.31368, -33.41223 ], [ -58.31245, -33.4134 ], [ -58.30929, -33.41489 ], [ -58.30646, -33.41599 ], [ -58.30601, -33.41678 ], [ -58.30577, -33.41682 ], [ -58.3057, -33.41701 ], [ -58.30644, -33.41727 ], [ -58.30466, -33.41781 ], [ -58.30459, -33.41736 ], [ -58.30473, -33.41715 ], [ -58.30454, -33.41693 ], [ -58.30408, -33.41681 ], [ -58.30381, -33.41694 ], [ -58.30365, -33.41685 ], [ -58.30306, -33.41714 ], [ -58.30268, -33.41709 ], [ -58.30247, -33.41732 ], [ -58.30129, -33.4175 ], [ -58.30105, -33.41781 ], [ -58.30059, -33.41798 ], [ -58.30041, -33.41826 ], [ -58.29862, -33.41871 ], [ -58.29832, -33.41858 ], [ -58.29783, -33.41864 ], [ -58.29768, -33.41852 ], [ -58.29754, -33.41875 ], [ -58.29695, -33.41853 ], [ -58.29625, -33.41858 ], [ -58.29617, -33.41841 ], [ -58.2967, -33.41814 ], [ -58.29664, -33.41796 ], [ -58.29595, -33.41796 ], [ -58.29549, -33.41776 ], [ -58.29544, -33.41795 ], [ -58.29501, -33.41802 ], [ -58.29456, -33.41737 ], [ -58.29402, -33.41702 ], [ -58.29292, -33.41708 ], [ -58.29241, -33.41733 ], [ -58.29212, -33.41728 ], [ -58.29046, -33.4177 ], [ -58.29016, -33.41762 ], [ -58.28984, -33.41774 ], [ -58.28933, -33.41775 ], [ -58.28655, -33.41705 ], [ -58.28563, -33.41661 ], [ -58.28517, -33.41675 ], [ -58.28493, -33.41661 ], [ -58.28437, -33.41668 ], [ -58.28404, -33.41646 ], [ -58.28356, -33.41655 ], [ -58.2832, -33.41633 ], [ -58.28237, -33.41614 ], [ -58.28111, -33.41495 ], [ -58.28061, -33.41513 ], [ -58.28082, -33.4158 ], [ -58.2807, -33.416 ], [ -58.2808, -33.41634 ], [ -58.28043, -33.41691 ], [ -58.28047, -33.41729 ], [ -58.28032, -33.41741 ], [ -58.2809, -33.41819 ], [ -58.28109, -33.41826 ], [ -58.28095, -33.41855 ], [ -58.28098, -33.41828 ], [ -58.28081, -33.41827 ], [ -58.28071, -33.41794 ], [ -58.28022, -33.41745 ], [ -58.28029, -33.41689 ], [ -58.28057, -33.41634 ], [ -58.28024, -33.41536 ], [ -58.27988, -33.41501 ], [ -58.27934, -33.41498 ], [ -58.27864, -33.41533 ], [ -58.27804, -33.41618 ], [ -58.27718, -33.41635 ], [ -58.27662, -33.41627 ], [ -58.27611, -33.41641 ], [ -58.27601, -33.41664 ], [ -58.27557, -33.41707 ], [ -58.27515, -33.4172 ], [ -58.27492, -33.41706 ], [ -58.27491, -33.4169 ], [ -58.27518, -33.41715 ], [ -58.2755, -33.41707 ], [ -58.27575, -33.41673 ], [ -58.27598, -33.41662 ], [ -58.27603, -33.41638 ], [ -58.27675, -33.41622 ], [ -58.27692, -33.41629 ], [ -58.27699, -33.4162 ], [ -58.27675, -33.416 ], [ -58.27705, -33.41618 ], [ -58.2771, -33.4163 ], [ -58.27737, -33.41616 ], [ -58.27782, -33.41615 ], [ -58.27815, -33.41578 ], [ -58.27838, -33.41525 ], [ -58.27906, -33.41478 ], [ -58.27903, -33.41451 ], [ -58.27921, -33.41449 ], [ -58.27917, -33.41433 ], [ -58.27995, -33.4145 ], [ -58.2806, -33.41445 ], [ -58.28008, -33.41362 ], [ -58.27982, -33.41272 ], [ -58.27956, -33.41257 ], [ -58.27954, -33.41228 ], [ -58.27911, -33.41213 ], [ -58.27899, -33.41181 ], [ -58.27881, -33.41195 ], [ -58.27857, -33.41183 ], [ -58.27864, -33.4114 ], [ -58.27837, -33.41121 ], [ -58.27791, -33.41117 ], [ -58.27773, -33.41128 ], [ -58.27764, -33.41095 ], [ -58.277, -33.41108 ], [ -58.27681, -33.41098 ], [ -58.2766, -33.41112 ], [ -58.27581, -33.41055 ], [ -58.27524, -33.4104 ], [ -58.27502, -33.41023 ], [ -58.27441, -33.41014 ], [ -58.27415, -33.41001 ], [ -58.27407, -33.40976 ], [ -58.27385, -33.40972 ], [ -58.27383, -33.40942 ], [ -58.27359, -33.40934 ], [ -58.27329, -33.40945 ], [ -58.27253, -33.40919 ], [ -58.27241, -33.40883 ], [ -58.27199, -33.40868 ], [ -58.27201, -33.40852 ], [ -58.27182, -33.40836 ], [ -58.27146, -33.40832 ], [ -58.27058, -33.40792 ], [ -58.26974, -33.4072 ], [ -58.26841, -33.40664 ], [ -58.26814, -33.40642 ], [ -58.26763, -33.40637 ], [ -58.26681, -33.40582 ], [ -58.26579, -33.40567 ], [ -58.26492, -33.40539 ], [ -58.26454, -33.40499 ], [ -58.26333, -33.40445 ], [ -58.26187, -33.40429 ], [ -58.26125, -33.40437 ], [ -58.26113, -33.40475 ], [ -58.26079, -33.40509 ], [ -58.26085, -33.40536 ], [ -58.26065, -33.40556 ], [ -58.26028, -33.40565 ], [ -58.26034, -33.40589 ], [ -58.25954, -33.40655 ], [ -58.25983, -33.40621 ], [ -58.26023, -33.40591 ], [ -58.26019, -33.40571 ], [ -58.26028, -33.40558 ], [ -58.26057, -33.40553 ], [ -58.26081, -33.40533 ], [ -58.26071, -33.40505 ], [ -58.26102, -33.40468 ], [ -58.26116, -33.40403 ], [ -58.26076, -33.40368 ], [ -58.26033, -33.40367 ], [ -58.26014, -33.40348 ], [ -58.26, -33.40309 ], [ -58.2602, -33.4028 ], [ -58.26013, -33.40267 ], [ -58.25935, -33.40276 ], [ -58.259, -33.40253 ], [ -58.25835, -33.40239 ], [ -58.28046, -33.37183 ], [ -58.33756, -33.38039 ], [ -58.36361, -33.40011 ] ] ] } },
{ "type": "Feature", "properties": { "nombre": "RV-RVR_CRI-dic2015_Ao.Cuñapiru", "curso": "Arroyo Cuñapirú", "fecha_evento": "2015-12-01", "cota_local": null, "cota_oficial": null, "fuentes": "Intendencia Departamental de Rivera, Dirección Nacional de Aguas (DINAGUA) - Inundaciones y Drenaje Urbano" }, "geometry": { "type": "GeometryCollection", "geometries": [ { "type": "Polygon", "coordinates": [ [ [ -55.54235, -30.92537 ], [ -55.54195, -30.92425 ], [ -55.5416, -30.9244 ], [ -55.54141, -30.92472 ], [ -55.54093, -30.92459 ], [ -55.53924, -30.92477 ], [ -55.53691, -30.92425 ], [ -55.53611, -30.92464 ], [ -55.5357, -30.92302 ], [ -55.53587, -30.9232 ], [ -55.5366, -30.9234 ], [ -55.53712, -30.9231 ], [ -55.53734, -30.92279 ], [ -55.53724, -30.92175 ], [ -55.53842, -30.92141 ], [ -55.53873, -30.92146 ], [ -55.53874, -30.92197 ], [ -55.53934, -30.9225 ], [ -55.5396, -30.92246 ], [ -55.54004, -30.92179 ], [ -55.54048, -30.92155 ], [ -55.54052, -30.92138 ], [ -55.5403, -30.92052 ], [ -55.53996, -30.9202 ], [ -55.53963, -30.92018 ], [ -55.53955, -30.92005 ], [ -55.53986, -30.91901 ], [ -55.54009, -30.91924 ], [ -55.54069, -30.92128 ], [ -55.54072, -30.92196 ], [ -55.54113, -30.92313 ], [ -55.54143, -30.92359 ], [ -55.54164, -30.92367 ], [ -55.54181, -30.92351 ], [ -55.54031, -30.9191 ], [ -55.54028, -30.91843 ], [ -55.54086, -30.91819 ], [ -55.54087, -30.91773 ], [ -55.5402, -30.91702 ], [ -55.54044, -30.91619 ], [ -55.54073, -30.91592 ], [ -55.54066, -30.91539 ], [ -55.54098, -30.91523 ], [ -55.5411, -30.91501 ], [ -55.54138, -30.91401 ], [ -55.54125, -30.91348 ], [ -55.54132, -30.91293 ], [ -55.54173, -30.91284 ], [ -55.54191, -30.9126 ], [ -55.54234, -30.91244 ], [ -55.54238, -30.91226 ], [ -55.54268, -30.9122 ], [ -55.54278, -30.91194 ], [ -55.54306, -30.91177 ], [ -55.54338, -30.91212 ], [ -55.54399, -30.91206 ], [ -55.54439, -30.91253 ], [ -55.54485, -30.91238 ], [ -55.54477, -30.91251 ], [ -55.54487, -30.91256 ], [ -55.54514, -30.91235 ], [ -55.54503, -30.91219 ], [ -55.54516, -30.91181 ], [ -55.54504, -30.91128 ], [ -55.54544, -30.91115 ], [ -55.54561, -30.91132 ], [ -55.54601, -30.91111 ], [ -55.54604, -30.91123 ], [ -55.54646, -30.91135 ], [ -55.54635, -30.9104 ], [ -55.5465, -30.91145 ], [ -55.54664, -30.91151 ], [ -55.54675, -30.91135 ], [ -55.5467, -30.9109 ], [ -55.54697, -30.91084 ], [ -55.54682, -30.91011 ], [ -55.54689, -30.90989 ], [ -55.54678, -30.90982 ], [ -55.54709, -30.90947 ], [ -55.54729, -30.90876 ], [ -55.54769, -30.90874 ], [ -55.54735, -30.90793 ], [ -55.54768, -30.90762 ], [ -55.54822, -30.90747 ], [ -55.54833, -30.90716 ], [ -55.54872, -30.90687 ], [ -55.549, -30.90696 ], [ -55.54914, -30.90676 ], [ -55.55013, -30.90651 ], [ -55.55123, -30.9059 ], [ -55.55057, -30.90604 ], [ -55.55035, -30.90586 ], [ -55.55033, -30.90601 ], [ -55.55, -30.90624 ], [ -55.54901, -30.90645 ], [ -55.54976, -30.90612 ], [ -55.5495, -30.90523 ], [ -55.55002, -30.90482 ], [ -55.54986, -30.90427 ], [ -55.55029, -30.90406 ], [ -55.55029, -30.90387 ], [ -55.55056, -30.90387 ], [ -55.55089, -30.9033 ], [ -55.55133, -30.90329 ], [ -55.55175, -30.90307 ], [ -55.55176, -30.90265 ], [ -55.5515, -30.90241 ], [ -55.55154, -30.90219 ], [ -55.55177, -30.90221 ], [ -55.55228, -30.90288 ], [ -55.55253, -30.9027 ], [ -55.55305, -30.90281 ], [ -55.55305, -30.90315 ], [ -55.55229, -30.90368 ], [ -55.55234, -30.90398 ], [ -55.55259, -30.90403 ], [ -55.55282, -30.9048 ], [ -55.55255, -30.90538 ], [ -55.55285, -30.9053 ], [ -55.55281, -30.90552 ], [ -55.55302, -30.90562 ], [ -55.55397, -30.90549 ], [ -55.55399, -30.90563 ], [ -55.55442, -30.90573 ], [ -55.55486, -30.90555 ], [ -55.55489, -30.90537 ], [ -55.55449, -30.90486 ], [ -55.55446, -30.90415 ], [ -55.5547, -30.90374 ], [ -55.55994, -30.90785 ], [ -55.55961, -30.90835 ], [ -55.55967, -30.90913 ], [ -55.5591, -30.90938 ], [ -55.55824, -30.90938 ], [ -55.55747, -30.90969 ], [ -55.5569, -30.91011 ], [ -55.55684, -30.91071 ], [ -55.55635, -30.91073 ], [ -55.5559, -30.9109 ], [ -55.55543, -30.91156 ], [ -55.55497, -30.91167 ], [ -55.55461, -30.91192 ], [ -55.55426, -30.91193 ], [ -55.55415, -30.91213 ], [ -55.55377, -30.91219 ], [ -55.55327, -30.91245 ], [ -55.55343, -30.91272 ], [ -55.55414, -30.91281 ], [ -55.5542, -30.91302 ], [ -55.55411, -30.91319 ], [ -55.55439, -30.91674 ], [ -55.55358, -30.91624 ], [ -55.55277, -30.91541 ], [ -55.55205, -30.91534 ], [ -55.55138, -30.91507 ], [ -55.55093, -30.91529 ], [ -55.55075, -30.91553 ], [ -55.55101, -30.91577 ], [ -55.55178, -30.91714 ], [ -55.55233, -30.91714 ], [ -55.55252, -30.91766 ], [ -55.55247, -30.91806 ], [ -55.5521, -30.91804 ], [ -55.55202, -30.91836 ], [ -55.55215, -30.91859 ], [ -55.55265, -30.91886 ], [ -55.55267, -30.91945 ], [ -55.55309, -30.91964 ], [ -55.55215, -30.91977 ], [ -55.55162, -30.91916 ], [ -55.55131, -30.91841 ], [ -55.55126, -30.91772 ], [ -55.5515, -30.91746 ], [ -55.55097, -30.91595 ], [ -55.54816, -30.9159 ], [ -55.54769, -30.91526 ], [ -55.5473, -30.91577 ], [ -55.5468, -30.91552 ], [ -55.54667, -30.9157 ], [ -55.54677, -30.91599 ], [ -55.54693, -30.91607 ], [ -55.54689, -30.91633 ], [ -55.54722, -30.91656 ], [ -55.54723, -30.9167 ], [ -55.54701, -30.91803 ], [ -55.54658, -30.91809 ], [ -55.54691, -30.91857 ], [ -55.54682, -30.91913 ], [ -55.54632, -30.91914 ], [ -55.54586, -30.91882 ], [ -55.54589, -30.91905 ], [ -55.54537, -30.91877 ], [ -55.54503, -30.91955 ], [ -55.54526, -30.91979 ], [ -55.54549, -30.91978 ], [ -55.5454, -30.92007 ], [ -55.54561, -30.92024 ], [ -55.5454, -30.9204 ], [ -55.54545, -30.92076 ], [ -55.54504, -30.92094 ], [ -55.54473, -30.92079 ], [ -55.54414, -30.92092 ], [ -55.54401, -30.92107 ], [ -55.54407, -30.9213 ], [ -55.54363, -30.92119 ], [ -55.54333, -30.92136 ], [ -55.5435, -30.92326 ], [ -55.54393, -30.92345 ], [ -55.54429, -30.92333 ], [ -55.54457, -30.9237 ], [ -55.54461, -30.92353 ], [ -55.54489, -30.92402 ], [ -55.54508, -30.92405 ], [ -55.54535, -30.92386 ], [ -55.54556, -30.92425 ], [ -55.54578, -30.92436 ], [ -55.54548, -30.92456 ], [ -55.54565, -30.92461 ], [ -55.54552, -30.92476 ], [ -55.54578, -30.92496 ], [ -55.54553, -30.92501 ], [ -55.54543, -30.92542 ], [ -55.54525, -30.92561 ], [ -55.54532, -30.92588 ], [ -55.54494, -30.92589 ], [ -55.54495, -30.92568 ], [ -55.54469, -30.92527 ], [ -55.54409, -30.92544 ], [ -55.54368, -30.92572 ], [ -55.54312, -30.92572 ], [ -55.54285, -30.92589 ], [ -55.54265, -30.92582 ], [ -55.54263, -30.92564 ], [ -55.54235, -30.92537 ] ] ] }, { "type": "Point", "coordinates": [ -55.54678, -30.90983 ] } ] } },
{ "type": "Feature", "properties": { "nombre": "SJ-SJM_CRI-jun2019_Ro.San-José", "curso": "Río San José", "fecha_evento": "2019-06-17", "cota_local": 10.44, "cota_oficial": 29.32, "fuentes": "Centro Coordinador de Emergencias Departamentales (CECOED) - San José, Dirección Nacional de Aguas (DINAGUA) - Inundaciones y Drenaje Urbano" }, "geometry": { "type": "Polygon", "coordinates": [ [ [ -56.69279, -34.32635 ], [ -56.69406, -34.32655 ], [ -56.69491, -34.32611 ], [ -56.69639, -34.32484 ], [ -56.70024, -34.32253 ], [ -56.70097, -34.32111 ], [ -56.70237, -34.31955 ], [ -56.70385, -34.31907 ], [ -56.7054, -34.31886 ], [ -56.70691, -34.31908 ], [ -56.70816, -34.31888 ], [ -56.70866, -34.32039 ], [ -56.70811, -34.32061 ], [ -56.70781, -34.32105 ], [ -56.70736, -34.3214 ], [ -56.70683, -34.32298 ], [ -56.70765, -34.32514 ], [ -56.70806, -34.3256 ], [ -56.70777, -34.32594 ], [ -56.70818, -34.3264 ], [ -56.70801, -34.32675 ], [ -56.70817, -34.32721 ], [ -56.70792, -34.32753 ], [ -56.70801, -34.32772 ], [ -56.70776, -34.32773 ], [ -56.70769, -34.32808 ], [ -56.70627, -34.32788 ], [ -56.7062, -34.32795 ], [ -56.7062, -34.32774 ], [ -56.70528, -34.32645 ], [ -56.70518, -34.32615 ], [ -56.70497, -34.326 ], [ -56.70473, -34.32613 ], [ -56.70495, -34.32592 ], [ -56.70384, -34.32516 ], [ -56.70367, -34.32475 ], [ -56.70342, -34.32467 ], [ -56.70354, -34.32405 ], [ -56.70263, -34.32363 ], [ -56.70301, -34.3237 ], [ -56.70284, -34.32307 ], [ -56.70289, -34.32235 ], [ -56.7026, -34.32221 ], [ -56.7025, -34.32236 ], [ -56.70142, -34.3229 ], [ -56.70045, -34.32297 ], [ -56.69999, -34.32314 ], [ -56.69894, -34.324 ], [ -56.69829, -34.32486 ], [ -56.69752, -34.32529 ], [ -56.69745, -34.3255 ], [ -56.69646, -34.32621 ], [ -56.6964, -34.32702 ], [ -56.69673, -34.32736 ], [ -56.69687, -34.32806 ], [ -56.697, -34.32789 ], [ -56.69683, -34.32871 ], [ -56.69727, -34.32993 ], [ -56.69704, -34.32996 ], [ -56.69659, -34.33031 ], [ -56.69644, -34.33118 ], [ -56.69701, -34.3313 ], [ -56.69705, -34.33151 ], [ -56.69685, -34.33157 ], [ -56.69704, -34.3317 ], [ -56.69744, -34.33253 ], [ -56.69761, -34.33263 ], [ -56.69698, -34.33298 ], [ -56.69461, -34.33366 ], [ -56.69422, -34.33367 ], [ -56.6938, -34.33336 ], [ -56.69251, -34.33387 ], [ -56.69099, -34.33401 ], [ -56.69029, -34.33396 ], [ -56.69011, -34.33428 ], [ -56.69047, -34.33485 ], [ -56.6914, -34.33586 ], [ -56.69284, -34.3365 ], [ -56.69361, -34.33671 ], [ -56.69373, -34.33667 ], [ -56.69362, -34.33633 ], [ -56.69321, -34.33613 ], [ -56.69361, -34.3361 ], [ -56.69376, -34.33593 ], [ -56.69403, -34.33542 ], [ -56.69406, -34.33477 ], [ -56.69398, -34.33462 ], [ -56.69374, -34.33456 ], [ -56.69401, -34.33455 ], [ -56.69415, -34.33428 ], [ -56.69412, -34.33458 ], [ -56.69432, -34.33458 ], [ -56.69453, -34.33382 ], [ -56.69737, -34.33329 ], [ -56.69729, -34.33357 ], [ -56.69747, -34.33357 ], [ -56.69769, -34.33383 ], [ -56.6978, -34.33492 ], [ -56.69827, -34.3353 ], [ -56.69816, -34.33532 ], [ -56.69832, -34.3355 ], [ -56.69872, -34.3357 ], [ -56.69881, -34.33607 ], [ -56.69924, -34.33645 ], [ -56.69854, -34.33784 ], [ -56.69856, -34.33823 ], [ -56.69886, -34.33839 ], [ -56.69905, -34.33875 ], [ -56.69886, -34.33901 ], [ -56.69871, -34.34008 ], [ -56.69875, -34.34034 ], [ -56.69896, -34.34041 ], [ -56.69863, -34.34054 ], [ -56.69841, -34.34079 ], [ -56.69836, -34.34067 ], [ -56.69796, -34.3408 ], [ -56.69763, -34.34114 ], [ -56.69662, -34.34115 ], [ -56.69707, -34.3412 ], [ -56.69753, -34.34149 ], [ -56.6978, -34.34246 ], [ -56.69878, -34.34297 ], [ -56.69907, -34.3433 ], [ -56.69913, -34.34415 ], [ -56.699, -34.34502 ], [ -56.70038, -34.34621 ], [ -56.70201, -34.34592 ], [ -56.70273, -34.34566 ], [ -56.70347, -34.34516 ], [ -56.70392, -34.34517 ], [ -56.70402, -34.34556 ], [ -56.7042, -34.34572 ], [ -56.70415, -34.34642 ], [ -56.70367, -34.3468 ], [ -56.70366, -34.34719 ], [ -56.70427, -34.34796 ], [ -56.70526, -34.34864 ], [ -56.70316, -34.34834 ], [ -56.70257, -34.34872 ], [ -56.70259, -34.34916 ], [ -56.70355, -34.35067 ], [ -56.70412, -34.35136 ], [ -56.70467, -34.35178 ], [ -56.70537, -34.35186 ], [ -56.70651, -34.35146 ], [ -56.70667, -34.35129 ], [ -56.70692, -34.3513 ], [ -56.70701, -34.35163 ], [ -56.7065, -34.354 ], [ -56.70729, -34.35485 ], [ -56.7078, -34.35508 ], [ -56.70803, -34.35587 ], [ -56.70892, -34.35647 ], [ -56.70906, -34.35722 ], [ -56.70924, -34.35681 ], [ -56.70954, -34.35681 ], [ -56.70962, -34.35694 ], [ -56.7097, -34.3576 ], [ -56.70827, -34.35841 ], [ -56.7082, -34.35814 ], [ -56.70844, -34.35712 ], [ -56.70703, -34.35544 ], [ -56.70605, -34.35478 ], [ -56.70524, -34.35394 ], [ -56.70461, -34.35236 ], [ -56.70363, -34.35164 ], [ -56.70198, -34.35156 ], [ -56.70122, -34.35193 ], [ -56.69991, -34.35171 ], [ -56.69815, -34.35229 ], [ -56.69726, -34.35286 ], [ -56.69558, -34.3535 ], [ -56.69369, -34.35367 ], [ -56.69167, -34.35333 ], [ -56.69077, -34.35301 ], [ -56.69243, -34.35198 ], [ -56.69354, -34.35087 ], [ -56.69619, -34.34907 ], [ -56.69669, -34.34816 ], [ -56.69663, -34.34721 ], [ -56.69617, -34.34627 ], [ -56.69501, -34.34555 ], [ -56.69385, -34.34453 ], [ -56.69095, -34.34303 ], [ -56.6904, -34.34235 ], [ -56.69064, -34.34134 ], [ -56.68992, -34.33808 ], [ -56.68917, -34.33692 ], [ -56.68842, -34.3347 ], [ -56.68834, -34.33386 ], [ -56.68945, -34.33254 ], [ -56.68966, -34.33131 ], [ -56.68891, -34.32841 ], [ -56.68944, -34.32771 ], [ -56.69043, -34.32709 ], [ -56.69279, -34.32635 ] ] ] } },
{ "type": "Feature", "properties": { "nombre": "SO-MER_CRI-jun2019_Ro.Negro", "curso": "Río Negro", "fecha_evento": "2019-06-19", "cota_local": 8.6, "cota_oficial": 8.57, "fuentes": "Dirección Nacional de Aguas (DINAGUA) - Inundaciones y Drenaje Urbano" }, "geometry": { "type": "Polygon", "coordinates": [ [ [ -58.03922, -33.27474 ], [ -58.03977, -33.27445 ], [ -58.0413, -33.27413 ], [ -58.04199, -33.27335 ], [ -58.04173, -33.27296 ], [ -58.04185, -33.27279 ], [ -58.0426, -33.27262 ], [ -58.04391, -33.27124 ], [ -58.04538, -33.27088 ], [ -58.04583, -33.27042 ], [ -58.04657, -33.27008 ], [ -58.04653, -33.26985 ], [ -58.04618, -33.26942 ], [ -58.04618, -33.2691 ], [ -58.0474, -33.26874 ], [ -58.04757, -33.26704 ], [ -58.04832, -33.26558 ], [ -58.04904, -33.26521 ], [ -58.04919, -33.26499 ], [ -58.04904, -33.26476 ], [ -58.04884, -33.2647 ], [ -58.04845, -33.26481 ], [ -58.04813, -33.26508 ], [ -58.04779, -33.26514 ], [ -58.04771, -33.26504 ], [ -58.04769, -33.26422 ], [ -58.04751, -33.26387 ], [ -58.04698, -33.26338 ], [ -58.04731, -33.26291 ], [ -58.04711, -33.26209 ], [ -58.04686, -33.2617 ], [ -58.04613, -33.26181 ], [ -58.04594, -33.26154 ], [ -58.04608, -33.2609 ], [ -58.04602, -33.25976 ], [ -58.04502, -33.25964 ], [ -58.04471, -33.25979 ], [ -58.04451, -33.25905 ], [ -58.0442, -33.25867 ], [ -58.04397, -33.25859 ], [ -58.04325, -33.25866 ], [ -58.04279, -33.25845 ], [ -58.04219, -33.25846 ], [ -58.04151, -33.25877 ], [ -58.0419, -33.25833 ], [ -58.04288, -33.25804 ], [ -58.04411, -33.25797 ], [ -58.04537, -33.25824 ], [ -58.04594, -33.25803 ], [ -58.04633, -33.25767 ], [ -58.04751, -33.25705 ], [ -58.04792, -33.25663 ], [ -58.04854, -33.25645 ], [ -58.04882, -33.25598 ], [ -58.04976, -33.25506 ], [ -58.05051, -33.25483 ], [ -58.05095, -33.25451 ], [ -58.05111, -33.25413 ], [ -58.05189, -33.25361 ], [ -58.05191, -33.25323 ], [ -58.05123, -33.25289 ], [ -58.05109, -33.25272 ], [ -58.05068, -33.25267 ], [ -58.05052, -33.25246 ], [ -58.04859, -33.25179 ], [ -58.0485, -33.25152 ], [ -58.04881, -33.25087 ], [ -58.04877, -33.25057 ], [ -58.04843, -33.25014 ], [ -58.04742, -33.24966 ], [ -58.04629, -33.24956 ], [ -58.04539, -33.24964 ], [ -58.04517, -33.24981 ], [ -58.04443, -33.24981 ], [ -58.04415, -33.24969 ], [ -58.04388, -33.24933 ], [ -58.04339, -33.24921 ], [ -58.04303, -33.2489 ], [ -58.04187, -33.24844 ], [ -58.041, -33.2483 ], [ -58.04006, -33.24833 ], [ -58.03942, -33.24801 ], [ -58.03848, -33.2479 ], [ -58.038, -33.24769 ], [ -58.03745, -33.24771 ], [ -58.03699, -33.24743 ], [ -58.03629, -33.24767 ], [ -58.03526, -33.24764 ], [ -58.03477, -33.24722 ], [ -58.03367, -33.24678 ], [ -58.03303, -33.2471 ], [ -58.03229, -33.24688 ], [ -58.03183, -33.24642 ], [ -58.03134, -33.24626 ], [ -58.03089, -33.24585 ], [ -58.03021, -33.24578 ], [ -58.02986, -33.24558 ], [ -58.02852, -33.24595 ], [ -58.02794, -33.24664 ], [ -58.02779, -33.24699 ], [ -58.02704, -33.24751 ], [ -58.0265, -33.24763 ], [ -58.02614, -33.24755 ], [ -58.02596, -33.24711 ], [ -58.02638, -33.24616 ], [ -58.02633, -33.24519 ], [ -58.02605, -33.24492 ], [ -58.02595, -33.24458 ], [ -58.0251, -33.24401 ], [ -58.02487, -33.24356 ], [ -58.0239, -33.24322 ], [ -58.02338, -33.24274 ], [ -58.02312, -33.24273 ], [ -58.02245, -33.24314 ], [ -58.02075, -33.2437 ], [ -58.0203, -33.24397 ], [ -58.02, -33.24437 ], [ -58.01933, -33.24597 ], [ -58.01898, -33.2462 ], [ -58.01854, -33.24694 ], [ -58.01822, -33.24593 ], [ -58.01867, -33.24438 ], [ -58.01861, -33.24411 ], [ -58.01828, -33.24388 ], [ -58.01787, -33.24401 ], [ -58.01697, -33.24394 ], [ -58.01598, -33.2443 ], [ -58.0155, -33.24408 ], [ -58.01532, -33.24419 ], [ -58.01505, -33.24412 ], [ -58.01483, -33.24428 ], [ -58.01419, -33.24419 ], [ -58.01352, -33.24441 ], [ -58.01282, -33.24433 ], [ -58.01226, -33.24413 ], [ -58.01182, -33.24418 ], [ -58.01151, -33.2446 ], [ -58.01151, -33.24528 ], [ -58.01131, -33.24593 ], [ -58.01106, -33.24609 ], [ -58.0109, -33.24591 ], [ -58.01079, -33.24521 ], [ -58.01019, -33.24437 ], [ -58.0099, -33.24424 ], [ -58.00909, -33.2442 ], [ -58.01178, -33.23921 ], [ -58.01312, -33.24082 ], [ -58.01417, -33.24144 ], [ -58.01632, -33.24178 ], [ -58.01905, -33.24167 ], [ -58.0243, -33.24107 ], [ -58.02659, -33.2407 ], [ -58.03013, -33.24078 ], [ -58.03502, -33.24212 ], [ -58.04132, -33.24243 ], [ -58.04863, -33.24162 ], [ -58.05246, -33.24135 ], [ -58.05383, -33.2454 ], [ -58.05381, -33.24662 ], [ -58.05272, -33.24716 ], [ -58.05222, -33.24707 ], [ -58.05117, -33.24664 ], [ -58.05048, -33.24662 ], [ -58.04993, -33.24681 ], [ -58.04941, -33.24718 ], [ -58.04881, -33.24791 ], [ -58.04872, -33.24877 ], [ -58.04889, -33.24958 ], [ -58.04949, -33.25036 ], [ -58.05019, -33.25074 ], [ -58.05115, -33.25093 ], [ -58.05229, -33.25094 ], [ -58.05304, -33.25125 ], [ -58.0539, -33.25137 ], [ -58.05532, -33.25142 ], [ -58.0558, -33.25178 ], [ -58.05608, -33.25221 ], [ -58.0561, -33.2526 ], [ -58.0555, -33.25313 ], [ -58.0545, -33.25337 ], [ -58.05381, -33.25383 ], [ -58.04943, -33.25611 ], [ -58.04858, -33.25671 ], [ -58.04802, -33.25734 ], [ -58.04688, -33.25937 ], [ -58.04655, -33.25965 ], [ -58.04643, -33.26048 ], [ -58.04799, -33.26169 ], [ -58.04975, -33.26222 ], [ -58.05054, -33.26288 ], [ -58.05057, -33.26382 ], [ -58.05094, -33.26449 ], [ -58.05086, -33.26504 ], [ -58.05066, -33.26542 ], [ -58.04987, -33.26609 ], [ -58.04935, -33.26763 ], [ -58.0494, -33.26936 ], [ -58.04923, -33.27034 ], [ -58.04866, -33.27116 ], [ -58.04792, -33.27142 ], [ -58.04758, -33.27177 ], [ -58.04726, -33.27165 ], [ -58.04678, -33.27173 ], [ -58.04648, -33.27266 ], [ -58.04601, -33.27328 ], [ -58.0459, -33.27432 ], [ -58.04506, -33.2751 ], [ -58.04486, -33.27556 ], [ -58.04454, -33.27583 ], [ -58.03922, -33.27474 ] ] ] } },
{ "type": "Feature", "properties": { "nombre": "CO-LPZ_CRI-mar2024_Ao.de.la.Concordia", "curso": "Arroyo de la Concordia", "fecha_evento": "2024-03-17", "cota_local": null, "cota_oficial": null, "fuentes": "Sistema Nacional de Emergencias (SINAE), Dirección Nacional de Aguas (DINAGUA) - Inundaciones y Drenaje Urbano" }, "geometry": { "type": "Polygon", "coordinates": [ [ [ -57.31151, -34.33357 ], [ -57.31953, -34.33928 ], [ -57.31929, -34.33974 ], [ -57.31955, -34.34024 ], [ -57.32044, -34.34063 ], [ -57.321, -34.34074 ], [ -57.3214, -34.34114 ], [ -57.32144, -34.3414 ], [ -57.32124, -34.34174 ], [ -57.32047, -34.34209 ], [ -57.31998, -34.34286 ], [ -57.31949, -34.34309 ], [ -57.31908, -34.343 ], [ -57.3186, -34.34267 ], [ -57.31832, -34.34153 ], [ -57.31761, -34.34138 ], [ -57.31726, -34.34154 ], [ -57.31702, -34.34221 ], [ -57.31716, -34.34315 ], [ -57.31729, -34.34335 ], [ -57.318, -34.34378 ], [ -57.31816, -34.34426 ], [ -57.3174, -34.34478 ], [ -57.31684, -34.34465 ], [ -57.31618, -34.34477 ], [ -57.31583, -34.34555 ], [ -57.31718, -34.3466 ], [ -57.31831, -34.34808 ], [ -57.31983, -34.34865 ], [ -57.32052, -34.34945 ], [ -57.32084, -34.35096 ], [ -57.32161, -34.35233 ], [ -57.32179, -34.3534 ], [ -57.32177, -34.35443 ], [ -57.32119, -34.35497 ], [ -57.32104, -34.3557 ], [ -57.32066, -34.35619 ], [ -57.32077, -34.35637 ], [ -57.32183, -34.35678 ], [ -57.32194, -34.35753 ], [ -57.32179, -34.35902 ], [ -57.32158, -34.35935 ], [ -57.32065, -34.35987 ], [ -57.31988, -34.36055 ], [ -57.31714, -34.36218 ], [ -57.31614, -34.36306 ], [ -57.31538, -34.36333 ], [ -57.31382, -34.36477 ], [ -57.31409, -34.36609 ], [ -57.31319, -34.36679 ], [ -57.31284, -34.36725 ], [ -57.31286, -34.36848 ], [ -57.3128, -34.36877 ], [ -57.31252, -34.36913 ], [ -57.31251, -34.36941 ], [ -57.31354, -34.36948 ], [ -57.31461, -34.36982 ], [ -57.31263, -34.37073 ], [ -57.31191, -34.37074 ], [ -57.31119, -34.37045 ], [ -57.31045, -34.37077 ], [ -57.30913, -34.37051 ], [ -57.30862, -34.36986 ], [ -57.30766, -34.36915 ], [ -57.30744, -34.36885 ], [ -57.30743, -34.3686 ], [ -57.30761, -34.36837 ], [ -57.30829, -34.36834 ], [ -57.30857, -34.36808 ], [ -57.30888, -34.3671 ], [ -57.30852, -34.36685 ], [ -57.30765, -34.36739 ], [ -57.30729, -34.36749 ], [ -57.30646, -34.36722 ], [ -57.30616, -34.36729 ], [ -57.30598, -34.36756 ], [ -57.30603, -34.36841 ], [ -57.30583, -34.36907 ], [ -57.30552, -34.36915 ], [ -57.3038, -34.36911 ], [ -57.30352, -34.36937 ], [ -57.30331, -34.36979 ], [ -57.30276, -34.37 ], [ -57.29826, -34.35877 ], [ -57.29857, -34.35796 ], [ -57.29993, -34.35814 ], [ -57.30036, -34.35837 ], [ -57.30121, -34.35819 ], [ -57.30178, -34.35822 ], [ -57.30289, -34.35771 ], [ -57.30368, -34.35764 ], [ -57.30475, -34.35727 ], [ -57.30514, -34.35698 ], [ -57.30535, -34.35664 ], [ -57.30424, -34.35614 ], [ -57.30416, -34.35576 ], [ -57.30563, -34.35539 ], [ -57.30584, -34.35518 ], [ -57.30599, -34.35461 ], [ -57.30576, -34.3541 ], [ -57.30466, -34.35382 ], [ -57.30461, -34.35353 ], [ -57.30483, -34.35314 ], [ -57.30457, -34.35321 ], [ -57.30479, -34.35299 ], [ -57.30481, -34.35258 ], [ -57.30425, -34.35159 ], [ -57.30349, -34.35112 ], [ -57.30254, -34.3512 ], [ -57.30213, -34.35111 ], [ -57.30266, -34.3506 ], [ -57.30263, -34.35022 ], [ -57.3028, -34.34993 ], [ -57.30238, -34.3488 ], [ -57.30258, -34.34857 ], [ -57.30178, -34.34794 ], [ -57.30171, -34.34755 ], [ -57.30096, -34.34659 ], [ -57.30092, -34.34632 ], [ -57.30042, -34.34608 ], [ -57.29983, -34.34554 ], [ -57.29972, -34.34558 ], [ -57.29983, -34.34542 ], [ -57.29961, -34.3451 ], [ -57.30032, -34.34572 ], [ -57.30089, -34.34569 ], [ -57.30138, -34.34535 ], [ -57.30151, -34.34488 ], [ -57.30144, -34.34429 ], [ -57.30181, -34.34392 ], [ -57.30193, -34.34355 ], [ -57.30205, -34.34329 ], [ -57.30205, -34.34332 ], [ -57.30203, -34.34334 ], [ -57.30203, -34.34339 ], [ -57.30189, -34.34389 ], [ -57.30186, -34.34472 ], [ -57.30203, -34.34536 ], [ -57.30236, -34.34605 ], [ -57.30364, -34.34742 ], [ -57.30389, -34.34785 ], [ -57.3039, -34.34832 ], [ -57.30431, -34.349 ], [ -57.30451, -34.34909 ], [ -57.30376, -34.34902 ], [ -57.30542, -34.34945 ], [ -57.30621, -34.35003 ], [ -57.30645, -34.34996 ], [ -57.30661, -34.35042 ], [ -57.3073, -34.35072 ], [ -57.30797, -34.35131 ], [ -57.30727, -34.35194 ], [ -57.30763, -34.35174 ], [ -57.30787, -34.35185 ], [ -57.30773, -34.35165 ], [ -57.30794, -34.35158 ], [ -57.30818, -34.35185 ], [ -57.30803, -34.35197 ], [ -57.3079, -34.35188 ], [ -57.30794, -34.35203 ], [ -57.30768, -34.35228 ], [ -57.30833, -34.35189 ], [ -57.30871, -34.35194 ], [ -57.30944, -34.35234 ], [ -57.30986, -34.35286 ], [ -57.31065, -34.35344 ], [ -57.31087, -34.3533 ], [ -57.31155, -34.35338 ], [ -57.31295, -34.35209 ], [ -57.31502, -34.3511 ], [ -57.31568, -34.35016 ], [ -57.31588, -34.34949 ], [ -57.31593, -34.34852 ], [ -57.31581, -34.34789 ], [ -57.31592, -34.34671 ], [ -57.3162, -34.34649 ], [ -57.31585, -34.3466 ], [ -57.31543, -34.34607 ], [ -57.31502, -34.34586 ], [ -57.31367, -34.3457 ], [ -57.31345, -34.34534 ], [ -57.31282, -34.34516 ], [ -57.31262, -34.34474 ], [ -57.31189, -34.34425 ], [ -57.31094, -34.34375 ], [ -57.31015, -34.34366 ], [ -57.31041, -34.34346 ], [ -57.31024, -34.3433 ], [ -57.31051, -34.3428 ], [ -57.31049, -34.3424 ], [ -57.31029, -34.34204 ], [ -57.30946, -34.34179 ], [ -57.3093, -34.34154 ], [ -57.30848, -34.34137 ], [ -57.30819, -34.34119 ], [ -57.30834, -34.3406 ], [ -57.30858, -34.34037 ], [ -57.30829, -34.33932 ], [ -57.30888, -34.33774 ], [ -57.30883, -34.33726 ], [ -57.30934, -34.33704 ], [ -57.31012, -34.33629 ], [ -57.31043, -34.33584 ], [ -57.31058, -34.33516 ], [ -57.31151, -34.33357 ] ] ] } },
{ "type": "Feature", "properties": { "nombre": "TT-TYT_CRI-nov2009_Ro.Olimar", "curso": "Río Olimar y Arroyo Yerbal", "fecha_evento": "2009-11-23", "cota_local": null, "cota_oficial": null, "fuentes": "Dirección Nacional de Aguas (DINAGUA) - Inundaciones y Drenaje Urbano, Centro Coordinador de Emergencias Departamentales (CECOED) - Treinta y Tres" }, "geometry": { "type": "MultiPolygon", "coordinates": [ [ [ [ -54.39565, -33.21637 ], [ -54.41557, -33.21361 ], [ -54.43109, -33.23912 ], [ -54.42845, -33.24189 ], [ -54.42544, -33.24363 ], [ -54.42197, -33.247 ], [ -54.42131, -33.24881 ], [ -54.42127, -33.24991 ], [ -54.42186, -33.25073 ], [ -54.42247, -33.25097 ], [ -54.42254, -33.25176 ], [ -54.42227, -33.25286 ], [ -54.42239, -33.25367 ], [ -54.42211, -33.25441 ], [ -54.42204, -33.25559 ], [ -54.42239, -33.25685 ], [ -54.42228, -33.25716 ], [ -54.42186, -33.25688 ], [ -54.42114, -33.25567 ], [ -54.42045, -33.25506 ], [ -54.41981, -33.25485 ], [ -54.42003, -33.25436 ], [ -54.42017, -33.2525 ], [ -54.41958, -33.25162 ], [ -54.41914, -33.24987 ], [ -54.41954, -33.24904 ], [ -54.41972, -33.24818 ], [ -54.41965, -33.24734 ], [ -54.41881, -33.24708 ], [ -54.41797, -33.24645 ], [ -54.4175, -33.24583 ], [ -54.41727, -33.24486 ], [ -54.41576, -33.24319 ], [ -54.41484, -33.24294 ], [ -54.41456, -33.24311 ], [ -54.41412, -33.2431 ], [ -54.41379, -33.24339 ], [ -54.41171, -33.24354 ], [ -54.41099, -33.24431 ], [ -54.41247, -33.24759 ], [ -54.41245, -33.24833 ], [ -54.41214, -33.24891 ], [ -54.41195, -33.25014 ], [ -54.41171, -33.25058 ], [ -54.41136, -33.2506 ], [ -54.4105, -33.24977 ], [ -54.41013, -33.24922 ], [ -54.40907, -33.24678 ], [ -54.40816, -33.2461 ], [ -54.40749, -33.24604 ], [ -54.40646, -33.24622 ], [ -54.40554, -33.24694 ], [ -54.40535, -33.24696 ], [ -54.40505, -33.24686 ], [ -54.40441, -33.24587 ], [ -54.40416, -33.24595 ], [ -54.40523, -33.24767 ], [ -54.40535, -33.24816 ], [ -54.40526, -33.24858 ], [ -54.40454, -33.24892 ], [ -54.40431, -33.24893 ], [ -54.40377, -33.24856 ], [ -54.40143, -33.24658 ], [ -54.4013, -33.24668 ], [ -54.40374, -33.24876 ], [ -54.4038, -33.24931 ], [ -54.40358, -33.24987 ], [ -54.40305, -33.25 ], [ -54.4018, -33.24907 ], [ -54.40115, -33.24879 ], [ -54.40033, -33.2488 ], [ -54.39815, -33.25034 ], [ -54.39767, -33.25159 ], [ -54.39817, -33.25293 ], [ -54.39846, -33.25332 ], [ -54.39966, -33.25395 ], [ -54.4002, -33.25402 ], [ -54.40176, -33.25455 ], [ -54.40169, -33.25506 ], [ -54.40049, -33.2559 ], [ -54.39939, -33.25601 ], [ -54.39803, -33.25589 ], [ -54.3961, -33.25607 ], [ -54.39506, -33.25708 ], [ -54.39499, -33.25767 ], [ -54.39533, -33.2579 ], [ -54.39475, -33.25912 ], [ -54.39356, -33.25988 ], [ -54.39311, -33.26065 ], [ -54.38097, -33.26039 ], [ -54.38076, -33.26078 ], [ -54.37484, -33.26025 ], [ -54.3748, -33.25991 ], [ -54.37536, -33.2599 ], [ -54.37596, -33.25869 ], [ -54.37592, -33.25686 ], [ -54.37554, -33.25672 ], [ -54.37554, -33.25656 ], [ -54.37596, -33.25627 ], [ -54.37601, -33.25577 ], [ -54.37595, -33.25543 ], [ -54.37543, -33.25472 ], [ -54.37488, -33.25416 ], [ -54.37446, -33.25397 ], [ -54.37412, -33.253 ], [ -54.37437, -33.25228 ], [ -54.37418, -33.25202 ], [ -54.37366, -33.25188 ], [ -54.37353, -33.25161 ], [ -54.37373, -33.25117 ], [ -54.37457, -33.25037 ], [ -54.37468, -33.24962 ], [ -54.3742, -33.24811 ], [ -54.37263, -33.2472 ], [ -54.37232, -33.24683 ], [ -54.37237, -33.24608 ], [ -54.37261, -33.24566 ], [ -54.37323, -33.24541 ], [ -54.37372, -33.24501 ], [ -54.37396, -33.24501 ], [ -54.37457, -33.24538 ], [ -54.37473, -33.24566 ], [ -54.37484, -33.2464 ], [ -54.37719, -33.24853 ], [ -54.37763, -33.24913 ], [ -54.37769, -33.24968 ], [ -54.37706, -33.2503 ], [ -54.37714, -33.25119 ], [ -54.37691, -33.25216 ], [ -54.37702, -33.25259 ], [ -54.37715, -33.2528 ], [ -54.37773, -33.25312 ], [ -54.3782, -33.25317 ], [ -54.37852, -33.25308 ], [ -54.37902, -33.25255 ], [ -54.38002, -33.25181 ], [ -54.38074, -33.25089 ], [ -54.3812, -33.25051 ], [ -54.38134, -33.25002 ], [ -54.38179, -33.24979 ], [ -54.38237, -33.24908 ], [ -54.38253, -33.24801 ], [ -54.38341, -33.24751 ], [ -54.38439, -33.24599 ], [ -54.38527, -33.24559 ], [ -54.38554, -33.24529 ], [ -54.38606, -33.24504 ], [ -54.38685, -33.24428 ], [ -54.38715, -33.24417 ], [ -54.38798, -33.24299 ], [ -54.38847, -33.24265 ], [ -54.38858, -33.24164 ], [ -54.38896, -33.24139 ], [ -54.38954, -33.24122 ], [ -54.39063, -33.24051 ], [ -54.39177, -33.24028 ], [ -54.39218, -33.2403 ], [ -54.39301, -33.24044 ], [ -54.39402, -33.24078 ], [ -54.39512, -33.24147 ], [ -54.39854, -33.24442 ], [ -54.39869, -33.2443 ], [ -54.39463, -33.24093 ], [ -54.39297, -33.24029 ], [ -54.39182, -33.24014 ], [ -54.39068, -33.24016 ], [ -54.39065, -33.23988 ], [ -54.39266, -33.23875 ], [ -54.39253, -33.23845 ], [ -54.39396, -33.23782 ], [ -54.39537, -33.23795 ], [ -54.39597, -33.23771 ], [ -54.39675, -33.23768 ], [ -54.39725, -33.23724 ], [ -54.39831, -33.23712 ], [ -54.39863, -33.23673 ], [ -54.39984, -33.23675 ], [ -54.40058, -33.23658 ], [ -54.40121, -33.23671 ], [ -54.40214, -33.2365 ], [ -54.40236, -33.23639 ], [ -54.40292, -33.23554 ], [ -54.40462, -33.23534 ], [ -54.40509, -33.23513 ], [ -54.40543, -33.23472 ], [ -54.40635, -33.23412 ], [ -54.40646, -33.23298 ], [ -54.40678, -33.23204 ], [ -54.40682, -33.23087 ], [ -54.40713, -33.22997 ], [ -54.40714, -33.22969 ], [ -54.40685, -33.22928 ], [ -54.4061, -33.22901 ], [ -54.4052, -33.22894 ], [ -54.4048, -33.22908 ], [ -54.40293, -33.2292 ], [ -54.40112, -33.22838 ], [ -54.40052, -33.22842 ], [ -54.39983, -33.22879 ], [ -54.39911, -33.22941 ], [ -54.39876, -33.22935 ], [ -54.39844, -33.2289 ], [ -54.39808, -33.22795 ], [ -54.39646, -33.22704 ], [ -54.39378, -33.22404 ], [ -54.39388, -33.22385 ], [ -54.39441, -33.22394 ], [ -54.39578, -33.22342 ], [ -54.39624, -33.22351 ], [ -54.39656, -33.22308 ], [ -54.39657, -33.22289 ], [ -54.39622, -33.22228 ], [ -54.39567, -33.22187 ], [ -54.39379, -33.2212 ], [ -54.39196, -33.22153 ], [ -54.3917, -33.22115 ], [ -54.39016, -33.21789 ], [ -54.39159, -33.21714 ], [ -54.39565, -33.21637 ] ] ], [ [ [ -54.37443, -33.24068 ], [ -54.37367, -33.24009 ], [ -54.37319, -33.23962 ], [ -54.37313, -33.2394 ], [ -54.37449, -33.2399 ], [ -54.37485, -33.24021 ], [ -54.37569, -33.2415 ], [ -54.37593, -33.24226 ], [ -54.37605, -33.24329 ], [ -54.37586, -33.24381 ], [ -54.3741, -33.24483 ], [ -54.37469, -33.24431 ], [ -54.37516, -33.24408 ], [ -54.37554, -33.24308 ], [ -54.37535, -33.24236 ], [ -54.37443, -33.24068 ] ] ] ] } },
{ "type": "Feature", "properties": { "nombre": "CA-ACS_CRI-mar2024_Ro.Santa-Lucía", "curso": "Río Santa Lucía", "fecha_evento": "2024-03-24", "cota_local": null, "cota_oficial": null, "fuentes": "Centro Coordinador de Emergencias Departamentales (CECOED) - Canelones, Fuerza Aérea Uruguaya - Servicio de Sensores Remotos Aeroespaciales" }, "geometry": { "type": "Polygon", "coordinates": [ [ [ -56.38614, -34.51435 ], [ -56.39206, -34.51085 ], [ -56.39278, -34.51126 ], [ -56.39416, -34.51134 ], [ -56.39492, -34.51184 ], [ -56.39556, -34.51263 ], [ -56.39591, -34.51397 ], [ -56.39608, -34.51417 ], [ -56.39766, -34.51399 ], [ -56.39839, -34.51342 ], [ -56.39899, -34.51327 ], [ -56.39983, -34.51358 ], [ -56.40052, -34.51365 ], [ -56.40149, -34.51435 ], [ -56.40193, -34.51539 ], [ -56.40205, -34.51718 ], [ -56.4023, -34.51788 ], [ -56.40398, -34.52041 ], [ -56.40461, -34.52204 ], [ -56.40476, -34.52345 ], [ -56.4046, -34.52451 ], [ -56.4042, -34.52524 ], [ -56.40245, -34.5268 ], [ -56.40231, -34.52747 ], [ -56.40289, -34.52859 ], [ -56.40421, -34.53005 ], [ -56.40454, -34.5306 ], [ -56.40226, -34.53181 ], [ -56.4019, -34.53129 ], [ -56.40151, -34.5312 ], [ -56.40145, -34.53095 ], [ -56.40092, -34.53073 ], [ -56.4005, -34.5303 ], [ -56.39951, -34.53061 ], [ -56.39927, -34.53015 ], [ -56.39927, -34.52987 ], [ -56.39952, -34.52952 ], [ -56.39945, -34.52922 ], [ -56.39966, -34.52913 ], [ -56.39967, -34.529 ], [ -56.39987, -34.52923 ], [ -56.40012, -34.5291 ], [ -56.39974, -34.52892 ], [ -56.39979, -34.52788 ], [ -56.39965, -34.52767 ], [ -56.3993, -34.5276 ], [ -56.39945, -34.52723 ], [ -56.39918, -34.5272 ], [ -56.39942, -34.52707 ], [ -56.39922, -34.52704 ], [ -56.3994, -34.52679 ], [ -56.3992, -34.52664 ], [ -56.39888, -34.52665 ], [ -56.39901, -34.52659 ], [ -56.39908, -34.5262 ], [ -56.39888, -34.52606 ], [ -56.39897, -34.52586 ], [ -56.39799, -34.52456 ], [ -56.39798, -34.52417 ], [ -56.39817, -34.52399 ], [ -56.39803, -34.52386 ], [ -56.39781, -34.52396 ], [ -56.39798, -34.52383 ], [ -56.39767, -34.52396 ], [ -56.3981, -34.52362 ], [ -56.39795, -34.52365 ], [ -56.39782, -34.52336 ], [ -56.39758, -34.52335 ], [ -56.39743, -34.52318 ], [ -56.39702, -34.52306 ], [ -56.39685, -34.52311 ], [ -56.39703, -34.52301 ], [ -56.39686, -34.52303 ], [ -56.397, -34.52282 ], [ -56.3967, -34.52244 ], [ -56.39671, -34.52222 ], [ -56.39642, -34.52206 ], [ -56.39652, -34.52187 ], [ -56.3963, -34.52192 ], [ -56.39607, -34.52105 ], [ -56.39566, -34.52131 ], [ -56.39584, -34.52113 ], [ -56.39582, -34.52066 ], [ -56.39527, -34.51989 ], [ -56.39538, -34.51946 ], [ -56.3947, -34.5188 ], [ -56.39495, -34.51894 ], [ -56.39566, -34.51853 ], [ -56.39511, -34.51789 ], [ -56.39502, -34.51793 ], [ -56.39502, -34.51763 ], [ -56.39486, -34.51768 ], [ -56.39488, -34.51753 ], [ -56.39462, -34.51735 ], [ -56.39386, -34.51776 ], [ -56.39354, -34.51775 ], [ -56.39352, -34.518 ], [ -56.393, -34.5183 ], [ -56.39282, -34.51865 ], [ -56.39253, -34.5187 ], [ -56.39239, -34.519 ], [ -56.39239, -34.51874 ], [ -56.39222, -34.51888 ], [ -56.3916, -34.51882 ], [ -56.39133, -34.51908 ], [ -56.39088, -34.51917 ], [ -56.39064, -34.51909 ], [ -56.38994, -34.51944 ], [ -56.38929, -34.51942 ], [ -56.38955, -34.51989 ], [ -56.38944, -34.51985 ], [ -56.38945, -34.51996 ], [ -56.38929, -34.51986 ], [ -56.38931, -34.52004 ], [ -56.38901, -34.52006 ], [ -56.38869, -34.52029 ], [ -56.3888, -34.5204 ], [ -56.38891, -34.52032 ], [ -56.38896, -34.52099 ], [ -56.38889, -34.52123 ], [ -56.38869, -34.52131 ], [ -56.38875, -34.52153 ], [ -56.38852, -34.52203 ], [ -56.38844, -34.52198 ], [ -56.38849, -34.52217 ], [ -56.3881, -34.52211 ], [ -56.38816, -34.52223 ], [ -56.38799, -34.52232 ], [ -56.38759, -34.52206 ], [ -56.38733, -34.52223 ], [ -56.38726, -34.52212 ], [ -56.38678, -34.52206 ], [ -56.38713, -34.52111 ], [ -56.38684, -34.5207 ], [ -56.38656, -34.52064 ], [ -56.38577, -34.52078 ], [ -56.38527, -34.5207 ], [ -56.38496, -34.52094 ], [ -56.38427, -34.52096 ], [ -56.38401, -34.52126 ], [ -56.38368, -34.52114 ], [ -56.38335, -34.5212 ], [ -56.3821, -34.52161 ], [ -56.38168, -34.52206 ], [ -56.3817, -34.52222 ], [ -56.38078, -34.52266 ], [ -56.38095, -34.52243 ], [ -56.38066, -34.52234 ], [ -56.38006, -34.52265 ], [ -56.38051, -34.52232 ], [ -56.38108, -34.5223 ], [ -56.38157, -34.52198 ], [ -56.38177, -34.52094 ], [ -56.38238, -34.52048 ], [ -56.38255, -34.52003 ], [ -56.38281, -34.51997 ], [ -56.38284, -34.51983 ], [ -56.3832, -34.51997 ], [ -56.38327, -34.51982 ], [ -56.3834, -34.51993 ], [ -56.3837, -34.51973 ], [ -56.38355, -34.51937 ], [ -56.38371, -34.51925 ], [ -56.38486, -34.51897 ], [ -56.38514, -34.51877 ], [ -56.38536, -34.5188 ], [ -56.38553, -34.51838 ], [ -56.3859, -34.51827 ], [ -56.38633, -34.51866 ], [ -56.38654, -34.51867 ], [ -56.38681, -34.51837 ], [ -56.38687, -34.51804 ], [ -56.38662, -34.5179 ], [ -56.38581, -34.51813 ], [ -56.38534, -34.51786 ], [ -56.38553, -34.51766 ], [ -56.38546, -34.51754 ], [ -56.38495, -34.51747 ], [ -56.38447, -34.51762 ], [ -56.38481, -34.51716 ], [ -56.38481, -34.51696 ], [ -56.38537, -34.51651 ], [ -56.38527, -34.51641 ], [ -56.38549, -34.51608 ], [ -56.38543, -34.51571 ], [ -56.38558, -34.51562 ], [ -56.38548, -34.51549 ], [ -56.38581, -34.51489 ], [ -56.38565, -34.51476 ], [ -56.38614, -34.51435 ] ] ] } },
{ "type": "Feature", "properties": { "nombre": "CL-MLO-CRI-1958_Ao.Conventos", "curso": "Arroyo Conventos, Arroyo del Sauce", "fecha_evento": "1958-01-01", "cota_local": null, "cota_oficial": 98.34, "fuentes": "Intendencia Departamental de Cerro Largo" }, "geometry": { "type": "Polygon", "coordinates": [ [ [ -54.18137, -32.3483 ], [ -54.1818, -32.34902 ], [ -54.18164, -32.34942 ], [ -54.1818, -32.35011 ], [ -54.18225, -32.35022 ], [ -54.18228, -32.35054 ], [ -54.18211, -32.35084 ], [ -54.18226, -32.35129 ], [ -54.18172, -32.35168 ], [ -54.18073, -32.35204 ], [ -54.18056, -32.35223 ], [ -54.18088, -32.35243 ], [ -54.18183, -32.3527 ], [ -54.18147, -32.35308 ], [ -54.18107, -32.35324 ], [ -54.18103, -32.35358 ], [ -54.18153, -32.35426 ], [ -54.1818, -32.3544 ], [ -54.18203, -32.35439 ], [ -54.18213, -32.35463 ], [ -54.18267, -32.35509 ], [ -54.18295, -32.35572 ], [ -54.18349, -32.35583 ], [ -54.18356, -32.35603 ], [ -54.18336, -32.35666 ], [ -54.18303, -32.35693 ], [ -54.18288, -32.3573 ], [ -54.183, -32.35764 ], [ -54.18318, -32.35778 ], [ -54.1839, -32.35778 ], [ -54.18343, -32.35838 ], [ -54.18302, -32.3585 ], [ -54.18247, -32.35838 ], [ -54.18221, -32.35862 ], [ -54.18228, -32.35932 ], [ -54.18275, -32.35988 ], [ -54.18363, -32.35992 ], [ -54.18411, -32.36075 ], [ -54.18511, -32.36203 ], [ -54.18537, -32.36214 ], [ -54.18657, -32.36214 ], [ -54.18737, -32.36235 ], [ -54.18751, -32.3625 ], [ -54.18815, -32.36254 ], [ -54.18825, -32.36307 ], [ -54.18857, -32.36345 ], [ -54.18913, -32.36371 ], [ -54.18948, -32.3645 ], [ -54.1885, -32.36516 ], [ -54.18776, -32.36419 ], [ -54.18707, -32.36384 ], [ -54.18638, -32.36383 ], [ -54.18599, -32.36398 ], [ -54.18555, -32.36452 ], [ -54.18508, -32.36555 ], [ -54.18512, -32.36639 ], [ -54.18562, -32.36653 ], [ -54.18612, -32.36687 ], [ -54.1863, -32.36726 ], [ -54.18629, -32.36758 ], [ -54.18564, -32.36824 ], [ -54.18557, -32.36903 ], [ -54.18489, -32.36959 ], [ -54.18304, -32.37205 ], [ -54.18231, -32.37404 ], [ -54.18129, -32.37557 ], [ -54.18022, -32.3767 ], [ -54.17794, -32.37784 ], [ -54.17732, -32.37833 ], [ -54.17603, -32.3804 ], [ -54.17583, -32.38119 ], [ -54.17498, -32.38249 ], [ -54.17425, -32.38317 ], [ -54.173, -32.38497 ], [ -54.17277, -32.38517 ], [ -54.17214, -32.38532 ], [ -54.17004, -32.38712 ], [ -54.1694, -32.38813 ], [ -54.16928, -32.38883 ], [ -54.16794, -32.3888 ], [ -54.16801, -32.38808 ], [ -54.1678, -32.38732 ], [ -54.16786, -32.38714 ], [ -54.16811, -32.38693 ], [ -54.1684, -32.38692 ], [ -54.16865, -32.38664 ], [ -54.16916, -32.38563 ], [ -54.17012, -32.38435 ], [ -54.17084, -32.38388 ], [ -54.17113, -32.38389 ], [ -54.17153, -32.38353 ], [ -54.17147, -32.38333 ], [ -54.17128, -32.38329 ], [ -54.17017, -32.38364 ], [ -54.16907, -32.38439 ], [ -54.16842, -32.38435 ], [ -54.16841, -32.38402 ], [ -54.16892, -32.38348 ], [ -54.16896, -32.38298 ], [ -54.16943, -32.38273 ], [ -54.16933, -32.38226 ], [ -54.16941, -32.38182 ], [ -54.16984, -32.38143 ], [ -54.17091, -32.38094 ], [ -54.17107, -32.38068 ], [ -54.17144, -32.3805 ], [ -54.17179, -32.38051 ], [ -54.17197, -32.38027 ], [ -54.17247, -32.38023 ], [ -54.17311, -32.37993 ], [ -54.17325, -32.37955 ], [ -54.17303, -32.37857 ], [ -54.17333, -32.37833 ], [ -54.17411, -32.37807 ], [ -54.17443, -32.37761 ], [ -54.17449, -32.37718 ], [ -54.1747, -32.37688 ], [ -54.17443, -32.3764 ], [ -54.17427, -32.37558 ], [ -54.17492, -32.37563 ], [ -54.17547, -32.37495 ], [ -54.17588, -32.37497 ], [ -54.17627, -32.37469 ], [ -54.17653, -32.37477 ], [ -54.17702, -32.37467 ], [ -54.17724, -32.37439 ], [ -54.17868, -32.37409 ], [ -54.17947, -32.37353 ], [ -54.18026, -32.37321 ], [ -54.1805, -32.37296 ], [ -54.17944, -32.37211 ], [ -54.1781, -32.3723 ], [ -54.17838, -32.37194 ], [ -54.17829, -32.37145 ], [ -54.17891, -32.371 ], [ -54.17943, -32.37097 ], [ -54.1795, -32.37127 ], [ -54.17985, -32.37091 ], [ -54.17986, -32.37059 ], [ -54.17933, -32.37051 ], [ -54.17951, -32.37003 ], [ -54.17988, -32.37007 ], [ -54.18025, -32.37034 ], [ -54.18102, -32.37027 ], [ -54.18124, -32.36992 ], [ -54.18113, -32.36961 ], [ -54.18121, -32.36941 ], [ -54.18169, -32.36911 ], [ -54.18182, -32.36859 ], [ -54.18326, -32.36867 ], [ -54.18332, -32.36877 ], [ -54.18309, -32.36891 ], [ -54.18357, -32.36923 ], [ -54.18383, -32.36872 ], [ -54.18341, -32.36858 ], [ -54.18216, -32.36853 ], [ -54.18169, -32.36841 ], [ -54.18093, -32.36802 ], [ -54.1803, -32.36728 ], [ -54.17904, -32.36686 ], [ -54.17863, -32.36651 ], [ -54.17833, -32.36655 ], [ -54.17799, -32.36704 ], [ -54.17767, -32.36723 ], [ -54.1769, -32.36726 ], [ -54.17659, -32.36769 ], [ -54.17676, -32.36781 ], [ -54.17644, -32.36801 ], [ -54.17625, -32.36799 ], [ -54.17572, -32.36766 ], [ -54.17582, -32.36701 ], [ -54.17518, -32.36641 ], [ -54.17509, -32.36612 ], [ -54.17518, -32.36592 ], [ -54.17504, -32.36574 ], [ -54.17445, -32.36552 ], [ -54.17347, -32.3655 ], [ -54.17297, -32.36514 ], [ -54.1729, -32.36461 ], [ -54.17252, -32.36447 ], [ -54.17231, -32.36374 ], [ -54.17181, -32.36368 ], [ -54.17151, -32.36316 ], [ -54.17104, -32.36307 ], [ -54.17089, -32.36291 ], [ -54.16992, -32.36252 ], [ -54.16949, -32.3626 ], [ -54.16916, -32.36284 ], [ -54.16879, -32.36286 ], [ -54.16853, -32.36301 ], [ -54.1678, -32.36306 ], [ -54.1677, -32.36324 ], [ -54.16778, -32.36347 ], [ -54.16766, -32.36354 ], [ -54.16716, -32.36327 ], [ -54.16706, -32.36302 ], [ -54.16621, -32.36219 ], [ -54.16517, -32.36228 ], [ -54.16449, -32.36262 ], [ -54.16433, -32.36312 ], [ -54.1642, -32.36328 ], [ -54.16402, -32.3633 ], [ -54.16429, -32.36298 ], [ -54.16435, -32.36262 ], [ -54.16495, -32.36224 ], [ -54.16678, -32.36196 ], [ -54.16679, -32.36162 ], [ -54.16706, -32.36109 ], [ -54.16696, -32.36055 ], [ -54.16713, -32.35993 ], [ -54.16702, -32.35945 ], [ -54.16847, -32.35887 ], [ -54.16881, -32.35822 ], [ -54.16876, -32.35765 ], [ -54.16891, -32.3574 ], [ -54.16911, -32.35732 ], [ -54.16921, -32.35702 ], [ -54.17027, -32.35668 ], [ -54.1704, -32.35619 ], [ -54.17058, -32.35606 ], [ -54.17091, -32.35603 ], [ -54.17112, -32.35584 ], [ -54.17111, -32.35562 ], [ -54.1708, -32.35533 ], [ -54.17066, -32.35489 ], [ -54.17079, -32.35395 ], [ -54.17056, -32.35361 ], [ -54.17055, -32.35299 ], [ -54.17071, -32.35271 ], [ -54.17017, -32.35234 ], [ -54.17033, -32.35202 ], [ -54.17076, -32.35175 ], [ -54.17091, -32.35151 ], [ -54.1704, -32.35078 ], [ -54.1699, -32.35062 ], [ -54.16936, -32.35063 ], [ -54.1693, -32.35042 ], [ -54.16941, -32.35025 ], [ -54.16976, -32.35013 ], [ -54.17083, -32.35022 ], [ -54.1711, -32.35009 ], [ -54.17146, -32.34959 ], [ -54.17226, -32.3496 ], [ -54.17279, -32.34936 ], [ -54.17241, -32.34885 ], [ -54.17235, -32.34815 ], [ -54.18137, -32.3483 ] ] ] } },
{ "type": "Feature", "properties": { "nombre": "CO-ROA_CRI_mar2024_Ao.Colla", "curso": "Arroyo Colla", "fecha_evento": "2024-03-17", "cota_local": null, "cota_oficial": null, "fuentes": "Sistema Nacional de Emergencias (SINAE), Dirección Nacional de Aguas (DINAGUA) - Inundaciones y Drenaje Urbano" }, "geometry": { "type": "Polygon", "coordinates": [ [ [ -57.35673, -34.30149 ], [ -57.35693, -34.30145 ], [ -57.35676, -34.30155 ], [ -57.35711, -34.30175 ], [ -57.35727, -34.3022 ], [ -57.35678, -34.30226 ], [ -57.35709, -34.30246 ], [ -57.3568, -34.30238 ], [ -57.3556, -34.30285 ], [ -57.35594, -34.3028 ], [ -57.35546, -34.30304 ], [ -57.35549, -34.30314 ], [ -57.35514, -34.30347 ], [ -57.35562, -34.30476 ], [ -57.35546, -34.30513 ], [ -57.35508, -34.30531 ], [ -57.35511, -34.30542 ], [ -57.35426, -34.30573 ], [ -57.35441, -34.30585 ], [ -57.35484, -34.30573 ], [ -57.35469, -34.3058 ], [ -57.35493, -34.30582 ], [ -57.35506, -34.30653 ], [ -57.3549, -34.30665 ], [ -57.3551, -34.30663 ], [ -57.35465, -34.30684 ], [ -57.35484, -34.30679 ], [ -57.35475, -34.30708 ], [ -57.355, -34.30766 ], [ -57.35543, -34.30776 ], [ -57.35529, -34.30781 ], [ -57.35509, -34.30775 ], [ -57.35501, -34.30786 ], [ -57.35457, -34.30692 ], [ -57.35464, -34.30685 ], [ -57.35441, -34.30662 ], [ -57.35426, -34.30665 ], [ -57.35433, -34.30686 ], [ -57.35372, -34.30663 ], [ -57.354, -34.30646 ], [ -57.35317, -34.30597 ], [ -57.35291, -34.30562 ], [ -57.35269, -34.30565 ], [ -57.35265, -34.30554 ], [ -57.35279, -34.30549 ], [ -57.35258, -34.30539 ], [ -57.35088, -34.30523 ], [ -57.34963, -34.30561 ], [ -57.34924, -34.306 ], [ -57.34849, -34.306 ], [ -57.34815, -34.30588 ], [ -57.3473, -34.30652 ], [ -57.34699, -34.30716 ], [ -57.34631, -34.30741 ], [ -57.34587, -34.30775 ], [ -57.34577, -34.308 ], [ -57.34616, -34.309 ], [ -57.34611, -34.30942 ], [ -57.34625, -34.30942 ], [ -57.34635, -34.30968 ], [ -57.34622, -34.30944 ], [ -57.34573, -34.30955 ], [ -57.34581, -34.30948 ], [ -57.34541, -34.30922 ], [ -57.34508, -34.30933 ], [ -57.34452, -34.31039 ], [ -57.34447, -34.3112 ], [ -57.3441, -34.31134 ], [ -57.34364, -34.3129 ], [ -57.34293, -34.31371 ], [ -57.34289, -34.31427 ], [ -57.34246, -34.31477 ], [ -57.34233, -34.31477 ], [ -57.34219, -34.31517 ], [ -57.34194, -34.31481 ], [ -57.34224, -34.31598 ], [ -57.34229, -34.3155 ], [ -57.34259, -34.31588 ], [ -57.34279, -34.31586 ], [ -57.34284, -34.31562 ], [ -57.34292, -34.31572 ], [ -57.34322, -34.3156 ], [ -57.34347, -34.31578 ], [ -57.34341, -34.31604 ], [ -57.34366, -34.31596 ], [ -57.34334, -34.31522 ], [ -57.34371, -34.31593 ], [ -57.3436, -34.31604 ], [ -57.3433, -34.31615 ], [ -57.34326, -34.31631 ], [ -57.34375, -34.31619 ], [ -57.34325, -34.31643 ], [ -57.34333, -34.317 ], [ -57.34322, -34.31684 ], [ -57.34322, -34.31698 ], [ -57.34285, -34.3173 ], [ -57.34225, -34.31754 ], [ -57.34225, -34.31791 ], [ -57.3416, -34.31824 ], [ -57.34162, -34.31928 ], [ -57.34179, -34.31963 ], [ -57.34191, -34.31949 ], [ -57.34176, -34.31948 ], [ -57.34169, -34.31911 ], [ -57.3418, -34.31948 ], [ -57.34192, -34.31943 ], [ -57.34176, -34.31822 ], [ -57.34206, -34.31934 ], [ -57.34228, -34.31938 ], [ -57.34213, -34.31943 ], [ -57.34205, -34.31939 ], [ -57.34201, -34.31951 ], [ -57.34373, -34.31933 ], [ -57.34424, -34.31918 ], [ -57.34425, -34.31898 ], [ -57.34444, -34.3191 ], [ -57.34454, -34.31898 ], [ -57.34463, -34.31915 ], [ -57.34511, -34.31941 ], [ -57.34626, -34.31951 ], [ -57.34645, -34.31981 ], [ -57.34664, -34.31982 ], [ -57.34716, -34.32029 ], [ -57.34838, -34.32063 ], [ -57.34825, -34.32073 ], [ -57.34857, -34.32079 ], [ -57.34904, -34.32064 ], [ -57.3491, -34.32073 ], [ -57.34928, -34.32053 ], [ -57.34961, -34.32042 ], [ -57.34925, -34.32118 ], [ -57.34955, -34.32176 ], [ -57.34957, -34.32242 ], [ -57.34919, -34.32319 ], [ -57.34938, -34.32325 ], [ -57.34943, -34.32314 ], [ -57.34982, -34.32346 ], [ -57.35054, -34.32347 ], [ -57.3497, -34.32352 ], [ -57.34971, -34.32362 ], [ -57.35068, -34.32358 ], [ -57.35132, -34.32388 ], [ -57.35176, -34.32473 ], [ -57.35213, -34.32467 ], [ -57.35225, -34.32477 ], [ -57.35257, -34.32472 ], [ -57.35303, -34.32484 ], [ -57.35364, -34.32466 ], [ -57.35427, -34.32468 ], [ -57.35293, -34.3249 ], [ -57.3527, -34.32479 ], [ -57.35215, -34.32485 ], [ -57.35212, -34.32476 ], [ -57.35163, -34.32486 ], [ -57.35158, -34.32456 ], [ -57.35115, -34.32393 ], [ -57.35041, -34.32369 ], [ -57.34976, -34.32394 ], [ -57.34962, -34.32385 ], [ -57.34989, -34.32378 ], [ -57.3491, -34.32368 ], [ -57.34928, -34.32336 ], [ -57.34913, -34.32324 ], [ -57.34844, -34.32405 ], [ -57.34868, -34.32422 ], [ -57.34903, -34.32388 ], [ -57.34884, -34.32415 ], [ -57.34924, -34.32452 ], [ -57.34882, -34.32447 ], [ -57.34769, -34.32393 ], [ -57.34734, -34.32427 ], [ -57.34672, -34.32416 ], [ -57.34681, -34.32443 ], [ -57.34664, -34.32423 ], [ -57.3467, -34.32442 ], [ -57.34661, -34.32429 ], [ -57.34574, -34.32481 ], [ -57.34495, -34.32574 ], [ -57.3448, -34.32614 ], [ -57.34491, -34.32663 ], [ -57.3444, -34.32656 ], [ -57.34394, -34.32677 ], [ -57.34298, -34.32791 ], [ -57.34295, -34.3282 ], [ -57.34323, -34.32849 ], [ -57.34299, -34.32923 ], [ -57.3431, -34.32925 ], [ -57.34344, -34.32852 ], [ -57.34432, -34.32902 ], [ -57.34533, -34.32992 ], [ -57.34692, -34.3322 ], [ -57.3478, -34.33276 ], [ -57.34947, -34.33311 ], [ -57.34968, -34.33306 ], [ -57.34977, -34.33319 ], [ -57.34993, -34.33313 ], [ -57.35016, -34.33321 ], [ -57.35022, -34.33338 ], [ -57.35059, -34.33345 ], [ -57.3502, -34.33344 ], [ -57.34954, -34.33318 ], [ -57.34929, -34.33328 ], [ -57.349, -34.33324 ], [ -57.34818, -34.33296 ], [ -57.34783, -34.33311 ], [ -57.34789, -34.33295 ], [ -57.34724, -34.33265 ], [ -57.34704, -34.33269 ], [ -57.34731, -34.33288 ], [ -57.34706, -34.33285 ], [ -57.34626, -34.33237 ], [ -57.34518, -34.33144 ], [ -57.34496, -34.33139 ], [ -57.34448, -34.3316 ], [ -57.34399, -34.33112 ], [ -57.34392, -34.33077 ], [ -57.34376, -34.33065 ], [ -57.34346, -34.33057 ], [ -57.34272, -34.33066 ], [ -57.3426, -34.33085 ], [ -57.34305, -34.32939 ], [ -57.34295, -34.32933 ], [ -57.34225, -34.33101 ], [ -57.34216, -34.33109 ], [ -57.34174, -34.33102 ], [ -57.34187, -34.33114 ], [ -57.34132, -34.33185 ], [ -57.3414, -34.33193 ], [ -57.34086, -34.33202 ], [ -57.34032, -34.33255 ], [ -57.32877, -34.32652 ], [ -57.3291, -34.32645 ], [ -57.32971, -34.32655 ], [ -57.33027, -34.32625 ], [ -57.33065, -34.3254 ], [ -57.33095, -34.32517 ], [ -57.33087, -34.32423 ], [ -57.33099, -34.32373 ], [ -57.33163, -34.32319 ], [ -57.33231, -34.32281 ], [ -57.33432, -34.32075 ], [ -57.33522, -34.32025 ], [ -57.33635, -34.31999 ], [ -57.33668, -34.31981 ], [ -57.33806, -34.31797 ], [ -57.33901, -34.31712 ], [ -57.34073, -34.31502 ], [ -57.34134, -34.31443 ], [ -57.34209, -34.31404 ], [ -57.34325, -34.31214 ], [ -57.34383, -34.31066 ], [ -57.34396, -34.30965 ], [ -57.34449, -34.30862 ], [ -57.34624, -34.30653 ], [ -57.34788, -34.30569 ], [ -57.3486, -34.3056 ], [ -57.34997, -34.30447 ], [ -57.35016, -34.30409 ], [ -57.34981, -34.30345 ], [ -57.34985, -34.30292 ], [ -57.35191, -34.30083 ], [ -57.35292, -34.29916 ], [ -57.35331, -34.29893 ], [ -57.35673, -34.30149 ] ] ] } },
{ "type": "Feature", "properties": { "nombre": "CO-NHA_CRI-abr2016_Ro.Rosario", "curso": "Río Rosario", "fecha_evento": "2016-04-01", "cota_local": 4.16, "cota_oficial": 3.83, "fuentes": "Dirección Nacional de Aguas (DINAGUA) - Inundaciones y Drenaje Urbano" }, "geometry": { "type": "Polygon", "coordinates": [ [ [ -57.2419, -34.27919 ], [ -57.24229, -34.27992 ], [ -57.24202, -34.28012 ], [ -57.24168, -34.2801 ], [ -57.24129, -34.28031 ], [ -57.24063, -34.28124 ], [ -57.24064, -34.28169 ], [ -57.24047, -34.2821 ], [ -57.24013, -34.28215 ], [ -57.23966, -34.28251 ], [ -57.23942, -34.28245 ], [ -57.23909, -34.28282 ], [ -57.23924, -34.28251 ], [ -57.2391, -34.28235 ], [ -57.23899, -34.28143 ], [ -57.23876, -34.28119 ], [ -57.23852, -34.28058 ], [ -57.23894, -34.2801 ], [ -57.23875, -34.27996 ], [ -57.23852, -34.27996 ], [ -57.23838, -34.27958 ], [ -57.23796, -34.27923 ], [ -57.2379, -34.27877 ], [ -57.23806, -34.27869 ], [ -57.23823, -34.27828 ], [ -57.23799, -34.27811 ], [ -57.23796, -34.27764 ], [ -57.23733, -34.27677 ], [ -57.23737, -34.2766 ], [ -57.23705, -34.27652 ], [ -57.23672, -34.27665 ], [ -57.23683, -34.27639 ], [ -57.23571, -34.27596 ], [ -57.23543, -34.27593 ], [ -57.23538, -34.2761 ], [ -57.23513, -34.2761 ], [ -57.2347, -34.27591 ], [ -57.23435, -34.27607 ], [ -57.23362, -34.27573 ], [ -57.23246, -34.27574 ], [ -57.23181, -34.27552 ], [ -57.23129, -34.27555 ], [ -57.23099, -34.27525 ], [ -57.22984, -34.27467 ], [ -57.22949, -34.27408 ], [ -57.22908, -34.27398 ], [ -57.22894, -34.27369 ], [ -57.22795, -34.27359 ], [ -57.22732, -34.27386 ], [ -57.2271, -34.2743 ], [ -57.2267, -34.27426 ], [ -57.22623, -34.27484 ], [ -57.22602, -34.27494 ], [ -57.22605, -34.27527 ], [ -57.22569, -34.27576 ], [ -57.22582, -34.27612 ], [ -57.22547, -34.2764 ], [ -57.2254, -34.27661 ], [ -57.22552, -34.27713 ], [ -57.22521, -34.27789 ], [ -57.22484, -34.27806 ], [ -57.22469, -34.27779 ], [ -57.22433, -34.27783 ], [ -57.22421, -34.27798 ], [ -57.22377, -34.27941 ], [ -57.22376, -34.28008 ], [ -57.2239, -34.2803 ], [ -57.22359, -34.28035 ], [ -57.22384, -34.28117 ], [ -57.2236, -34.28118 ], [ -57.22326, -34.28071 ], [ -57.22282, -34.28072 ], [ -57.22302, -34.28052 ], [ -57.22283, -34.28057 ], [ -57.22266, -34.28047 ], [ -57.22197, -34.2796 ], [ -57.22206, -34.27931 ], [ -57.2218, -34.27923 ], [ -57.222, -34.27888 ], [ -57.22167, -34.27896 ], [ -57.22179, -34.27877 ], [ -57.22098, -34.27885 ], [ -57.22117, -34.27939 ], [ -57.22059, -34.27985 ], [ -57.2204, -34.28035 ], [ -57.22036, -34.28085 ], [ -57.22055, -34.28109 ], [ -57.22046, -34.28149 ], [ -57.22005, -34.28174 ], [ -57.22011, -34.28202 ], [ -57.21987, -34.28286 ], [ -57.21919, -34.28327 ], [ -57.21934, -34.28383 ], [ -57.21907, -34.28416 ], [ -57.21903, -34.28441 ], [ -57.21912, -34.2848 ], [ -57.21931, -34.2849 ], [ -57.21929, -34.28513 ], [ -57.21893, -34.28506 ], [ -57.21889, -34.28579 ], [ -57.20452, -34.27189 ], [ -57.20508, -34.27161 ], [ -57.20542, -34.27162 ], [ -57.20627, -34.27181 ], [ -57.20853, -34.27201 ], [ -57.21076, -34.27203 ], [ -57.21203, -34.2725 ], [ -57.21306, -34.27244 ], [ -57.2141, -34.27279 ], [ -57.21439, -34.27369 ], [ -57.21516, -34.27435 ], [ -57.21696, -34.27483 ], [ -57.21784, -34.27531 ], [ -57.21886, -34.27508 ], [ -57.22011, -34.27524 ], [ -57.22066, -34.27519 ], [ -57.2215, -34.27497 ], [ -57.224, -34.27377 ], [ -57.22446, -34.27325 ], [ -57.22556, -34.27303 ], [ -57.22658, -34.27237 ], [ -57.22748, -34.27079 ], [ -57.22718, -34.26936 ], [ -57.22731, -34.26855 ], [ -57.22754, -34.26808 ], [ -57.22818, -34.2676 ], [ -57.22854, -34.26748 ], [ -57.22897, -34.26752 ], [ -57.23023, -34.268 ], [ -57.23104, -34.26797 ], [ -57.23158, -34.26778 ], [ -57.23255, -34.26714 ], [ -57.23326, -34.26627 ], [ -57.23573, -34.26451 ], [ -57.23812, -34.26462 ], [ -57.23872, -34.26498 ], [ -57.23986, -34.26615 ], [ -57.24054, -34.26814 ], [ -57.24125, -34.26856 ], [ -57.24343, -34.26926 ], [ -57.24453, -34.26992 ], [ -57.24545, -34.26998 ], [ -57.24611, -34.27022 ], [ -57.24664, -34.27064 ], [ -57.24705, -34.27133 ], [ -57.2419, -34.27919 ] ] ] } },
{ "type": "Feature", "properties": { "nombre": "SA-STO_CRI-dic2009_Ro.Uruguay", "curso": "Río Uruguay", "fecha_evento": "2009-12-23", "cota_local": null, "cota_oficial": null, "fuentes": "Fuerza Aérea Uruguaya - Servicio de Sensores Remotos Aeroespaciales" }, "geometry": { "type": "Polygon", "coordinates": [ [ [ -57.96518, -31.34579 ], [ -57.96702, -31.34542 ], [ -57.96724, -31.34445 ], [ -57.96604, -31.34278 ], [ -57.97293, -31.34267 ], [ -57.97246, -31.34324 ], [ -57.97306, -31.3444 ], [ -57.97438, -31.34536 ], [ -57.97409, -31.34593 ], [ -57.97321, -31.34675 ], [ -57.97329, -31.3493 ], [ -57.97354, -31.35016 ], [ -57.9742, -31.35118 ], [ -57.97534, -31.35183 ], [ -57.97647, -31.35162 ], [ -57.97663, -31.35065 ], [ -57.97746, -31.35044 ], [ -57.97805, -31.34977 ], [ -57.97906, -31.34956 ], [ -57.97994, -31.34904 ], [ -57.98017, -31.34822 ], [ -57.97975, -31.34746 ], [ -57.98022, -31.3469 ], [ -57.98129, -31.34735 ], [ -57.98196, -31.34796 ], [ -57.99314, -31.34787 ], [ -57.99363, -31.34941 ], [ -57.9948, -31.35103 ], [ -57.99641, -31.35255 ], [ -57.99726, -31.35543 ], [ -57.99641, -31.35767 ], [ -57.99794, -31.36035 ], [ -57.99799, -31.36257 ], [ -57.99601, -31.36463 ], [ -57.99339, -31.36786 ], [ -57.99275, -31.36941 ], [ -57.99177, -31.37088 ], [ -57.99012, -31.37236 ], [ -57.98867, -31.37305 ], [ -57.98781, -31.3749 ], [ -57.98573, -31.37725 ], [ -57.98519, -31.37833 ], [ -57.98437, -31.38172 ], [ -57.98352, -31.38376 ], [ -57.9839, -31.38578 ], [ -57.98406, -31.38762 ], [ -57.98569, -31.39019 ], [ -57.9881, -31.39228 ], [ -57.98936, -31.39302 ], [ -57.99108, -31.39464 ], [ -57.99452, -31.39728 ], [ -57.99671, -31.39946 ], [ -57.99877, -31.40107 ], [ -58.0014, -31.40276 ], [ -58.00232, -31.40371 ], [ -58.00416, -31.40503 ], [ -58.00722, -31.40614 ], [ -58.00821, -31.40666 ], [ -58.00132, -31.41342 ], [ -58.00123, -31.41298 ], [ -58.00157, -31.41278 ], [ -58.00157, -31.41257 ], [ -58.00137, -31.41224 ], [ -58.00075, -31.41186 ], [ -58.00073, -31.41125 ], [ -58.00058, -31.41111 ], [ -57.99989, -31.41091 ], [ -57.99877, -31.40933 ], [ -57.99785, -31.40866 ], [ -57.99746, -31.4087 ], [ -57.99736, -31.4095 ], [ -57.99692, -31.40997 ], [ -57.99654, -31.41073 ], [ -57.99664, -31.41119 ], [ -57.99705, -31.41164 ], [ -57.99707, -31.41215 ], [ -57.99744, -31.41293 ], [ -57.99801, -31.41392 ], [ -57.99814, -31.41389 ], [ -57.99746, -31.41425 ], [ -57.99735, -31.41458 ], [ -57.99526, -31.41467 ], [ -57.99517, -31.41386 ], [ -57.99447, -31.41292 ], [ -57.99264, -31.41299 ], [ -57.99238, -31.41313 ], [ -57.99219, -31.41284 ], [ -57.99249, -31.41233 ], [ -57.99338, -31.41215 ], [ -57.99351, -31.41162 ], [ -57.9941, -31.41127 ], [ -57.99385, -31.41095 ], [ -57.99259, -31.41091 ], [ -57.99223, -31.41102 ], [ -57.99188, -31.41141 ], [ -57.99157, -31.4109 ], [ -57.99189, -31.41078 ], [ -57.99229, -31.41024 ], [ -57.99226, -31.4099 ], [ -57.99256, -31.40987 ], [ -57.99276, -31.40944 ], [ -57.993, -31.40924 ], [ -57.99394, -31.40931 ], [ -57.99412, -31.40947 ], [ -57.9943, -31.40939 ], [ -57.99437, -31.40916 ], [ -57.99535, -31.40854 ], [ -57.99492, -31.40786 ], [ -57.99362, -31.40704 ], [ -57.99299, -31.40693 ], [ -57.9927, -31.40713 ], [ -57.99219, -31.40722 ], [ -57.99135, -31.40629 ], [ -57.99031, -31.40618 ], [ -57.99003, -31.40599 ], [ -57.98959, -31.40593 ], [ -57.99058, -31.4056 ], [ -57.99148, -31.4051 ], [ -57.99179, -31.4051 ], [ -57.99181, -31.40483 ], [ -57.99211, -31.40467 ], [ -57.99233, -31.40478 ], [ -57.9925, -31.40425 ], [ -57.99242, -31.40383 ], [ -57.99208, -31.40345 ], [ -57.99145, -31.40225 ], [ -57.9905, -31.40142 ], [ -57.98987, -31.40039 ], [ -57.98956, -31.40021 ], [ -57.98841, -31.40079 ], [ -57.98794, -31.40047 ], [ -57.98824, -31.4 ], [ -57.98798, -31.39948 ], [ -57.98836, -31.399 ], [ -57.98842, -31.3987 ], [ -57.9881, -31.39792 ], [ -57.98467, -31.39608 ], [ -57.98253, -31.39553 ], [ -57.98209, -31.3953 ], [ -57.9815, -31.39443 ], [ -57.9802, -31.39367 ], [ -57.97921, -31.39236 ], [ -57.97902, -31.39191 ], [ -57.97866, -31.3917 ], [ -57.9783, -31.39102 ], [ -57.97758, -31.39025 ], [ -57.97723, -31.38964 ], [ -57.97569, -31.38981 ], [ -57.97523, -31.39116 ], [ -57.97513, -31.39185 ], [ -57.97454, -31.39251 ], [ -57.97408, -31.39405 ], [ -57.97349, -31.39472 ], [ -57.97302, -31.39489 ], [ -57.97267, -31.39577 ], [ -57.97307, -31.39615 ], [ -57.97379, -31.3962 ], [ -57.97367, -31.39674 ], [ -57.97415, -31.39774 ], [ -57.97426, -31.39749 ], [ -57.97451, -31.39814 ], [ -57.97459, -31.39916 ], [ -57.97445, -31.39998 ], [ -57.9746, -31.40006 ], [ -57.97421, -31.40084 ], [ -57.97443, -31.40265 ], [ -57.97395, -31.40143 ], [ -57.97392, -31.40031 ], [ -57.97376, -31.39992 ], [ -57.97213, -31.3987 ], [ -57.97166, -31.3985 ], [ -57.9697, -31.39885 ], [ -57.96822, -31.398 ], [ -57.96736, -31.39792 ], [ -57.96706, -31.39806 ], [ -57.96713, -31.39827 ], [ -57.96624, -31.3988 ], [ -57.96559, -31.39966 ], [ -57.9646, -31.40048 ], [ -57.96439, -31.4008 ], [ -57.96461, -31.40157 ], [ -57.96548, -31.40264 ], [ -57.96514, -31.40391 ], [ -57.9639, -31.40435 ], [ -57.96317, -31.40475 ], [ -57.96275, -31.40469 ], [ -57.96264, -31.40441 ], [ -57.96332, -31.40392 ], [ -57.96364, -31.40341 ], [ -57.96388, -31.40276 ], [ -57.96381, -31.40247 ], [ -57.96339, -31.4024 ], [ -57.96335, -31.40221 ], [ -57.96288, -31.40197 ], [ -57.96256, -31.40158 ], [ -57.96214, -31.40149 ], [ -57.96191, -31.40161 ], [ -57.96047, -31.40131 ], [ -57.96033, -31.40155 ], [ -57.95994, -31.40113 ], [ -57.95951, -31.4002 ], [ -57.95804, -31.40028 ], [ -57.95777, -31.40014 ], [ -57.95742, -31.39969 ], [ -57.95639, -31.39972 ], [ -57.95622, -31.399 ], [ -57.95625, -31.39838 ], [ -57.95593, -31.39834 ], [ -57.95577, -31.39765 ], [ -57.95601, -31.39689 ], [ -57.95701, -31.3969 ], [ -57.95723, -31.39675 ], [ -57.95801, -31.39703 ], [ -57.95769, -31.39741 ], [ -57.95857, -31.3974 ], [ -57.95871, -31.39758 ], [ -57.95877, -31.39811 ], [ -57.95996, -31.39649 ], [ -57.96208, -31.3962 ], [ -57.96183, -31.39718 ], [ -57.96206, -31.39797 ], [ -57.96303, -31.39866 ], [ -57.96277, -31.39916 ], [ -57.96377, -31.3995 ], [ -57.96401, -31.39934 ], [ -57.96421, -31.39871 ], [ -57.96543, -31.3978 ], [ -57.96608, -31.39713 ], [ -57.96755, -31.39672 ], [ -57.96792, -31.39636 ], [ -57.96823, -31.39552 ], [ -57.96846, -31.39526 ], [ -57.96836, -31.39488 ], [ -57.97004, -31.39485 ], [ -57.97052, -31.39393 ], [ -57.97019, -31.39389 ], [ -57.97043, -31.39291 ], [ -57.96888, -31.39213 ], [ -57.96796, -31.39213 ], [ -57.96808, -31.39182 ], [ -57.96843, -31.39167 ], [ -57.9685, -31.39125 ], [ -57.96898, -31.3911 ], [ -57.96972, -31.39109 ], [ -57.96989, -31.39087 ], [ -57.96991, -31.39055 ], [ -57.97018, -31.39056 ], [ -57.97076, -31.39143 ], [ -57.97172, -31.39187 ], [ -57.97202, -31.39179 ], [ -57.97247, -31.39131 ], [ -57.97224, -31.39017 ], [ -57.97272, -31.38999 ], [ -57.97276, -31.38952 ], [ -57.97308, -31.38863 ], [ -57.97303, -31.38815 ], [ -57.97318, -31.38767 ], [ -57.9738, -31.38689 ], [ -57.97431, -31.38674 ], [ -57.97439, -31.38593 ], [ -57.97426, -31.38529 ], [ -57.97375, -31.38491 ], [ -57.97323, -31.38486 ], [ -57.9723, -31.38487 ], [ -57.97156, -31.38517 ], [ -57.97133, -31.38495 ], [ -57.96955, -31.38499 ], [ -57.96909, -31.3849 ], [ -57.96877, -31.38467 ], [ -57.96837, -31.38465 ], [ -57.96809, -31.38481 ], [ -57.96765, -31.38439 ], [ -57.967, -31.38483 ], [ -57.96664, -31.38492 ], [ -57.96691, -31.38373 ], [ -57.96638, -31.3836 ], [ -57.96627, -31.38333 ], [ -57.96553, -31.38286 ], [ -57.96502, -31.38276 ], [ -57.96453, -31.38247 ], [ -57.96422, -31.38288 ], [ -57.96371, -31.38301 ], [ -57.96323, -31.38229 ], [ -57.96247, -31.3819 ], [ -57.96351, -31.38203 ], [ -57.96433, -31.38184 ], [ -57.96489, -31.38183 ], [ -57.96609, -31.38243 ], [ -57.96667, -31.3823 ], [ -57.9668, -31.38308 ], [ -57.96748, -31.38376 ], [ -57.96807, -31.38403 ], [ -57.96916, -31.38387 ], [ -57.96986, -31.38336 ], [ -57.97056, -31.38317 ], [ -57.97098, -31.38293 ], [ -57.9717, -31.38278 ], [ -57.97188, -31.38252 ], [ -57.97181, -31.38206 ], [ -57.97221, -31.3819 ], [ -57.97282, -31.38219 ], [ -57.97412, -31.38204 ], [ -57.97435, -31.38145 ], [ -57.97385, -31.3807 ], [ -57.97441, -31.38008 ], [ -57.9748, -31.37983 ], [ -57.97505, -31.37942 ], [ -57.97491, -31.37897 ], [ -57.9727, -31.37782 ], [ -57.97276, -31.37718 ], [ -57.97317, -31.37674 ], [ -57.97301, -31.37633 ], [ -57.97272, -31.37605 ], [ -57.9722, -31.3759 ], [ -57.97205, -31.37557 ], [ -57.9724, -31.375 ], [ -57.97243, -31.3747 ], [ -57.97274, -31.37455 ], [ -57.97298, -31.37397 ], [ -57.97362, -31.3737 ], [ -57.97374, -31.37354 ], [ -57.97377, -31.37307 ], [ -57.97303, -31.37204 ], [ -57.97208, -31.37249 ], [ -57.97173, -31.37251 ], [ -57.9716, -31.3723 ], [ -57.97175, -31.37206 ], [ -57.97115, -31.37204 ], [ -57.97091, -31.37184 ], [ -57.97097, -31.37087 ], [ -57.97147, -31.37063 ], [ -57.972, -31.37057 ], [ -57.97206, -31.36997 ], [ -57.97289, -31.36979 ], [ -57.97363, -31.3699 ], [ -57.97334, -31.36792 ], [ -57.9729, -31.36684 ], [ -57.97306, -31.36606 ], [ -57.97359, -31.36557 ], [ -57.97378, -31.36471 ], [ -57.97418, -31.36456 ], [ -57.97435, -31.36511 ], [ -57.97502, -31.36562 ], [ -57.97667, -31.36655 ], [ -57.97904, -31.36613 ], [ -57.9794, -31.36558 ], [ -57.97919, -31.36501 ], [ -57.97945, -31.36349 ], [ -57.97981, -31.36323 ], [ -57.98007, -31.36254 ], [ -57.98067, -31.36253 ], [ -57.98243, -31.36311 ], [ -57.98228, -31.36279 ], [ -57.98334, -31.36196 ], [ -57.98251, -31.36161 ], [ -57.98132, -31.36142 ], [ -57.9806, -31.36112 ], [ -57.98083, -31.35994 ], [ -57.98178, -31.35983 ], [ -57.98367, -31.35916 ], [ -57.98408, -31.35854 ], [ -57.98395, -31.35742 ], [ -57.98347, -31.35646 ], [ -57.98234, -31.35647 ], [ -57.98175, -31.35713 ], [ -57.98176, -31.3579 ], [ -57.98105, -31.35851 ], [ -57.98004, -31.35847 ], [ -57.97932, -31.35802 ], [ -57.97802, -31.35798 ], [ -57.97654, -31.3587 ], [ -57.97594, -31.35835 ], [ -57.97552, -31.35764 ], [ -57.97385, -31.3575 ], [ -57.97332, -31.3573 ], [ -57.97331, -31.35664 ], [ -57.97289, -31.35644 ], [ -57.97224, -31.35659 ], [ -57.97147, -31.35634 ], [ -57.97158, -31.35563 ], [ -57.97139, -31.35502 ], [ -57.96965, -31.35325 ], [ -57.96757, -31.35326 ], [ -57.96757, -31.35281 ], [ -57.96685, -31.35195 ], [ -57.96684, -31.35098 ], [ -57.96481, -31.35013 ], [ -57.96452, -31.35074 ], [ -57.96441, -31.35186 ], [ -57.96352, -31.35187 ], [ -57.96347, -31.35289 ], [ -57.96288, -31.35361 ], [ -57.96188, -31.35428 ], [ -57.9607, -31.35536 ], [ -57.96057, -31.35373 ], [ -57.95991, -31.35373 ], [ -57.9595, -31.35394 ], [ -57.95802, -31.3541 ], [ -57.95949, -31.35266 ], [ -57.96079, -31.35214 ], [ -57.96214, -31.3505 ], [ -57.96219, -31.34964 ], [ -57.96146, -31.34821 ], [ -57.95961, -31.34762 ], [ -57.96074, -31.3473 ], [ -57.96175, -31.34734 ], [ -57.96264, -31.34764 ], [ -57.9637, -31.34626 ], [ -57.96477, -31.34671 ], [ -57.96518, -31.34579 ] ] ] } },
{ "type": "Feature", "properties": { "nombre": "PA-PSD_CRI-jun2017_Ro.Uruguay", "curso": "Río Uruguay", "fecha_evento": "2017-06-12", "cota_local": 8.35, "cota_oficial": 8.46, "fuentes": "Intendencia Departamental de Paysandú, Dirección Nacional de Aguas (DINAGUA) - Inundaciones y Drenaje Urbano" }, "geometry": { "type": "Polygon", "coordinates": [ [ [ -58.10184, -32.34565 ], [ -58.10147, -32.34529 ], [ -58.10097, -32.34353 ], [ -58.09989, -32.34255 ], [ -58.09925, -32.34224 ], [ -58.09793, -32.34257 ], [ -58.09681, -32.34222 ], [ -58.09727, -32.341 ], [ -58.09753, -32.34063 ], [ -58.09867, -32.33981 ], [ -58.09799, -32.33891 ], [ -58.09751, -32.33865 ], [ -58.09698, -32.33855 ], [ -58.09574, -32.33763 ], [ -58.09599, -32.33641 ], [ -58.09631, -32.33586 ], [ -58.0963, -32.33518 ], [ -58.09613, -32.33478 ], [ -58.09629, -32.33406 ], [ -58.09607, -32.33388 ], [ -58.09559, -32.33384 ], [ -58.09517, -32.33411 ], [ -58.09485, -32.33416 ], [ -58.09421, -32.33412 ], [ -58.0939, -32.33426 ], [ -58.09348, -32.33467 ], [ -58.09311, -32.33477 ], [ -58.09291, -32.33456 ], [ -58.09237, -32.33465 ], [ -58.09161, -32.33436 ], [ -58.09112, -32.33391 ], [ -58.08995, -32.33403 ], [ -58.08935, -32.33348 ], [ -58.08874, -32.33426 ], [ -58.0887, -32.33485 ], [ -58.08822, -32.33526 ], [ -58.08807, -32.33602 ], [ -58.08744, -32.33639 ], [ -58.08616, -32.33627 ], [ -58.08553, -32.33642 ], [ -58.08441, -32.33605 ], [ -58.08398, -32.33574 ], [ -58.08323, -32.33556 ], [ -58.08287, -32.33529 ], [ -58.08291, -32.33512 ], [ -58.08305, -32.33516 ], [ -58.08427, -32.33565 ], [ -58.08469, -32.33554 ], [ -58.08515, -32.33518 ], [ -58.08666, -32.33536 ], [ -58.08714, -32.33529 ], [ -58.08805, -32.33475 ], [ -58.08839, -32.3339 ], [ -58.08929, -32.33324 ], [ -58.09068, -32.33302 ], [ -58.09187, -32.33227 ], [ -58.09306, -32.33194 ], [ -58.09317, -32.33118 ], [ -58.09343, -32.33108 ], [ -58.09402, -32.33111 ], [ -58.09429, -32.33096 ], [ -58.09486, -32.33027 ], [ -58.09616, -32.32967 ], [ -58.09628, -32.32951 ], [ -58.09772, -32.3294 ], [ -58.09861, -32.32901 ], [ -58.09997, -32.32816 ], [ -58.10062, -32.32716 ], [ -58.10034, -32.32581 ], [ -58.10026, -32.32469 ], [ -58.09979, -32.32397 ], [ -58.10006, -32.32316 ], [ -58.09989, -32.32198 ], [ -58.10011, -32.32162 ], [ -58.10007, -32.3209 ], [ -58.10039, -32.31991 ], [ -58.1004, -32.31932 ], [ -58.10079, -32.31886 ], [ -58.10127, -32.31764 ], [ -58.10199, -32.31749 ], [ -58.10227, -32.31757 ], [ -58.10234, -32.31748 ], [ -58.10203, -32.31717 ], [ -58.1019, -32.31661 ], [ -58.09962, -32.31672 ], [ -58.09832, -32.31604 ], [ -58.09797, -32.31531 ], [ -58.0961, -32.31515 ], [ -58.09555, -32.31435 ], [ -58.09565, -32.31379 ], [ -58.09508, -32.31305 ], [ -58.09508, -32.31283 ], [ -58.0955, -32.31233 ], [ -58.09539, -32.31161 ], [ -58.09504, -32.31093 ], [ -58.0944, -32.31026 ], [ -58.09435, -32.30976 ], [ -58.0939, -32.30927 ], [ -58.09359, -32.30852 ], [ -58.09317, -32.30826 ], [ -58.09201, -32.3084 ], [ -58.09161, -32.30809 ], [ -58.09159, -32.30775 ], [ -58.0921, -32.30676 ], [ -58.09307, -32.30562 ], [ -58.09322, -32.30517 ], [ -58.09284, -32.30455 ], [ -58.09255, -32.3032 ], [ -58.09296, -32.30211 ], [ -58.09183, -32.30126 ], [ -58.09123, -32.30113 ], [ -58.09104, -32.30023 ], [ -58.09067, -32.29996 ], [ -58.09045, -32.29947 ], [ -58.09054, -32.29877 ], [ -58.09017, -32.29798 ], [ -58.09011, -32.29744 ], [ -58.09078, -32.29658 ], [ -58.09057, -32.29573 ], [ -58.09044, -32.29537 ], [ -58.08964, -32.29461 ], [ -58.08908, -32.29307 ], [ -58.08825, -32.29216 ], [ -58.08804, -32.2916 ], [ -58.08832, -32.28966 ], [ -58.08813, -32.28876 ], [ -58.0878, -32.28831 ], [ -58.08771, -32.28786 ], [ -58.08736, -32.28772 ], [ -58.08725, -32.28754 ], [ -58.08679, -32.28611 ], [ -58.08571, -32.2853 ], [ -58.08506, -32.2853 ], [ -58.08445, -32.28546 ], [ -58.08427, -32.28593 ], [ -58.08404, -32.28597 ], [ -58.08382, -32.28617 ], [ -58.08276, -32.2864 ], [ -58.08207, -32.28685 ], [ -58.08159, -32.28691 ], [ -58.08117, -32.28724 ], [ -58.08091, -32.28721 ], [ -58.08043, -32.28769 ], [ -58.08001, -32.28791 ], [ -58.07887, -32.28812 ], [ -58.07837, -32.2887 ], [ -58.07849, -32.28808 ], [ -58.07905, -32.28767 ], [ -58.07914, -32.28694 ], [ -58.07973, -32.28612 ], [ -58.08059, -32.28526 ], [ -58.0808, -32.28477 ], [ -58.0808, -32.28425 ], [ -58.08137, -32.28385 ], [ -58.08172, -32.28345 ], [ -58.08179, -32.28316 ], [ -58.08163, -32.283 ], [ -58.08137, -32.28113 ], [ -58.08088, -32.28006 ], [ -58.07983, -32.27972 ], [ -58.07938, -32.27939 ], [ -58.07891, -32.27959 ], [ -58.07784, -32.27953 ], [ -58.07741, -32.27924 ], [ -58.07637, -32.27804 ], [ -58.07656, -32.27798 ], [ -58.07799, -32.27829 ], [ -58.07862, -32.27819 ], [ -58.0789, -32.27805 ], [ -58.07908, -32.27751 ], [ -58.07935, -32.2772 ], [ -58.07967, -32.27727 ], [ -58.0801, -32.27757 ], [ -58.08143, -32.27743 ], [ -58.08175, -32.27772 ], [ -58.08271, -32.27785 ], [ -58.08319, -32.27821 ], [ -58.08383, -32.27823 ], [ -58.08431, -32.27792 ], [ -58.08419, -32.27751 ], [ -58.08387, -32.27715 ], [ -58.08397, -32.27666 ], [ -58.08471, -32.2766 ], [ -58.08498, -32.27669 ], [ -58.08534, -32.27588 ], [ -58.08614, -32.27529 ], [ -58.08601, -32.27479 ], [ -58.08631, -32.27429 ], [ -58.08577, -32.27398 ], [ -58.08544, -32.27326 ], [ -58.08555, -32.27286 ], [ -58.08578, -32.27269 ], [ -58.08721, -32.27267 ], [ -58.08774, -32.27255 ], [ -58.08817, -32.27175 ], [ -58.08781, -32.27081 ], [ -58.08806, -32.27022 ], [ -58.08851, -32.27006 ], [ -58.0892, -32.26951 ], [ -58.0896, -32.26935 ], [ -58.08955, -32.26882 ], [ -58.08966, -32.26862 ], [ -58.09009, -32.2684 ], [ -58.08957, -32.26705 ], [ -58.08953, -32.26664 ], [ -58.0897, -32.26611 ], [ -58.09944, -32.26603 ], [ -58.09902, -32.27104 ], [ -58.09848, -32.28836 ], [ -58.10032, -32.30137 ], [ -58.10155, -32.30558 ], [ -58.10327, -32.30983 ], [ -58.11506, -32.32775 ], [ -58.12249, -32.33937 ], [ -58.12406, -32.3414 ], [ -58.12534, -32.34262 ], [ -58.12699, -32.34362 ], [ -58.13041, -32.3454 ], [ -58.10184, -32.34565 ] ] ] } },
{ "type": "Feature", "properties": { "nombre": "PA-PSD_CRI-dic2015_Ro.Uruguay", "curso": "Río Uruguay", "fecha_evento": "2015-12-10", "cota_local": 9.12, "cota_oficial": 9.23, "fuentes": "Intendencia Departamental de Paysandú, Dirección Nacional de Aguas (DINAGUA) - Inundaciones y Drenaje Urbano" }, "geometry": { "type": "Polygon", "coordinates": [ [ [ -58.0868, -32.26635 ], [ -58.09942, -32.26624 ], [ -58.09902, -32.27104 ], [ -58.09848, -32.28836 ], [ -58.10034, -32.30154 ], [ -58.10155, -32.30558 ], [ -58.10327, -32.30983 ], [ -58.11506, -32.32775 ], [ -58.12249, -32.33937 ], [ -58.12406, -32.3414 ], [ -58.12534, -32.34262 ], [ -58.12699, -32.34362 ], [ -58.14039, -32.35056 ], [ -58.11008, -32.35083 ], [ -58.10989, -32.35069 ], [ -58.10959, -32.34957 ], [ -58.10924, -32.34914 ], [ -58.10882, -32.34892 ], [ -58.10761, -32.34868 ], [ -58.10665, -32.34873 ], [ -58.10605, -32.34854 ], [ -58.10567, -32.34765 ], [ -58.10536, -32.34736 ], [ -58.10436, -32.34711 ], [ -58.10362, -32.3472 ], [ -58.10158, -32.34698 ], [ -58.10141, -32.34684 ], [ -58.10142, -32.34666 ], [ -58.10054, -32.34577 ], [ -58.10021, -32.34485 ], [ -58.0999, -32.34453 ], [ -58.09996, -32.34384 ], [ -58.09935, -32.343 ], [ -58.09869, -32.34291 ], [ -58.09811, -32.34299 ], [ -58.09748, -32.34319 ], [ -58.09697, -32.34357 ], [ -58.09619, -32.34389 ], [ -58.09627, -32.34283 ], [ -58.09652, -32.34236 ], [ -58.09616, -32.34204 ], [ -58.09619, -32.34175 ], [ -58.09683, -32.34096 ], [ -58.09726, -32.34004 ], [ -58.09723, -32.3397 ], [ -58.09675, -32.33928 ], [ -58.09537, -32.33746 ], [ -58.09356, -32.3375 ], [ -58.09345, -32.33712 ], [ -58.09352, -32.3366 ], [ -58.09396, -32.33615 ], [ -58.09387, -32.33547 ], [ -58.09355, -32.33479 ], [ -58.09306, -32.33482 ], [ -58.09263, -32.33448 ], [ -58.09113, -32.33437 ], [ -58.09075, -32.33449 ], [ -58.09028, -32.33476 ], [ -58.08987, -32.33521 ], [ -58.08854, -32.33577 ], [ -58.08809, -32.33657 ], [ -58.0866, -32.33676 ], [ -58.08586, -32.33714 ], [ -58.08522, -32.33729 ], [ -58.08386, -32.33718 ], [ -58.08254, -32.33694 ], [ -58.08207, -32.33673 ], [ -58.08064, -32.33658 ], [ -58.08049, -32.33663 ], [ -58.08032, -32.33704 ], [ -58.07948, -32.33768 ], [ -58.07873, -32.33739 ], [ -58.07675, -32.33734 ], [ -58.07586, -32.337 ], [ -58.07459, -32.33704 ], [ -58.07411, -32.33665 ], [ -58.07401, -32.33632 ], [ -58.07379, -32.33613 ], [ -58.07328, -32.33591 ], [ -58.07306, -32.33604 ], [ -58.07305, -32.33671 ], [ -58.07278, -32.33731 ], [ -58.07288, -32.3378 ], [ -58.07256, -32.33753 ], [ -58.07284, -32.33647 ], [ -58.07282, -32.33605 ], [ -58.07293, -32.33586 ], [ -58.07328, -32.33569 ], [ -58.0738, -32.33587 ], [ -58.07466, -32.33684 ], [ -58.0751, -32.33668 ], [ -58.07524, -32.33641 ], [ -58.07609, -32.33671 ], [ -58.07697, -32.33685 ], [ -58.07788, -32.33677 ], [ -58.07865, -32.33701 ], [ -58.07884, -32.33686 ], [ -58.07892, -32.33658 ], [ -58.07954, -32.33635 ], [ -58.07911, -32.33553 ], [ -58.07939, -32.33574 ], [ -58.08045, -32.33571 ], [ -58.08206, -32.33503 ], [ -58.08364, -32.33504 ], [ -58.08384, -32.33497 ], [ -58.08433, -32.33439 ], [ -58.08588, -32.33386 ], [ -58.08653, -32.33381 ], [ -58.08819, -32.33298 ], [ -58.08835, -32.33274 ], [ -58.08879, -32.33258 ], [ -58.09057, -32.33238 ], [ -58.09102, -32.33213 ], [ -58.09105, -32.33191 ], [ -58.09154, -32.33152 ], [ -58.09188, -32.33146 ], [ -58.09253, -32.33158 ], [ -58.09449, -32.33044 ], [ -58.09458, -32.33011 ], [ -58.09544, -32.32926 ], [ -58.09563, -32.32887 ], [ -58.09755, -32.32864 ], [ -58.09906, -32.32796 ], [ -58.09951, -32.32748 ], [ -58.09926, -32.32613 ], [ -58.09843, -32.32593 ], [ -58.09891, -32.3251 ], [ -58.09874, -32.32412 ], [ -58.09916, -32.32306 ], [ -58.09946, -32.32293 ], [ -58.09977, -32.32253 ], [ -58.09986, -32.32129 ], [ -58.09931, -32.31897 ], [ -58.09905, -32.31889 ], [ -58.09967, -32.31823 ], [ -58.09969, -32.31795 ], [ -58.09897, -32.31723 ], [ -58.09875, -32.31717 ], [ -58.09794, -32.31743 ], [ -58.09707, -32.31736 ], [ -58.09557, -32.31617 ], [ -58.09511, -32.31489 ], [ -58.09472, -32.31449 ], [ -58.09459, -32.3137 ], [ -58.09428, -32.3133 ], [ -58.09458, -32.31183 ], [ -58.09456, -32.31086 ], [ -58.09382, -32.30933 ], [ -58.09322, -32.3086 ], [ -58.09212, -32.30882 ], [ -58.09184, -32.30869 ], [ -58.09105, -32.30873 ], [ -58.09081, -32.30848 ], [ -58.09073, -32.30787 ], [ -58.09084, -32.30762 ], [ -58.09151, -32.307 ], [ -58.09124, -32.30657 ], [ -58.09224, -32.30565 ], [ -58.09232, -32.30502 ], [ -58.092, -32.30437 ], [ -58.09162, -32.30248 ], [ -58.09127, -32.302 ], [ -58.09022, -32.30121 ], [ -58.08985, -32.30054 ], [ -58.09004, -32.29876 ], [ -58.08946, -32.29642 ], [ -58.08902, -32.29569 ], [ -58.08858, -32.29454 ], [ -58.08863, -32.29418 ], [ -58.08844, -32.29383 ], [ -58.08794, -32.29372 ], [ -58.08743, -32.29333 ], [ -58.08731, -32.29303 ], [ -58.0874, -32.29224 ], [ -58.08702, -32.28916 ], [ -58.08674, -32.28887 ], [ -58.08636, -32.28881 ], [ -58.08558, -32.28817 ], [ -58.08513, -32.28761 ], [ -58.08508, -32.28721 ], [ -58.08462, -32.28627 ], [ -58.08433, -32.28634 ], [ -58.08404, -32.28661 ], [ -58.08316, -32.28647 ], [ -58.08274, -32.28656 ], [ -58.08207, -32.287 ], [ -58.0816, -32.28698 ], [ -58.08137, -32.28731 ], [ -58.08084, -32.28739 ], [ -58.08071, -32.28763 ], [ -58.07987, -32.28835 ], [ -58.07898, -32.2887 ], [ -58.07874, -32.28918 ], [ -58.07854, -32.2892 ], [ -58.07843, -32.28896 ], [ -58.07841, -32.28835 ], [ -58.07851, -32.28802 ], [ -58.07892, -32.28752 ], [ -58.07891, -32.28704 ], [ -58.07996, -32.28573 ], [ -58.0804, -32.28545 ], [ -58.08061, -32.28481 ], [ -58.08093, -32.2847 ], [ -58.08092, -32.28429 ], [ -58.08141, -32.28369 ], [ -58.08179, -32.28345 ], [ -58.08158, -32.28267 ], [ -58.07964, -32.28194 ], [ -58.07964, -32.28163 ], [ -58.08057, -32.28098 ], [ -58.08071, -32.28075 ], [ -58.08056, -32.28044 ], [ -58.07977, -32.2799 ], [ -58.07933, -32.27978 ], [ -58.07824, -32.27992 ], [ -58.07797, -32.27982 ], [ -58.07689, -32.27913 ], [ -58.07658, -32.27859 ], [ -58.07657, -32.27832 ], [ -58.07681, -32.27811 ], [ -58.07812, -32.27829 ], [ -58.07852, -32.27819 ], [ -58.07891, -32.27793 ], [ -58.07902, -32.27747 ], [ -58.07926, -32.2772 ], [ -58.07957, -32.27712 ], [ -58.07997, -32.27736 ], [ -58.08139, -32.27741 ], [ -58.08166, -32.27765 ], [ -58.08247, -32.27781 ], [ -58.08316, -32.27815 ], [ -58.08391, -32.27818 ], [ -58.08426, -32.27794 ], [ -58.08423, -32.27752 ], [ -58.08393, -32.27716 ], [ -58.08401, -32.27663 ], [ -58.08453, -32.27658 ], [ -58.08484, -32.27639 ], [ -58.08528, -32.2757 ], [ -58.08587, -32.27528 ], [ -58.08581, -32.27483 ], [ -58.08594, -32.27441 ], [ -58.08538, -32.27356 ], [ -58.08529, -32.27304 ], [ -58.08552, -32.2727 ], [ -58.08576, -32.2726 ], [ -58.08611, -32.27268 ], [ -58.08724, -32.27253 ], [ -58.08766, -32.27236 ], [ -58.08763, -32.27055 ], [ -58.08786, -32.26995 ], [ -58.08846, -32.26955 ], [ -58.08863, -32.26901 ], [ -58.08892, -32.26863 ], [ -58.08889, -32.26788 ], [ -58.0886, -32.2673 ], [ -58.08824, -32.26693 ], [ -58.08725, -32.26682 ], [ -58.08671, -32.26654 ], [ -58.0868, -32.26635 ] ] ] } },
{ "type": "Feature", "properties": { "nombre": "SA-STO_CRI-dic2015_Ro.Uruguay", "curso": "Río Uruguay", "fecha_evento": "2015-12-23", "cota_local": 17.4, "cota_oficial": 16.3, "fuentes": "Intendencia Departamental de Salto" }, "geometry": { "type": "MultiPolygon", "coordinates": [ [ [ [ -57.9544, -31.39775 ], [ -57.95399, -31.39744 ], [ -57.95423, -31.39733 ], [ -57.9544, -31.39775 ] ] ], [ [ [ -57.95402, -31.39716 ], [ -57.95288, -31.39743 ], [ -57.95296, -31.397 ], [ -57.95332, -31.39671 ], [ -57.95364, -31.39678 ], [ -57.95371, -31.39709 ], [ -57.95402, -31.39716 ] ] ], [ [ [ -57.99509, -31.41859 ], [ -57.99544, -31.41847 ], [ -57.99577, -31.41883 ], [ -57.9957, -31.41901 ], [ -57.99519, -31.41874 ], [ -57.99509, -31.41859 ] ] ], [ [ [ -57.97415, -31.40103 ], [ -57.97433, -31.40163 ], [ -57.9744, -31.40264 ], [ -57.97473, -31.40291 ], [ -57.9743, -31.40274 ], [ -57.97395, -31.40164 ], [ -57.9739, -31.40125 ], [ -57.97399, -31.40105 ], [ -57.97415, -31.40103 ] ] ], [ [ [ -58.00886, -31.42092 ], [ -58.00764, -31.42115 ], [ -58.00718, -31.42145 ], [ -58.00624, -31.42274 ], [ -58.00568, -31.4226 ], [ -58.00476, -31.42206 ], [ -58.00478, -31.42189 ], [ -58.00563, -31.42108 ], [ -58.0056, -31.42045 ], [ -58.00616, -31.41901 ], [ -58.00696, -31.4185 ], [ -58.00706, -31.41777 ], [ -58.00677, -31.41744 ], [ -58.00625, -31.41725 ], [ -58.00573, -31.41723 ], [ -58.00505, -31.41743 ], [ -58.00399, -31.41753 ], [ -58.00279, -31.41817 ], [ -58.00248, -31.41809 ], [ -58.00256, -31.41749 ], [ -58.00294, -31.4173 ], [ -58.0033, -31.41679 ], [ -58.00444, -31.41638 ], [ -58.00467, -31.41613 ], [ -58.00466, -31.4159 ], [ -58.00417, -31.41501 ], [ -58.00375, -31.41478 ], [ -58.00349, -31.41477 ], [ -58.00322, -31.41425 ], [ -58.00294, -31.41405 ], [ -58.00243, -31.41405 ], [ -58.00214, -31.41425 ], [ -58.00192, -31.41453 ], [ -58.00189, -31.41482 ], [ -58.00145, -31.41468 ], [ -58.00151, -31.4145 ], [ -58.00177, -31.41442 ], [ -58.0019, -31.41413 ], [ -58.00181, -31.4136 ], [ -58.00161, -31.41335 ], [ -58.00156, -31.41247 ], [ -58.00086, -31.4119 ], [ -58.00067, -31.41126 ], [ -58.00009, -31.41122 ], [ -57.99939, -31.41083 ], [ -57.99952, -31.41044 ], [ -57.99922, -31.41008 ], [ -57.99907, -31.40965 ], [ -57.99865, -31.40923 ], [ -57.99797, -31.40891 ], [ -57.99758, -31.40897 ], [ -57.99754, -31.40937 ], [ -57.99695, -31.41021 ], [ -57.99668, -31.41089 ], [ -57.99672, -31.41126 ], [ -57.99708, -31.41161 ], [ -57.99734, -31.41288 ], [ -57.99788, -31.41356 ], [ -57.99785, -31.41383 ], [ -57.99817, -31.41397 ], [ -57.99815, -31.41412 ], [ -57.99751, -31.41439 ], [ -57.99726, -31.41484 ], [ -57.99721, -31.41562 ], [ -57.99694, -31.41606 ], [ -57.99658, -31.41605 ], [ -57.99626, -31.41647 ], [ -57.99526, -31.41704 ], [ -57.99503, -31.41794 ], [ -57.99525, -31.41837 ], [ -57.99506, -31.41849 ], [ -57.99476, -31.41844 ], [ -57.99429, -31.41787 ], [ -57.99354, -31.41739 ], [ -57.99326, -31.41661 ], [ -57.99347, -31.41658 ], [ -57.99394, -31.41692 ], [ -57.99436, -31.41646 ], [ -57.9947, -31.41568 ], [ -57.995, -31.41532 ], [ -57.99512, -31.41462 ], [ -57.99493, -31.41435 ], [ -57.99503, -31.414 ], [ -57.99468, -31.41372 ], [ -57.99435, -31.41314 ], [ -57.9932, -31.41312 ], [ -57.99228, -31.41336 ], [ -57.99189, -31.41297 ], [ -57.99176, -31.41265 ], [ -57.99186, -31.41246 ], [ -57.99324, -31.41231 ], [ -57.9934, -31.41168 ], [ -57.99402, -31.41134 ], [ -57.99377, -31.41117 ], [ -57.99217, -31.41115 ], [ -57.99205, -31.41092 ], [ -57.99211, -31.41024 ], [ -57.99259, -31.40977 ], [ -57.99242, -31.40961 ], [ -57.99243, -31.40946 ], [ -57.99273, -31.40954 ], [ -57.99303, -31.40937 ], [ -57.99355, -31.40933 ], [ -57.99423, -31.40951 ], [ -57.99474, -31.40894 ], [ -57.99526, -31.40862 ], [ -57.99527, -31.40831 ], [ -57.99495, -31.408 ], [ -57.99441, -31.40782 ], [ -57.99396, -31.40735 ], [ -57.99338, -31.40708 ], [ -57.99312, -31.40708 ], [ -57.99257, -31.40752 ], [ -57.99234, -31.4075 ], [ -57.99145, -31.40653 ], [ -57.99017, -31.40641 ], [ -57.98947, -31.40619 ], [ -57.98949, -31.40605 ], [ -57.99057, -31.40572 ], [ -57.99155, -31.40521 ], [ -57.99217, -31.40513 ], [ -57.99265, -31.40479 ], [ -57.99286, -31.40445 ], [ -57.99264, -31.40374 ], [ -57.99235, -31.40345 ], [ -57.99169, -31.40322 ], [ -57.99147, -31.403 ], [ -57.9915, -31.40227 ], [ -57.99137, -31.40177 ], [ -57.99056, -31.40117 ], [ -57.99048, -31.4009 ], [ -57.99001, -31.40047 ], [ -57.98961, -31.40041 ], [ -57.98865, -31.40102 ], [ -57.98887, -31.40074 ], [ -57.98845, -31.40032 ], [ -57.98808, -31.39959 ], [ -57.98837, -31.39908 ], [ -57.98812, -31.39864 ], [ -57.98806, -31.39814 ], [ -57.98759, -31.39786 ], [ -57.98717, -31.39784 ], [ -57.98684, -31.39727 ], [ -57.98575, -31.39686 ], [ -57.98413, -31.39604 ], [ -57.98336, -31.39604 ], [ -57.98276, -31.39638 ], [ -57.98289, -31.39648 ], [ -57.9828, -31.39659 ], [ -57.98265, -31.39653 ], [ -57.98246, -31.39671 ], [ -57.98211, -31.39652 ], [ -57.98246, -31.39607 ], [ -57.98194, -31.39556 ], [ -57.982, -31.39547 ], [ -57.98167, -31.39503 ], [ -57.98155, -31.39502 ], [ -57.98146, -31.39484 ], [ -57.98156, -31.3947 ], [ -57.98124, -31.39442 ], [ -57.98013, -31.39393 ], [ -57.97999, -31.39341 ], [ -57.97937, -31.39304 ], [ -57.97901, -31.39195 ], [ -57.97828, -31.39157 ], [ -57.9776, -31.3904 ], [ -57.97758, -31.38995 ], [ -57.9774, -31.38977 ], [ -57.97677, -31.3896 ], [ -57.97656, -31.3897 ], [ -57.97614, -31.38963 ], [ -57.97577, -31.38998 ], [ -57.97583, -31.39033 ], [ -57.9757, -31.39055 ], [ -57.97581, -31.39118 ], [ -57.97552, -31.39126 ], [ -57.97545, -31.39105 ], [ -57.9753, -31.39135 ], [ -57.97531, -31.39178 ], [ -57.97501, -31.39232 ], [ -57.97475, -31.3927 ], [ -57.97439, -31.39288 ], [ -57.97412, -31.39384 ], [ -57.97417, -31.39421 ], [ -57.97374, -31.39423 ], [ -57.97366, -31.39438 ], [ -57.97386, -31.39448 ], [ -57.97382, -31.3946 ], [ -57.97306, -31.39501 ], [ -57.9729, -31.39551 ], [ -57.97268, -31.39567 ], [ -57.9728, -31.39617 ], [ -57.97314, -31.39629 ], [ -57.97349, -31.39662 ], [ -57.97374, -31.39733 ], [ -57.97396, -31.39731 ], [ -57.97423, -31.39748 ], [ -57.97428, -31.3978 ], [ -57.97407, -31.39746 ], [ -57.97389, -31.39775 ], [ -57.974, -31.39803 ], [ -57.97435, -31.39811 ], [ -57.97449, -31.39838 ], [ -57.97467, -31.39981 ], [ -57.97446, -31.4003 ], [ -57.97453, -31.40063 ], [ -57.97424, -31.40089 ], [ -57.97387, -31.40085 ], [ -57.97386, -31.40029 ], [ -57.9734, -31.39986 ], [ -57.97267, -31.39948 ], [ -57.97215, -31.39892 ], [ -57.97174, -31.39879 ], [ -57.97088, -31.39888 ], [ -57.96955, -31.39929 ], [ -57.96864, -31.3985 ], [ -57.96813, -31.39822 ], [ -57.96782, -31.39819 ], [ -57.96719, -31.39845 ], [ -57.96634, -31.39928 ], [ -57.96612, -31.39919 ], [ -57.96588, -31.39761 ], [ -57.96599, -31.39746 ], [ -57.96736, -31.39707 ], [ -57.96798, -31.39653 ], [ -57.96825, -31.39555 ], [ -57.96847, -31.39532 ], [ -57.96828, -31.39507 ], [ -57.96837, -31.39489 ], [ -57.96989, -31.39482 ], [ -57.97025, -31.39443 ], [ -57.96997, -31.39335 ], [ -57.96972, -31.39284 ], [ -57.96915, -31.3924 ], [ -57.96865, -31.39253 ], [ -57.96791, -31.39219 ], [ -57.96798, -31.3916 ], [ -57.96886, -31.39115 ], [ -57.96893, -31.39122 ], [ -57.96948, -31.39113 ], [ -57.9697, -31.39128 ], [ -57.96981, -31.39111 ], [ -57.9703, -31.39095 ], [ -57.9706, -31.39145 ], [ -57.97091, -31.39147 ], [ -57.97177, -31.39209 ], [ -57.97278, -31.39179 ], [ -57.97246, -31.39169 ], [ -57.97243, -31.39126 ], [ -57.97256, -31.39112 ], [ -57.97219, -31.39023 ], [ -57.97274, -31.38958 ], [ -57.97318, -31.38949 ], [ -57.97343, -31.38922 ], [ -57.97368, -31.38921 ], [ -57.97328, -31.38899 ], [ -57.97295, -31.38778 ], [ -57.97365, -31.3872 ], [ -57.97439, -31.38684 ], [ -57.97432, -31.38637 ], [ -57.97398, -31.38535 ], [ -57.97365, -31.38508 ], [ -57.97321, -31.38513 ], [ -57.97213, -31.38554 ], [ -57.9698, -31.38549 ], [ -57.96899, -31.3851 ], [ -57.968, -31.38497 ], [ -57.96763, -31.38473 ], [ -57.96709, -31.38474 ], [ -57.96556, -31.38422 ], [ -57.96478, -31.38371 ], [ -57.96411, -31.38295 ], [ -57.96372, -31.38283 ], [ -57.96349, -31.38247 ], [ -57.96376, -31.38223 ], [ -57.96414, -31.38224 ], [ -57.96405, -31.38199 ], [ -57.96383, -31.38194 ], [ -57.96433, -31.38173 ], [ -57.96577, -31.38194 ], [ -57.96585, -31.38231 ], [ -57.96614, -31.38228 ], [ -57.96622, -31.38241 ], [ -57.96685, -31.3825 ], [ -57.96716, -31.38322 ], [ -57.96785, -31.38407 ], [ -57.96756, -31.38411 ], [ -57.96758, -31.38428 ], [ -57.96815, -31.38445 ], [ -57.96824, -31.38431 ], [ -57.96883, -31.38436 ], [ -57.96895, -31.38492 ], [ -57.9691, -31.3849 ], [ -57.96896, -31.38425 ], [ -57.97022, -31.384 ], [ -57.97151, -31.38332 ], [ -57.9723, -31.38274 ], [ -57.97317, -31.38263 ], [ -57.97408, -31.3827 ], [ -57.9745, -31.38235 ], [ -57.97462, -31.3819 ], [ -57.9745, -31.38127 ], [ -57.97483, -31.38065 ], [ -57.97479, -31.38009 ], [ -57.97443, -31.3795 ], [ -57.974, -31.37911 ], [ -57.9731, -31.37864 ], [ -57.9726, -31.37823 ], [ -57.97241, -31.37754 ], [ -57.97292, -31.37677 ], [ -57.97291, -31.37645 ], [ -57.97274, -31.37627 ], [ -57.97214, -31.37607 ], [ -57.97191, -31.37569 ], [ -57.97242, -31.37481 ], [ -57.97283, -31.37443 ], [ -57.9738, -31.37256 ], [ -57.97374, -31.37205 ], [ -57.97304, -31.37109 ], [ -57.97306, -31.37064 ], [ -57.97347, -31.37032 ], [ -57.97351, -31.37 ], [ -57.97299, -31.36841 ], [ -57.97247, -31.36757 ], [ -57.97269, -31.36755 ], [ -57.97246, -31.36618 ], [ -57.97279, -31.36595 ], [ -57.97269, -31.36591 ], [ -57.97298, -31.36585 ], [ -57.97318, -31.36539 ], [ -57.97318, -31.36467 ], [ -57.97388, -31.36411 ], [ -57.97429, -31.36461 ], [ -57.97651, -31.36612 ], [ -57.97706, -31.36673 ], [ -57.97853, -31.36648 ], [ -57.97862, -31.36601 ], [ -57.97897, -31.36562 ], [ -57.9789, -31.36465 ], [ -57.97916, -31.36346 ], [ -57.97966, -31.3626 ], [ -57.98046, -31.36232 ], [ -57.98031, -31.36111 ], [ -57.98044, -31.3605 ], [ -57.98026, -31.36042 ], [ -57.98054, -31.36 ], [ -57.98047, -31.35952 ], [ -57.98016, -31.35946 ], [ -57.98047, -31.3594 ], [ -57.98022, -31.3593 ], [ -57.98008, -31.35864 ], [ -57.98081, -31.35861 ], [ -57.98076, -31.35843 ], [ -57.97998, -31.35839 ], [ -57.97995, -31.35862 ], [ -57.97966, -31.35861 ], [ -57.9795, -31.35832 ], [ -57.97926, -31.35826 ], [ -57.97924, -31.35793 ], [ -57.97794, -31.35797 ], [ -57.97805, -31.35842 ], [ -57.97776, -31.35845 ], [ -57.9774, -31.35871 ], [ -57.97593, -31.35876 ], [ -57.97544, -31.35809 ], [ -57.97426, -31.35819 ], [ -57.97373, -31.35766 ], [ -57.97346, -31.35709 ], [ -57.97322, -31.35709 ], [ -57.97323, -31.35673 ], [ -57.97269, -31.35656 ], [ -57.97165, -31.35679 ], [ -57.97147, -31.35672 ], [ -57.97137, -31.35637 ], [ -57.99698, -31.35618 ], [ -57.99641, -31.35767 ], [ -57.99794, -31.36035 ], [ -57.99799, -31.36257 ], [ -57.99601, -31.36463 ], [ -57.99339, -31.36786 ], [ -57.99275, -31.36941 ], [ -57.99177, -31.37088 ], [ -57.99012, -31.37236 ], [ -57.98867, -31.37305 ], [ -57.98781, -31.3749 ], [ -57.98573, -31.37725 ], [ -57.98519, -31.37833 ], [ -57.98437, -31.38172 ], [ -57.98352, -31.38376 ], [ -57.9839, -31.38578 ], [ -57.98406, -31.38762 ], [ -57.98569, -31.39019 ], [ -57.9881, -31.39228 ], [ -57.98936, -31.39302 ], [ -57.99108, -31.39464 ], [ -57.99452, -31.39728 ], [ -57.99671, -31.39946 ], [ -57.99877, -31.40107 ], [ -58.0014, -31.40276 ], [ -58.00232, -31.40371 ], [ -58.00416, -31.40503 ], [ -58.00722, -31.40614 ], [ -58.01098, -31.4081 ], [ -58.01587, -31.41024 ], [ -58.00886, -31.42092 ] ], [ [ -57.98374, -31.35702 ], [ -57.98359, -31.35718 ], [ -57.98334, -31.35708 ], [ -57.98316, -31.3572 ], [ -57.98305, -31.35713 ], [ -57.98321, -31.35702 ], [ -57.98285, -31.35672 ], [ -57.98261, -31.35693 ], [ -57.98268, -31.35714 ], [ -57.98252, -31.35714 ], [ -57.98227, -31.35656 ], [ -57.9823, -31.35821 ], [ -57.98198, -31.35825 ], [ -57.9819, -31.35861 ], [ -57.98191, -31.35876 ], [ -57.98205, -31.35876 ], [ -57.98206, -31.3591 ], [ -57.98262, -31.35901 ], [ -57.98245, -31.35908 ], [ -57.98247, -31.35934 ], [ -57.98268, -31.35933 ], [ -57.98322, -31.35881 ], [ -57.98318, -31.35853 ], [ -57.98336, -31.35818 ], [ -57.9832, -31.35805 ], [ -57.98349, -31.35793 ], [ -57.98383, -31.35743 ], [ -57.98395, -31.3576 ], [ -57.98412, -31.3576 ], [ -57.98374, -31.35702 ] ] ], [ [ [ -57.96587, -31.39832 ], [ -57.966, -31.3996 ], [ -57.96573, -31.39997 ], [ -57.965, -31.40038 ], [ -57.96455, -31.40092 ], [ -57.96449, -31.40154 ], [ -57.96484, -31.402 ], [ -57.96478, -31.40224 ], [ -57.96437, -31.40231 ], [ -57.96439, -31.40241 ], [ -57.96507, -31.40234 ], [ -57.9656, -31.40288 ], [ -57.96558, -31.40329 ], [ -57.96518, -31.40353 ], [ -57.96481, -31.40408 ], [ -57.96349, -31.4045 ], [ -57.96243, -31.40578 ], [ -57.9619, -31.40601 ], [ -57.96198, -31.40564 ], [ -57.96179, -31.40551 ], [ -57.96143, -31.40559 ], [ -57.96119, -31.40545 ], [ -57.9612, -31.40531 ], [ -57.96166, -31.40507 ], [ -57.96209, -31.40503 ], [ -57.96337, -31.40403 ], [ -57.96378, -31.40291 ], [ -57.96388, -31.40287 ], [ -57.96392, -31.40299 ], [ -57.96406, -31.40292 ], [ -57.96375, -31.40252 ], [ -57.96407, -31.40247 ], [ -57.96406, -31.40237 ], [ -57.96322, -31.40239 ], [ -57.96275, -31.40213 ], [ -57.96247, -31.40181 ], [ -57.96215, -31.40187 ], [ -57.96071, -31.40165 ], [ -57.96023, -31.40181 ], [ -57.95975, -31.40127 ], [ -57.95983, -31.40108 ], [ -57.95925, -31.40037 ], [ -57.95813, -31.40056 ], [ -57.95781, -31.40051 ], [ -57.9576, -31.40038 ], [ -57.95736, -31.39993 ], [ -57.95649, -31.40006 ], [ -57.95623, -31.40027 ], [ -57.95583, -31.39973 ], [ -57.95582, -31.39929 ], [ -57.95598, -31.39898 ], [ -57.95565, -31.39831 ], [ -57.95542, -31.39816 ], [ -57.95465, -31.3981 ], [ -57.95446, -31.39746 ], [ -57.95519, -31.3974 ], [ -57.95533, -31.39716 ], [ -57.95578, -31.39696 ], [ -57.9554, -31.39694 ], [ -57.95555, -31.39665 ], [ -57.95563, -31.39681 ], [ -57.95664, -31.39671 ], [ -57.9567, -31.39656 ], [ -57.95736, -31.39669 ], [ -57.95845, -31.39756 ], [ -57.95887, -31.39766 ], [ -57.95918, -31.39747 ], [ -57.95975, -31.39663 ], [ -57.96012, -31.39652 ], [ -57.96005, -31.39637 ], [ -57.96016, -31.39604 ], [ -57.9605, -31.39594 ], [ -57.96068, -31.39617 ], [ -57.96071, -31.39649 ], [ -57.96156, -31.39678 ], [ -57.96207, -31.39676 ], [ -57.96236, -31.39697 ], [ -57.96245, -31.39728 ], [ -57.96222, -31.3978 ], [ -57.96224, -31.39808 ], [ -57.9638, -31.39959 ], [ -57.96405, -31.39952 ], [ -57.96495, -31.39822 ], [ -57.96513, -31.39824 ], [ -57.96559, -31.39786 ], [ -57.96587, -31.39832 ] ] ] ] } },
{ "type": "Feature", "properties": { "nombre": "CA-ACS_CRI-jun2019_Ro.Santa-Lucía", "curso": "Río Santa Lucía", "fecha_evento": "2019-06-17", "cota_local": null, "cota_oficial": null, "fuentes": "Centro Coordinador de Emergencias Departamentales (CECOED) - Canelones" }, "geometry": { "type": "Polygon", "coordinates": [ [ [ -56.39889, -34.52593 ], [ -56.39605, -34.5223 ], [ -56.39567, -34.51839 ], [ -56.39516, -34.51719 ], [ -56.39392, -34.51741 ], [ -56.39358, -34.51781 ], [ -56.38675, -34.52172 ], [ -56.38652, -34.5216 ], [ -56.3863, -34.52109 ], [ -56.38267, -34.52197 ], [ -56.38227, -34.52108 ], [ -56.38249, -34.52082 ], [ -56.38331, -34.52043 ], [ -56.38362, -34.52052 ], [ -56.38457, -34.52035 ], [ -56.38518, -34.51958 ], [ -56.38568, -34.51964 ], [ -56.38604, -34.52011 ], [ -56.38628, -34.52006 ], [ -56.38721, -34.51925 ], [ -56.38739, -34.51922 ], [ -56.38756, -34.51883 ], [ -56.38795, -34.51848 ], [ -56.38826, -34.51768 ], [ -56.38801, -34.51624 ], [ -56.38777, -34.51591 ], [ -56.38799, -34.51555 ], [ -56.38797, -34.51536 ], [ -56.38812, -34.51526 ], [ -56.38837, -34.51463 ], [ -56.38908, -34.51401 ], [ -56.38919, -34.5136 ], [ -56.38983, -34.51313 ], [ -56.39032, -34.51311 ], [ -56.3912, -34.51354 ], [ -56.39148, -34.5135 ], [ -56.39205, -34.51323 ], [ -56.39291, -34.51324 ], [ -56.39359, -34.5129 ], [ -56.39412, -34.51293 ], [ -56.39472, -34.51238 ], [ -56.39504, -34.51271 ], [ -56.39555, -34.5142 ], [ -56.3964, -34.514 ], [ -56.39811, -34.51319 ], [ -56.39892, -34.51322 ], [ -56.4002, -34.51362 ], [ -56.40072, -34.514 ], [ -56.40139, -34.51488 ], [ -56.40151, -34.51694 ], [ -56.40321, -34.51954 ], [ -56.40391, -34.52087 ], [ -56.4042, -34.52154 ], [ -56.40419, -34.52318 ], [ -56.4036, -34.52405 ], [ -56.39889, -34.52593 ] ] ] } },
{ "type": "Feature", "properties": { "nombre": "MO-MVD_CRI_Ao.Pantanoso", "curso": "Arroyo Pantanoso", "fecha_evento": null, "cota_local": null, "cota_oficial": null, "fuentes": "Intendencia Departamental de Montevideo" }, "geometry": { "type": "Polygon", "coordinates": [ [ [ -56.26119, -34.85055 ], [ -56.26132, -34.85078 ], [ -56.26145, -34.85204 ], [ -56.26203, -34.85299 ], [ -56.26207, -34.85333 ], [ -56.26421, -34.85421 ], [ -56.26479, -34.8546 ], [ -56.26456, -34.85472 ], [ -56.26411, -34.8547 ], [ -56.26338, -34.85453 ], [ -56.26238, -34.85495 ], [ -56.262, -34.85497 ], [ -56.26138, -34.85472 ], [ -56.26063, -34.85412 ], [ -56.26026, -34.85409 ], [ -56.25932, -34.85435 ], [ -56.25827, -34.85491 ], [ -56.25711, -34.85572 ], [ -56.25711, -34.856 ], [ -56.2581, -34.85678 ], [ -56.25928, -34.85743 ], [ -56.25964, -34.85778 ], [ -56.25859, -34.8572 ], [ -56.25653, -34.85713 ], [ -56.25494, -34.85612 ], [ -56.25489, -34.85587 ], [ -56.25445, -34.85582 ], [ -56.25343, -34.85596 ], [ -56.25311, -34.85619 ], [ -56.25293, -34.85652 ], [ -56.25203, -34.8568 ], [ -56.25155, -34.85708 ], [ -56.2513, -34.85716 ], [ -56.251, -34.85695 ], [ -56.25079, -34.85699 ], [ -56.24885, -34.85877 ], [ -56.24907, -34.85968 ], [ -56.24958, -34.86013 ], [ -56.24985, -34.86089 ], [ -56.24958, -34.86219 ], [ -56.24863, -34.86255 ], [ -56.24765, -34.86253 ], [ -56.24706, -34.8627 ], [ -56.2467, -34.86295 ], [ -56.24778, -34.86445 ], [ -56.25011, -34.86492 ], [ -56.25054, -34.86489 ], [ -56.25302, -34.86415 ], [ -56.25332, -34.86378 ], [ -56.25341, -34.86325 ], [ -56.25409, -34.86285 ], [ -56.25487, -34.86267 ], [ -56.25579, -34.86266 ], [ -56.25624, -34.86285 ], [ -56.25727, -34.86366 ], [ -56.25746, -34.86427 ], [ -56.25746, -34.86495 ], [ -56.25716, -34.86553 ], [ -56.25675, -34.86594 ], [ -56.25499, -34.86664 ], [ -56.25465, -34.8671 ], [ -56.25424, -34.86733 ], [ -56.25387, -34.86828 ], [ -56.2536, -34.86851 ], [ -56.25276, -34.86884 ], [ -56.2522, -34.86858 ], [ -56.25155, -34.86867 ], [ -56.25113, -34.86881 ], [ -56.25083, -34.86909 ], [ -56.25003, -34.86911 ], [ -56.24986, -34.86923 ], [ -56.24975, -34.87041 ], [ -56.25012, -34.8714 ], [ -56.25005, -34.87161 ], [ -56.24963, -34.87195 ], [ -56.24913, -34.87195 ], [ -56.24808, -34.87221 ], [ -56.24791, -34.87253 ], [ -56.24812, -34.87291 ], [ -56.24787, -34.87362 ], [ -56.24804, -34.8748 ], [ -56.24797, -34.8752 ], [ -56.24757, -34.87593 ], [ -56.24761, -34.8761 ], [ -56.24793, -34.87626 ], [ -56.24875, -34.87614 ], [ -56.24726, -34.87706 ], [ -56.24636, -34.87678 ], [ -56.24576, -34.87709 ], [ -56.24477, -34.87706 ], [ -56.24451, -34.87632 ], [ -56.24408, -34.876 ], [ -56.24293, -34.87618 ], [ -56.24258, -34.87604 ], [ -56.24241, -34.87576 ], [ -56.24177, -34.87562 ], [ -56.241, -34.87551 ], [ -56.239, -34.87559 ], [ -56.23861, -34.87514 ], [ -56.23858, -34.87476 ], [ -56.23883, -34.87446 ], [ -56.23937, -34.87427 ], [ -56.24013, -34.87431 ], [ -56.24007, -34.87409 ], [ -56.24031, -34.87359 ], [ -56.23993, -34.8723 ], [ -56.2403, -34.87176 ], [ -56.24139, -34.87153 ], [ -56.24285, -34.87172 ], [ -56.24353, -34.87158 ], [ -56.24368, -34.87144 ], [ -56.24273, -34.8716 ], [ -56.24238, -34.87146 ], [ -56.24187, -34.87042 ], [ -56.24202, -34.87003 ], [ -56.24344, -34.86969 ], [ -56.24368, -34.8693 ], [ -56.24361, -34.86894 ], [ -56.24309, -34.86829 ], [ -56.24276, -34.86737 ], [ -56.24214, -34.86678 ], [ -56.24163, -34.86648 ], [ -56.24082, -34.86476 ], [ -56.24055, -34.8646 ], [ -56.23989, -34.86471 ], [ -56.24042, -34.86386 ], [ -56.24024, -34.86335 ], [ -56.24025, -34.86269 ], [ -56.24005, -34.8623 ], [ -56.24016, -34.86189 ], [ -56.24006, -34.86044 ], [ -56.23982, -34.85983 ], [ -56.2401, -34.85936 ], [ -56.23994, -34.85926 ], [ -56.23964, -34.85855 ], [ -56.23987, -34.85797 ], [ -56.24007, -34.85774 ], [ -56.2405, -34.85756 ], [ -56.2414, -34.85664 ], [ -56.24141, -34.85605 ], [ -56.24165, -34.85583 ], [ -56.24208, -34.85578 ], [ -56.24208, -34.85607 ], [ -56.24226, -34.85594 ], [ -56.24261, -34.85613 ], [ -56.24309, -34.85685 ], [ -56.24365, -34.85894 ], [ -56.24388, -34.85928 ], [ -56.2445, -34.85979 ], [ -56.24485, -34.85962 ], [ -56.24506, -34.85965 ], [ -56.24604, -34.86012 ], [ -56.24632, -34.86013 ], [ -56.24588, -34.85956 ], [ -56.24556, -34.85826 ], [ -56.24594, -34.85716 ], [ -56.24601, -34.85656 ], [ -56.24683, -34.85559 ], [ -56.24656, -34.85414 ], [ -56.24678, -34.85408 ], [ -56.24711, -34.8543 ], [ -56.2473, -34.85426 ], [ -56.24795, -34.85385 ], [ -56.24817, -34.85352 ], [ -56.24783, -34.85301 ], [ -56.24776, -34.85147 ], [ -56.2474, -34.85125 ], [ -56.24732, -34.85094 ], [ -56.24797, -34.8511 ], [ -56.24893, -34.85072 ], [ -56.24995, -34.84809 ], [ -56.24988, -34.84735 ], [ -56.24997, -34.84712 ], [ -56.25016, -34.84708 ], [ -56.2502, -34.84676 ], [ -56.25046, -34.84674 ], [ -56.25063, -34.84699 ], [ -56.25052, -34.84752 ], [ -56.2511, -34.84761 ], [ -56.25134, -34.84805 ], [ -56.25292, -34.84858 ], [ -56.25312, -34.84875 ], [ -56.2535, -34.84875 ], [ -56.25346, -34.84855 ], [ -56.25507, -34.84957 ], [ -56.25503, -34.84985 ], [ -56.25734, -34.84982 ], [ -56.25801, -34.84954 ], [ -56.25846, -34.84869 ], [ -56.25869, -34.84783 ], [ -56.25869, -34.84746 ], [ -56.25835, -34.84679 ], [ -56.25839, -34.84647 ], [ -56.26041, -34.8447 ], [ -56.26088, -34.84413 ], [ -56.2612, -34.84342 ], [ -56.26105, -34.84267 ], [ -56.26064, -34.84203 ], [ -56.26054, -34.84154 ], [ -56.25979, -34.84092 ], [ -56.25994, -34.84036 ], [ -56.26124, -34.84034 ], [ -56.26215, -34.84004 ], [ -56.26348, -34.8393 ], [ -56.26378, -34.83902 ], [ -56.26498, -34.83875 ], [ -56.26513, -34.83833 ], [ -56.26429, -34.83794 ], [ -56.26384, -34.83743 ], [ -56.26427, -34.83618 ], [ -56.26425, -34.83536 ], [ -56.26406, -34.83461 ], [ -56.26371, -34.83434 ], [ -56.26376, -34.83332 ], [ -56.26406, -34.8336 ], [ -56.2647, -34.83358 ], [ -56.26528, -34.83323 ], [ -56.26717, -34.83337 ], [ -56.26755, -34.83322 ], [ -56.26794, -34.83297 ], [ -56.26832, -34.83249 ], [ -56.26835, -34.83195 ], [ -56.26813, -34.83136 ], [ -56.26835, -34.8312 ], [ -56.26888, -34.83261 ], [ -56.26875, -34.83293 ], [ -56.26723, -34.83349 ], [ -56.26652, -34.83337 ], [ -56.26528, -34.83342 ], [ -56.26487, -34.83391 ], [ -56.26447, -34.83508 ], [ -56.26528, -34.83731 ], [ -56.26612, -34.83883 ], [ -56.26684, -34.83925 ], [ -56.26787, -34.83941 ], [ -56.26841, -34.83971 ], [ -56.26858, -34.83966 ], [ -56.2688, -34.84007 ], [ -56.26867, -34.84019 ], [ -56.26873, -34.84054 ], [ -56.26766, -34.84074 ], [ -56.26669, -34.84134 ], [ -56.26618, -34.84181 ], [ -56.26597, -34.8423 ], [ -56.26607, -34.84363 ], [ -56.26575, -34.84391 ], [ -56.26532, -34.84488 ], [ -56.26468, -34.84563 ], [ -56.26442, -34.84625 ], [ -56.26404, -34.84674 ], [ -56.26397, -34.84715 ], [ -56.26414, -34.84769 ], [ -56.26301, -34.84778 ], [ -56.26191, -34.8481 ], [ -56.26134, -34.84813 ], [ -56.26091, -34.84801 ], [ -56.26048, -34.84833 ], [ -56.26035, -34.84859 ], [ -56.25981, -34.84895 ], [ -56.25977, -34.84937 ], [ -56.26015, -34.85 ], [ -56.26119, -34.85055 ] ] ] } },
{ "type": "Feature", "properties": { "nombre": "AR-ART_CRI-ene2019_Ro.Cuareim", "curso": "Río Cuareim", "fecha_evento": "2019-01-11", "cota_local": 10.43, "cota_oficial": 97.68, "fuentes": "Dirección Nacional de Aguas (DINAGUA) - Inundaciones y Drenaje Urbano" }, "geometry": { "type": "MultiPolygon", "coordinates": [ [ [ [ -56.47106, -30.39158 ], [ -56.47076, -30.39062 ], [ -56.46995, -30.38996 ], [ -56.46918, -30.38972 ], [ -56.46878, -30.39002 ], [ -56.46882, -30.39019 ], [ -56.46741, -30.3892 ], [ -56.4658, -30.38875 ], [ -56.4646, -30.38884 ], [ -56.46463, -30.38894 ], [ -56.46451, -30.38887 ], [ -56.46408, -30.38897 ], [ -56.46412, -30.3891 ], [ -56.46395, -30.389 ], [ -56.46298, -30.38949 ], [ -56.46264, -30.38954 ], [ -56.46255, -30.38983 ], [ -56.46182, -30.39025 ], [ -56.46157, -30.39089 ], [ -56.46087, -30.39166 ], [ -56.46102, -30.39189 ], [ -56.46085, -30.39216 ], [ -56.46096, -30.3923 ], [ -56.46085, -30.39225 ], [ -56.46071, -30.39267 ], [ -56.46073, -30.39324 ], [ -56.46091, -30.39361 ], [ -56.46044, -30.39364 ], [ -56.46012, -30.39382 ], [ -56.46008, -30.39426 ], [ -56.45987, -30.39425 ], [ -56.45992, -30.39441 ], [ -56.45979, -30.39448 ], [ -56.45955, -30.39434 ], [ -56.45924, -30.39458 ], [ -56.45946, -30.39485 ], [ -56.45755, -30.39331 ], [ -56.45639, -30.39267 ], [ -56.45626, -30.39212 ], [ -56.45716, -30.38983 ], [ -56.45775, -30.38886 ], [ -56.45864, -30.38819 ], [ -56.45987, -30.38693 ], [ -56.46145, -30.38497 ], [ -56.46218, -30.38466 ], [ -56.46268, -30.38467 ], [ -56.46545, -30.38535 ], [ -56.46662, -30.38544 ], [ -56.46784, -30.38654 ], [ -56.46844, -30.38681 ], [ -56.47117, -30.38713 ], [ -56.47243, -30.38772 ], [ -56.47334, -30.38789 ], [ -56.47617, -30.38932 ], [ -56.48006, -30.392 ], [ -56.48033, -30.39239 ], [ -56.48208, -30.39653 ], [ -56.4829, -30.39795 ], [ -56.48341, -30.39861 ], [ -56.48392, -30.39891 ], [ -56.48696, -30.39881 ], [ -56.48964, -30.39849 ], [ -56.49131, -30.39778 ], [ -56.49168, -30.39727 ], [ -56.49172, -30.39658 ], [ -56.49241, -30.39658 ], [ -56.49258, -30.39758 ], [ -56.49282, -30.39806 ], [ -56.49235, -30.39803 ], [ -56.48949, -30.39903 ], [ -56.48955, -30.40009 ], [ -56.48881, -30.39957 ], [ -56.4887, -30.39923 ], [ -56.48845, -30.39918 ], [ -56.488, -30.39928 ], [ -56.48758, -30.39921 ], [ -56.48685, -30.39955 ], [ -56.48657, -30.3994 ], [ -56.48376, -30.39982 ], [ -56.48311, -30.40011 ], [ -56.48279, -30.40067 ], [ -56.4818, -30.4005 ], [ -56.48086, -30.40077 ], [ -56.4803, -30.40118 ], [ -56.48008, -30.40152 ], [ -56.47975, -30.40168 ], [ -56.47925, -30.40229 ], [ -56.47902, -30.40136 ], [ -56.47923, -30.40072 ], [ -56.47916, -30.40008 ], [ -56.47874, -30.39961 ], [ -56.47823, -30.39927 ], [ -56.47602, -30.39844 ], [ -56.47593, -30.39828 ], [ -56.47609, -30.39793 ], [ -56.47562, -30.39834 ], [ -56.47562, -30.3983 ], [ -56.47599, -30.39792 ], [ -56.47556, -30.39803 ], [ -56.47513, -30.39741 ], [ -56.47484, -30.39757 ], [ -56.47508, -30.39717 ], [ -56.47468, -30.39738 ], [ -56.47451, -30.39733 ], [ -56.47447, -30.3968 ], [ -56.47421, -30.39679 ], [ -56.47408, -30.39665 ], [ -56.47403, -30.39609 ], [ -56.4742, -30.39586 ], [ -56.47462, -30.39567 ], [ -56.47448, -30.39559 ], [ -56.47413, -30.39583 ], [ -56.4744, -30.39546 ], [ -56.47404, -30.39511 ], [ -56.47358, -30.3954 ], [ -56.47393, -30.39503 ], [ -56.47359, -30.39465 ], [ -56.47354, -30.39428 ], [ -56.47337, -30.39407 ], [ -56.47322, -30.39412 ], [ -56.47285, -30.39373 ], [ -56.47217, -30.39254 ], [ -56.47106, -30.39158 ] ] ], [ [ [ -56.45414, -30.42195 ], [ -56.45408, -30.42124 ], [ -56.4538, -30.4208 ], [ -56.45289, -30.42021 ], [ -56.45237, -30.4194 ], [ -56.45099, -30.41837 ], [ -56.44753, -30.41661 ], [ -56.44674, -30.41641 ], [ -56.44535, -30.41583 ], [ -56.44486, -30.41526 ], [ -56.44457, -30.41454 ], [ -56.44434, -30.41327 ], [ -56.44459, -30.41179 ], [ -56.44486, -30.41103 ], [ -56.44546, -30.40992 ], [ -56.45118, -30.40493 ], [ -56.45418, -30.4015 ], [ -56.45453, -30.40055 ], [ -56.45541, -30.39648 ], [ -56.45571, -30.3949 ], [ -56.45575, -30.39368 ], [ -56.45606, -30.3926 ], [ -56.45785, -30.39364 ], [ -56.45926, -30.39496 ], [ -56.45897, -30.39481 ], [ -56.4586, -30.39508 ], [ -56.45843, -30.39534 ], [ -56.45878, -30.39532 ], [ -56.45885, -30.39551 ], [ -56.45855, -30.39622 ], [ -56.45836, -30.39632 ], [ -56.45821, -30.39667 ], [ -56.45779, -30.39649 ], [ -56.45737, -30.397 ], [ -56.45745, -30.39754 ], [ -56.45719, -30.39766 ], [ -56.45723, -30.39798 ], [ -56.45706, -30.39816 ], [ -56.45722, -30.39865 ], [ -56.45774, -30.39914 ], [ -56.45749, -30.39915 ], [ -56.45758, -30.39948 ], [ -56.45734, -30.39947 ], [ -56.45719, -30.3996 ], [ -56.4567, -30.39941 ], [ -56.45602, -30.39978 ], [ -56.45593, -30.40008 ], [ -56.45573, -30.40017 ], [ -56.45563, -30.40046 ], [ -56.45544, -30.40059 ], [ -56.45489, -30.40243 ], [ -56.45481, -30.40325 ], [ -56.45512, -30.4045 ], [ -56.45566, -30.40546 ], [ -56.45549, -30.40608 ], [ -56.45556, -30.40662 ], [ -56.45593, -30.40696 ], [ -56.45639, -30.407 ], [ -56.45724, -30.40729 ], [ -56.45766, -30.40756 ], [ -56.45812, -30.40764 ], [ -56.45842, -30.40788 ], [ -56.45899, -30.40806 ], [ -56.45978, -30.40854 ], [ -56.46, -30.40892 ], [ -56.46125, -30.40964 ], [ -56.46137, -30.40986 ], [ -56.46083, -30.40964 ], [ -56.46023, -30.40957 ], [ -56.46067, -30.41002 ], [ -56.45899, -30.40963 ], [ -56.45767, -30.40985 ], [ -56.45681, -30.40984 ], [ -56.45532, -30.41019 ], [ -56.45515, -30.41073 ], [ -56.45523, -30.41145 ], [ -56.45505, -30.41154 ], [ -56.45494, -30.41216 ], [ -56.45505, -30.41254 ], [ -56.45529, -30.41268 ], [ -56.45532, -30.41313 ], [ -56.45576, -30.41428 ], [ -56.45563, -30.41442 ], [ -56.45565, -30.41483 ], [ -56.45578, -30.41496 ], [ -56.45535, -30.41635 ], [ -56.45529, -30.41731 ], [ -56.45543, -30.41739 ], [ -56.4553, -30.41747 ], [ -56.45544, -30.41797 ], [ -56.45568, -30.41816 ], [ -56.45578, -30.41877 ], [ -56.45617, -30.41875 ], [ -56.45604, -30.41894 ], [ -56.45619, -30.41897 ], [ -56.45623, -30.41885 ], [ -56.45634, -30.41889 ], [ -56.45631, -30.41875 ], [ -56.45638, -30.41886 ], [ -56.45638, -30.41867 ], [ -56.45646, -30.41898 ], [ -56.45703, -30.41908 ], [ -56.4567, -30.41906 ], [ -56.45697, -30.41912 ], [ -56.45698, -30.41959 ], [ -56.45712, -30.4197 ], [ -56.45678, -30.41966 ], [ -56.45711, -30.41984 ], [ -56.45677, -30.4199 ], [ -56.45716, -30.42017 ], [ -56.45703, -30.42023 ], [ -56.45668, -30.42007 ], [ -56.45658, -30.42014 ], [ -56.45584, -30.41996 ], [ -56.45549, -30.42014 ], [ -56.4556, -30.42044 ], [ -56.45533, -30.42059 ], [ -56.45555, -30.42071 ], [ -56.45598, -30.42142 ], [ -56.45598, -30.42162 ], [ -56.45639, -30.42205 ], [ -56.45414, -30.42195 ] ] ] ] } },
{ "type": "Feature", "properties": { "nombre": "RN-NBN_CRI-jun2017_Ro.Uruguay", "curso": "Río Uruguay", "fecha_evento": "2017-06-01", "cota_local": 4.99, "cota_oficial": 4.78, "fuentes": "Dirección Nacional de Aguas (DINAGUA) - Inundaciones y Drenaje Urbano" }, "geometry": { "type": "Polygon", "coordinates": [ [ [ -58.07368, -32.98609 ], [ -58.05942, -32.99068 ], [ -58.0585, -32.99033 ], [ -58.05845, -32.98984 ], [ -58.05892, -32.98948 ], [ -58.05956, -32.98952 ], [ -58.06013, -32.98892 ], [ -58.05978, -32.98843 ], [ -58.05971, -32.98766 ], [ -58.06017, -32.98725 ], [ -58.06016, -32.9868 ], [ -58.06035, -32.98626 ], [ -58.0608, -32.98608 ], [ -58.06145, -32.98629 ], [ -58.06192, -32.98591 ], [ -58.06215, -32.98556 ], [ -58.06226, -32.98457 ], [ -58.06256, -32.98412 ], [ -58.06302, -32.98394 ], [ -58.06318, -32.98367 ], [ -58.06403, -32.98301 ], [ -58.06483, -32.98259 ], [ -58.06501, -32.98202 ], [ -58.06372, -32.98073 ], [ -58.06372, -32.98055 ], [ -58.0633, -32.98001 ], [ -58.06282, -32.97965 ], [ -58.0619, -32.97965 ], [ -58.06065, -32.97913 ], [ -58.0602, -32.97832 ], [ -58.06022, -32.978 ], [ -58.05974, -32.9775 ], [ -58.05931, -32.97729 ], [ -58.05898, -32.97666 ], [ -58.05865, -32.97648 ], [ -58.05848, -32.97608 ], [ -58.05797, -32.97563 ], [ -58.05768, -32.97551 ], [ -58.05713, -32.97578 ], [ -58.05688, -32.97604 ], [ -58.05645, -32.97598 ], [ -58.05621, -32.97524 ], [ -58.05625, -32.9747 ], [ -58.05639, -32.97452 ], [ -58.05625, -32.97416 ], [ -58.0564, -32.97357 ], [ -58.05614, -32.97299 ], [ -58.05587, -32.97276 ], [ -58.05584, -32.97254 ], [ -58.05469, -32.97184 ], [ -58.05361, -32.97148 ], [ -58.05325, -32.97112 ], [ -58.05281, -32.97112 ], [ -58.05228, -32.97155 ], [ -58.05207, -32.97156 ], [ -58.05238, -32.97113 ], [ -58.05238, -32.97054 ], [ -58.05193, -32.96973 ], [ -58.06148, -32.96385 ], [ -58.06213, -32.96446 ], [ -58.06241, -32.96582 ], [ -58.06374, -32.96887 ], [ -58.06652, -32.97356 ], [ -58.06972, -32.9784 ], [ -58.07127, -32.98182 ], [ -58.07368, -32.98609 ] ] ] } },
{ "type": "Feature", "properties": { "nombre": "MA_PDA_CRI_junio2021_AoPanAzucar", "curso": "Arroyo Pan de Azucar", "fecha_evento": "2021-06-05", "cota_local": null, "cota_oficial": null, "fuentes": "Dirección Nacional de Aguas (DINAGUA) - Inundaciones y Drenaje Urbano" }, "geometry": { "type": "Polygon", "coordinates": [ [ [ -55.23167, -34.76121 ], [ -55.23761, -34.76332 ], [ -55.23803, -34.76415 ], [ -55.23743, -34.76476 ], [ -55.23742, -34.76608 ], [ -55.23796, -34.76715 ], [ -55.2389, -34.76825 ], [ -55.23897, -34.76865 ], [ -55.2374, -34.76891 ], [ -55.23752, -34.76827 ], [ -55.23799, -34.76801 ], [ -55.23798, -34.76786 ], [ -55.23771, -34.76745 ], [ -55.23721, -34.76723 ], [ -55.23661, -34.76614 ], [ -55.23681, -34.76591 ], [ -55.2366, -34.76567 ], [ -55.23622, -34.76587 ], [ -55.23603, -34.7656 ], [ -55.23545, -34.76537 ], [ -55.23685, -34.76513 ], [ -55.23562, -34.76523 ], [ -55.2339, -34.7652 ], [ -55.2333, -34.76505 ], [ -55.23335, -34.76473 ], [ -55.23294, -34.76464 ], [ -55.23281, -34.76507 ], [ -55.23277, -34.76491 ], [ -55.23192, -34.76478 ], [ -55.23205, -34.76423 ], [ -55.23116, -34.76429 ], [ -55.23057, -34.76388 ], [ -55.23048, -34.76366 ], [ -55.23039, -34.76382 ], [ -55.22966, -34.76402 ], [ -55.22951, -34.76374 ], [ -55.22991, -34.76336 ], [ -55.23001, -34.763 ], [ -55.23054, -34.76308 ], [ -55.23059, -34.76293 ], [ -55.23006, -34.76281 ], [ -55.23003, -34.76241 ], [ -55.23167, -34.76121 ] ] ] } },
{ "type": "Feature", "properties": { "nombre": "SJ-SJM_CRI-mar2024_Ro.San-José", "curso": "Río San José", "fecha_evento": "2024-03-21", "cota_local": 11.36, "cota_oficial": 30.24, "fuentes": "Fuerza Aérea Uruguaya - Servicio de Sensores Remotos Aeroespaciales, Dirección Nacional de Aguas (DINAGUA) - Inundaciones y Drenaje Urbano" }, "geometry": { "type": "Polygon", "coordinates": [ [ [ -56.7245, -34.33299 ], [ -56.7247, -34.33322 ], [ -56.72525, -34.33308 ], [ -56.72596, -34.33375 ], [ -56.72553, -34.33454 ], [ -56.72592, -34.3356 ], [ -56.72579, -34.3361 ], [ -56.72592, -34.33641 ], [ -56.72558, -34.33657 ], [ -56.72547, -34.33687 ], [ -56.72425, -34.33672 ], [ -56.72458, -34.33635 ], [ -56.72458, -34.33564 ], [ -56.72439, -34.33506 ], [ -56.72423, -34.33495 ], [ -56.72403, -34.33493 ], [ -56.72373, -34.33513 ], [ -56.72343, -34.33487 ], [ -56.72391, -34.33462 ], [ -56.72381, -34.33449 ], [ -56.72317, -34.3348 ], [ -56.72291, -34.33461 ], [ -56.72303, -34.33438 ], [ -56.7224, -34.33386 ], [ -56.72206, -34.33394 ], [ -56.72217, -34.33374 ], [ -56.72203, -34.33359 ], [ -56.72153, -34.33358 ], [ -56.72136, -34.33338 ], [ -56.72098, -34.33334 ], [ -56.72036, -34.33296 ], [ -56.71943, -34.33305 ], [ -56.71889, -34.33265 ], [ -56.71841, -34.33257 ], [ -56.71833, -34.33243 ], [ -56.71856, -34.33219 ], [ -56.71851, -34.33185 ], [ -56.71807, -34.33138 ], [ -56.71786, -34.3315 ], [ -56.71762, -34.33137 ], [ -56.71778, -34.33137 ], [ -56.71793, -34.33112 ], [ -56.71776, -34.33071 ], [ -56.71734, -34.33029 ], [ -56.71667, -34.33023 ], [ -56.71701, -34.32959 ], [ -56.71657, -34.32925 ], [ -56.71622, -34.32915 ], [ -56.71608, -34.32847 ], [ -56.71541, -34.32823 ], [ -56.71629, -34.32831 ], [ -56.71668, -34.32717 ], [ -56.71664, -34.327 ], [ -56.71696, -34.32716 ], [ -56.71684, -34.32716 ], [ -56.71669, -34.32782 ], [ -56.71688, -34.32801 ], [ -56.71749, -34.328 ], [ -56.71747, -34.32758 ], [ -56.71723, -34.32737 ], [ -56.7176, -34.32742 ], [ -56.71688, -34.32692 ], [ -56.71722, -34.32632 ], [ -56.71707, -34.32578 ], [ -56.7169, -34.32563 ], [ -56.71534, -34.32489 ], [ -56.71493, -34.32491 ], [ -56.71442, -34.32523 ], [ -56.71432, -34.32543 ], [ -56.7144, -34.32552 ], [ -56.71394, -34.32537 ], [ -56.7143, -34.32567 ], [ -56.71419, -34.32564 ], [ -56.71416, -34.32577 ], [ -56.71431, -34.32592 ], [ -56.7141, -34.32589 ], [ -56.71393, -34.3265 ], [ -56.71395, -34.32625 ], [ -56.71388, -34.32645 ], [ -56.71392, -34.32618 ], [ -56.71378, -34.3261 ], [ -56.71372, -34.32632 ], [ -56.71385, -34.32642 ], [ -56.71371, -34.3264 ], [ -56.71365, -34.32666 ], [ -56.71332, -34.32669 ], [ -56.71312, -34.32697 ], [ -56.71314, -34.32669 ], [ -56.71298, -34.32662 ], [ -56.71305, -34.32618 ], [ -56.71281, -34.32611 ], [ -56.71284, -34.32593 ], [ -56.71247, -34.32586 ], [ -56.71256, -34.32578 ], [ -56.71235, -34.32567 ], [ -56.71228, -34.32532 ], [ -56.71237, -34.32527 ], [ -56.7122, -34.3252 ], [ -56.71237, -34.32507 ], [ -56.71225, -34.32505 ], [ -56.71219, -34.3248 ], [ -56.71227, -34.32462 ], [ -56.71207, -34.32446 ], [ -56.71288, -34.32479 ], [ -56.71214, -34.32425 ], [ -56.71228, -34.32427 ], [ -56.71225, -34.32402 ], [ -56.71243, -34.32415 ], [ -56.71287, -34.32413 ], [ -56.71297, -34.32395 ], [ -56.71287, -34.32355 ], [ -56.71242, -34.3232 ], [ -56.71231, -34.32251 ], [ -56.71205, -34.3222 ], [ -56.71172, -34.32207 ], [ -56.71109, -34.32212 ], [ -56.71094, -34.32201 ], [ -56.71088, -34.32164 ], [ -56.71112, -34.3209 ], [ -56.71095, -34.32047 ], [ -56.70895, -34.32048 ], [ -56.70809, -34.32133 ], [ -56.70793, -34.32135 ], [ -56.70793, -34.32174 ], [ -56.70777, -34.32176 ], [ -56.70786, -34.32238 ], [ -56.70734, -34.32244 ], [ -56.70722, -34.32319 ], [ -56.70762, -34.32423 ], [ -56.7081, -34.32498 ], [ -56.70787, -34.32513 ], [ -56.7081, -34.32509 ], [ -56.70818, -34.32589 ], [ -56.70875, -34.32613 ], [ -56.70866, -34.32613 ], [ -56.70877, -34.32624 ], [ -56.7086, -34.32626 ], [ -56.70852, -34.32653 ], [ -56.70842, -34.32695 ], [ -56.70851, -34.32731 ], [ -56.70827, -34.32723 ], [ -56.70784, -34.3273 ], [ -56.70773, -34.32756 ], [ -56.7083, -34.32775 ], [ -56.70854, -34.32739 ], [ -56.70842, -34.32779 ], [ -56.70887, -34.328 ], [ -56.70836, -34.32787 ], [ -56.70811, -34.3283 ], [ -56.70823, -34.32785 ], [ -56.7074, -34.32758 ], [ -56.70732, -34.32834 ], [ -56.70683, -34.32871 ], [ -56.70672, -34.32898 ], [ -56.7072, -34.32917 ], [ -56.70632, -34.32891 ], [ -56.70657, -34.32894 ], [ -56.70664, -34.32876 ], [ -56.70652, -34.32857 ], [ -56.7067, -34.32825 ], [ -56.7062, -34.32812 ], [ -56.70602, -34.32829 ], [ -56.70596, -34.32823 ], [ -56.70603, -34.3281 ], [ -56.70571, -34.32772 ], [ -56.70582, -34.32716 ], [ -56.70566, -34.32714 ], [ -56.70552, -34.32735 ], [ -56.70492, -34.32665 ], [ -56.70473, -34.32663 ], [ -56.70445, -34.32703 ], [ -56.70455, -34.32668 ], [ -56.70403, -34.32596 ], [ -56.70298, -34.32563 ], [ -56.70261, -34.32619 ], [ -56.70282, -34.32565 ], [ -56.70231, -34.32551 ], [ -56.70211, -34.32578 ], [ -56.70159, -34.32576 ], [ -56.7014, -34.32556 ], [ -56.7015, -34.32515 ], [ -56.70115, -34.32503 ], [ -56.70102, -34.32514 ], [ -56.70104, -34.32496 ], [ -56.70033, -34.32466 ], [ -56.70108, -34.32488 ], [ -56.70125, -34.3245 ], [ -56.70017, -34.32422 ], [ -56.69993, -34.32446 ], [ -56.69939, -34.32428 ], [ -56.69862, -34.32575 ], [ -56.69989, -34.32633 ], [ -56.69858, -34.32587 ], [ -56.69784, -34.32734 ], [ -56.69898, -34.32775 ], [ -56.69912, -34.32801 ], [ -56.69961, -34.32821 ], [ -56.69945, -34.32823 ], [ -56.69912, -34.32862 ], [ -56.6992, -34.32875 ], [ -56.69893, -34.32874 ], [ -56.69881, -34.32889 ], [ -56.69948, -34.3295 ], [ -56.69935, -34.33035 ], [ -56.69976, -34.33048 ], [ -56.69931, -34.33048 ], [ -56.69879, -34.33197 ], [ -56.69846, -34.33199 ], [ -56.69841, -34.33221 ], [ -56.69867, -34.3327 ], [ -56.69749, -34.33305 ], [ -56.69871, -34.33284 ], [ -56.69839, -34.33414 ], [ -56.6984, -34.33469 ], [ -56.69887, -34.33512 ], [ -56.69894, -34.33499 ], [ -56.69892, -34.33534 ], [ -56.70074, -34.33573 ], [ -56.70064, -34.33647 ], [ -56.70095, -34.33654 ], [ -56.70083, -34.33655 ], [ -56.70092, -34.33662 ], [ -56.70063, -34.33658 ], [ -56.70046, -34.33712 ], [ -56.70035, -34.33711 ], [ -56.70036, -34.33694 ], [ -56.70018, -34.33696 ], [ -56.70002, -34.3372 ], [ -56.70011, -34.33729 ], [ -56.69965, -34.33744 ], [ -56.69929, -34.33789 ], [ -56.69936, -34.33801 ], [ -56.69917, -34.33801 ], [ -56.69913, -34.33814 ], [ -56.6997, -34.33884 ], [ -56.69951, -34.33889 ], [ -56.69943, -34.33919 ], [ -56.69908, -34.33945 ], [ -56.69959, -34.33953 ], [ -56.69968, -34.33923 ], [ -56.69967, -34.3394 ], [ -56.69978, -34.33925 ], [ -56.69968, -34.33955 ], [ -56.69982, -34.33961 ], [ -56.69965, -34.33969 ], [ -56.69957, -34.33998 ], [ -56.69987, -34.34005 ], [ -56.69985, -34.34013 ], [ -56.69962, -34.34009 ], [ -56.69966, -34.34049 ], [ -56.69982, -34.34056 ], [ -56.69942, -34.34056 ], [ -56.69928, -34.34075 ], [ -56.69925, -34.34065 ], [ -56.69885, -34.34077 ], [ -56.69842, -34.34137 ], [ -56.69617, -34.34096 ], [ -56.69614, -34.34105 ], [ -56.69815, -34.34144 ], [ -56.6983, -34.34192 ], [ -56.69874, -34.34203 ], [ -56.69855, -34.34213 ], [ -56.6996, -34.34319 ], [ -56.69959, -34.34355 ], [ -56.69975, -34.34389 ], [ -56.69966, -34.34399 ], [ -56.69969, -34.34497 ], [ -56.7005, -34.3455 ], [ -56.70202, -34.34559 ], [ -56.70227, -34.34549 ], [ -56.7025, -34.34506 ], [ -56.70258, -34.34521 ], [ -56.70344, -34.3447 ], [ -56.70332, -34.34464 ], [ -56.70379, -34.34458 ], [ -56.70396, -34.34441 ], [ -56.70411, -34.34387 ], [ -56.70416, -34.34399 ], [ -56.70426, -34.34388 ], [ -56.70423, -34.34443 ], [ -56.70456, -34.34478 ], [ -56.70442, -34.34481 ], [ -56.70461, -34.34488 ], [ -56.70449, -34.34489 ], [ -56.70452, -34.34519 ], [ -56.70506, -34.34585 ], [ -56.70479, -34.34588 ], [ -56.70437, -34.34653 ], [ -56.70401, -34.34671 ], [ -56.70386, -34.34691 ], [ -56.70392, -34.34718 ], [ -56.70423, -34.34747 ], [ -56.70439, -34.34741 ], [ -56.70473, -34.34794 ], [ -56.70517, -34.34829 ], [ -56.70609, -34.34886 ], [ -56.7061, -34.34918 ], [ -56.70597, -34.34926 ], [ -56.70321, -34.34843 ], [ -56.70283, -34.34873 ], [ -56.70381, -34.35051 ], [ -56.70437, -34.35118 ], [ -56.70483, -34.35148 ], [ -56.70532, -34.35159 ], [ -56.70627, -34.35122 ], [ -56.70635, -34.35104 ], [ -56.70704, -34.3509 ], [ -56.70734, -34.35131 ], [ -56.70738, -34.35159 ], [ -56.70704, -34.35331 ], [ -56.70688, -34.3536 ], [ -56.7069, -34.35398 ], [ -56.70753, -34.35464 ], [ -56.70798, -34.35476 ], [ -56.70813, -34.35528 ], [ -56.70841, -34.35561 ], [ -56.70896, -34.35587 ], [ -56.70941, -34.35577 ], [ -56.70963, -34.35617 ], [ -56.71002, -34.35645 ], [ -56.71042, -34.35645 ], [ -56.71089, -34.35611 ], [ -56.71103, -34.35644 ], [ -56.71027, -34.35693 ], [ -56.70983, -34.35765 ], [ -56.70946, -34.35784 ], [ -56.70961, -34.35816 ], [ -56.70999, -34.35836 ], [ -56.7102, -34.35872 ], [ -56.71052, -34.35891 ], [ -56.71018, -34.35927 ], [ -56.71123, -34.35965 ], [ -56.71233, -34.35953 ], [ -56.71279, -34.35927 ], [ -56.71375, -34.35902 ], [ -56.71401, -34.35932 ], [ -56.71537, -34.35977 ], [ -56.71559, -34.36023 ], [ -56.71585, -34.36038 ], [ -56.71548, -34.36025 ], [ -56.71531, -34.35994 ], [ -56.71504, -34.35989 ], [ -56.714, -34.36009 ], [ -56.71343, -34.3604 ], [ -56.71319, -34.36071 ], [ -56.71334, -34.36167 ], [ -56.71328, -34.36243 ], [ -56.71347, -34.36272 ], [ -56.71537, -34.36347 ], [ -56.71566, -34.3641 ], [ -56.71618, -34.36455 ], [ -56.71646, -34.36508 ], [ -56.71628, -34.36558 ], [ -56.71644, -34.36641 ], [ -56.71757, -34.36725 ], [ -56.71801, -34.36784 ], [ -56.71821, -34.36793 ], [ -56.71946, -34.36808 ], [ -56.72034, -34.36834 ], [ -56.72097, -34.36882 ], [ -56.72183, -34.36842 ], [ -56.72181, -34.36848 ], [ -56.72155, -34.36856 ], [ -56.7211, -34.36897 ], [ -56.72028, -34.36853 ], [ -56.71968, -34.36852 ], [ -56.71897, -34.36829 ], [ -56.71812, -34.36851 ], [ -56.71786, -34.36874 ], [ -56.71775, -34.36871 ], [ -56.71731, -34.36805 ], [ -56.71721, -34.36757 ], [ -56.71697, -34.36738 ], [ -56.71504, -34.36693 ], [ -56.71467, -34.36563 ], [ -56.7141, -34.36501 ], [ -56.7118, -34.36413 ], [ -56.71047, -34.36425 ], [ -56.71058, -34.36277 ], [ -56.71108, -34.36164 ], [ -56.71085, -34.36131 ], [ -56.70852, -34.36013 ], [ -56.7075, -34.35896 ], [ -56.70666, -34.35894 ], [ -56.70496, -34.35945 ], [ -56.70479, -34.35922 ], [ -56.70507, -34.35867 ], [ -56.70572, -34.3581 ], [ -56.70568, -34.3579 ], [ -56.70526, -34.35742 ], [ -56.70393, -34.35646 ], [ -56.70293, -34.35636 ], [ -56.7027, -34.35599 ], [ -56.70293, -34.3554 ], [ -56.70275, -34.35471 ], [ -56.70246, -34.3544 ], [ -56.70188, -34.3542 ], [ -56.70036, -34.35429 ], [ -56.69986, -34.35452 ], [ -56.69901, -34.3546 ], [ -56.69849, -34.35506 ], [ -56.69826, -34.35598 ], [ -56.69849, -34.35681 ], [ -56.6983, -34.35705 ], [ -56.69757, -34.35743 ], [ -56.69652, -34.36015 ], [ -56.6974, -34.36135 ], [ -56.69701, -34.36185 ], [ -56.69611, -34.36183 ], [ -56.69542, -34.36152 ], [ -56.69489, -34.36082 ], [ -56.69512, -34.35941 ], [ -56.69615, -34.35763 ], [ -56.6963, -34.3553 ], [ -56.696, -34.35412 ], [ -56.69513, -34.35393 ], [ -56.69379, -34.35467 ], [ -56.69304, -34.35496 ], [ -56.69234, -34.35483 ], [ -56.69171, -34.35431 ], [ -56.69106, -34.35428 ], [ -56.68963, -34.35444 ], [ -56.68837, -34.35504 ], [ -56.68797, -34.35535 ], [ -56.68515, -34.35116 ], [ -56.68709, -34.35133 ], [ -56.68829, -34.35057 ], [ -56.69113, -34.34998 ], [ -56.69187, -34.34932 ], [ -56.69199, -34.34766 ], [ -56.69082, -34.34648 ], [ -56.69006, -34.34629 ], [ -56.68851, -34.3467 ], [ -56.68818, -34.34663 ], [ -56.68825, -34.34704 ], [ -56.68755, -34.34736 ], [ -56.68764, -34.34679 ], [ -56.68753, -34.34647 ], [ -56.68702, -34.34639 ], [ -56.68664, -34.3461 ], [ -56.68655, -34.34565 ], [ -56.68625, -34.34525 ], [ -56.68564, -34.34541 ], [ -56.68466, -34.34522 ], [ -56.68449, -34.34508 ], [ -56.68474, -34.34457 ], [ -56.68461, -34.34438 ], [ -56.68345, -34.34477 ], [ -56.68293, -34.34481 ], [ -56.68344, -34.34395 ], [ -56.68382, -34.34302 ], [ -56.68382, -34.34265 ], [ -56.68424, -34.34182 ], [ -56.68408, -34.34126 ], [ -56.68374, -34.34076 ], [ -56.68316, -34.3404 ], [ -56.68259, -34.34036 ], [ -56.68149, -34.34062 ], [ -56.68085, -34.34129 ], [ -56.68128, -34.34046 ], [ -56.68178, -34.33808 ], [ -56.68197, -34.33774 ], [ -56.68185, -34.33734 ], [ -56.68234, -34.33701 ], [ -56.68334, -34.3374 ], [ -56.68363, -34.3373 ], [ -56.68375, -34.33704 ], [ -56.68357, -34.33616 ], [ -56.6832, -34.33568 ], [ -56.68268, -34.33565 ], [ -56.68126, -34.33616 ], [ -56.68096, -34.33701 ], [ -56.68019, -34.33813 ], [ -56.68026, -34.33824 ], [ -56.68054, -34.33821 ], [ -56.68161, -34.33757 ], [ -56.67964, -34.33921 ], [ -56.67881, -34.33968 ], [ -56.67847, -34.3396 ], [ -56.67846, -34.33901 ], [ -56.6779, -34.33909 ], [ -56.67779, -34.33928 ], [ -56.6772, -34.33868 ], [ -56.67686, -34.33871 ], [ -56.67662, -34.3388 ], [ -56.67637, -34.3391 ], [ -56.67602, -34.34059 ], [ -56.67458, -34.33885 ], [ -56.67409, -34.33891 ], [ -56.67342, -34.33944 ], [ -56.67309, -34.34011 ], [ -56.67199, -34.34033 ], [ -56.67134, -34.34075 ], [ -56.67092, -34.34032 ], [ -56.67146, -34.33956 ], [ -56.67143, -34.33939 ], [ -56.67111, -34.33924 ], [ -56.67081, -34.33926 ], [ -56.67075, -34.33912 ], [ -56.67172, -34.33865 ], [ -56.67186, -34.33847 ], [ -56.67173, -34.33766 ], [ -56.67217, -34.33718 ], [ -56.67227, -34.33673 ], [ -56.67218, -34.33631 ], [ -56.67189, -34.336 ], [ -56.67108, -34.3359 ], [ -56.6708, -34.33572 ], [ -56.67068, -34.33538 ], [ -56.67047, -34.33536 ], [ -56.66974, -34.33622 ], [ -56.66952, -34.3361 ], [ -56.66856, -34.33466 ], [ -56.66842, -34.33462 ], [ -56.66808, -34.33479 ], [ -56.66757, -34.33534 ], [ -56.66745, -34.33568 ], [ -56.6668, -34.33649 ], [ -56.66639, -34.33736 ], [ -56.66649, -34.33605 ], [ -56.66634, -34.33599 ], [ -56.66636, -34.33577 ], [ -56.66602, -34.33537 ], [ -56.66689, -34.33425 ], [ -56.66737, -34.33314 ], [ -56.66723, -34.33301 ], [ -56.66647, -34.33296 ], [ -56.66509, -34.33348 ], [ -56.66404, -34.33453 ], [ -56.66404, -34.3348 ], [ -56.66346, -34.33429 ], [ -56.66384, -34.33427 ], [ -56.66419, -34.33381 ], [ -56.66322, -34.33277 ], [ -56.66342, -34.3328 ], [ -56.66361, -34.33302 ], [ -56.66413, -34.33308 ], [ -56.66446, -34.33299 ], [ -56.66474, -34.33263 ], [ -56.66547, -34.33233 ], [ -56.66584, -34.33204 ], [ -56.66774, -34.3314 ], [ -56.66775, -34.33124 ], [ -56.6667, -34.33028 ], [ -56.66689, -34.32942 ], [ -56.66679, -34.32805 ], [ -56.66673, -34.32767 ], [ -56.66642, -34.32753 ], [ -56.66624, -34.32723 ], [ -56.66633, -34.32653 ], [ -56.6662, -34.32618 ], [ -56.66583, -34.32592 ], [ -56.66429, -34.32541 ], [ -56.66362, -34.32545 ], [ -56.66246, -34.32596 ], [ -56.66138, -34.32594 ], [ -56.6619, -34.32512 ], [ -56.66163, -34.32478 ], [ -56.66011, -34.32442 ], [ -56.65911, -34.32442 ], [ -56.65882, -34.32414 ], [ -56.65784, -34.32363 ], [ -56.65786, -34.32342 ], [ -56.65838, -34.32347 ], [ -56.65849, -34.32318 ], [ -56.65887, -34.32313 ], [ -56.65895, -34.32294 ], [ -56.6599, -34.32305 ], [ -56.66249, -34.32283 ], [ -56.66352, -34.32192 ], [ -56.66401, -34.3222 ], [ -56.66478, -34.32179 ], [ -56.66699, -34.32145 ], [ -56.66755, -34.32098 ], [ -56.6676, -34.32071 ], [ -56.66741, -34.32015 ], [ -56.6678, -34.31983 ], [ -56.66792, -34.31958 ], [ -56.66763, -34.31881 ], [ -56.66782, -34.31841 ], [ -56.66779, -34.31794 ], [ -56.66744, -34.31726 ], [ -56.66661, -34.31663 ], [ -56.66597, -34.31653 ], [ -56.66511, -34.31684 ], [ -56.66434, -34.31748 ], [ -56.66389, -34.3177 ], [ -56.66325, -34.31843 ], [ -56.66274, -34.31871 ], [ -56.66127, -34.31918 ], [ -56.6608, -34.31914 ], [ -56.66111, -34.31893 ], [ -56.66259, -34.31702 ], [ -56.6624, -34.31617 ], [ -56.6618, -34.3156 ], [ -56.66284, -34.3152 ], [ -56.66342, -34.31471 ], [ -56.66387, -34.31335 ], [ -56.66438, -34.31241 ], [ -56.66432, -34.31197 ], [ -56.66363, -34.31162 ], [ -56.66386, -34.31094 ], [ -56.66359, -34.31041 ], [ -56.66298, -34.30967 ], [ -56.66322, -34.30874 ], [ -56.66297, -34.30809 ], [ -56.66262, -34.30762 ], [ -56.66193, -34.30755 ], [ -56.66125, -34.30795 ], [ -56.66048, -34.309 ], [ -56.66018, -34.30918 ], [ -56.65977, -34.30823 ], [ -56.66, -34.3079 ], [ -56.66009, -34.30706 ], [ -56.65988, -34.30651 ], [ -56.65984, -34.30592 ], [ -56.66141, -34.30557 ], [ -56.66205, -34.30499 ], [ -56.66337, -34.30458 ], [ -56.66374, -34.30424 ], [ -56.66382, -34.30377 ], [ -56.66315, -34.30308 ], [ -56.66305, -34.30272 ], [ -56.66333, -34.30188 ], [ -56.66319, -34.30135 ], [ -56.66271, -34.30097 ], [ -56.66233, -34.30095 ], [ -56.66167, -34.30134 ], [ -56.66165, -34.29989 ], [ -56.6615, -34.2995 ], [ -56.66093, -34.29924 ], [ -56.65976, -34.29919 ], [ -56.65869, -34.29943 ], [ -56.65859, -34.29819 ], [ -56.65792, -34.29734 ], [ -56.65733, -34.29691 ], [ -56.65659, -34.29679 ], [ -56.65596, -34.297 ], [ -56.65546, -34.2974 ], [ -56.65451, -34.29756 ], [ -56.65451, -34.29732 ], [ -56.65476, -34.297 ], [ -56.65471, -34.29672 ], [ -56.65432, -34.29655 ], [ -56.65405, -34.29692 ], [ -56.65397, -34.29753 ], [ -56.65371, -34.29683 ], [ -56.65371, -34.29607 ], [ -56.65246, -34.29523 ], [ -56.65177, -34.29441 ], [ -56.6512, -34.29429 ], [ -56.64979, -34.29479 ], [ -56.64936, -34.29522 ], [ -56.64769, -34.29613 ], [ -56.64721, -34.29614 ], [ -56.64715, -34.29595 ], [ -56.64766, -34.296 ], [ -56.64793, -34.29561 ], [ -56.64877, -34.29516 ], [ -56.6491, -34.2951 ], [ -56.64976, -34.29454 ], [ -56.6512, -34.29403 ], [ -56.65122, -34.29373 ], [ -56.65145, -34.2936 ], [ -56.65265, -34.29402 ], [ -56.65413, -34.29366 ], [ -56.65515, -34.29364 ], [ -56.65539, -34.29353 ], [ -56.65599, -34.29359 ], [ -56.657, -34.29307 ], [ -56.65784, -34.29296 ], [ -56.65835, -34.29359 ], [ -56.65938, -34.29403 ], [ -56.65997, -34.29514 ], [ -56.66021, -34.29533 ], [ -56.66087, -34.29564 ], [ -56.66181, -34.2957 ], [ -56.66293, -34.29534 ], [ -56.66383, -34.29483 ], [ -56.66398, -34.29463 ], [ -56.66407, -34.29373 ], [ -56.66425, -34.29363 ], [ -56.66491, -34.29393 ], [ -56.66523, -34.29428 ], [ -56.66518, -34.29521 ], [ -56.66475, -34.29599 ], [ -56.66493, -34.29672 ], [ -56.66563, -34.29701 ], [ -56.66593, -34.29731 ], [ -56.66607, -34.29785 ], [ -56.66659, -34.29845 ], [ -56.66715, -34.2988 ], [ -56.66763, -34.2989 ], [ -56.66801, -34.29875 ], [ -56.66823, -34.29847 ], [ -56.66823, -34.29818 ], [ -56.66771, -34.29692 ], [ -56.66757, -34.2958 ], [ -56.66721, -34.29534 ], [ -56.66791, -34.29454 ], [ -56.6681, -34.29383 ], [ -56.6682, -34.29236 ], [ -56.6679, -34.29186 ], [ -56.6667, -34.29105 ], [ -56.66607, -34.29039 ], [ -56.66588, -34.28991 ], [ -56.66666, -34.28933 ], [ -56.66685, -34.28859 ], [ -56.68329, -34.28858 ], [ -56.68427, -34.28894 ], [ -56.68529, -34.28961 ], [ -56.68618, -34.29002 ], [ -56.68821, -34.29064 ], [ -56.68938, -34.29119 ], [ -56.68988, -34.29248 ], [ -56.68978, -34.29326 ], [ -56.68948, -34.29411 ], [ -56.68952, -34.29473 ], [ -56.68985, -34.29553 ], [ -56.68971, -34.29611 ], [ -56.689, -34.29587 ], [ -56.68825, -34.29584 ], [ -56.68589, -34.29516 ], [ -56.68515, -34.29522 ], [ -56.68459, -34.29545 ], [ -56.68426, -34.29598 ], [ -56.68394, -34.29949 ], [ -56.68367, -34.30013 ], [ -56.68184, -34.30149 ], [ -56.68099, -34.30247 ], [ -56.68106, -34.30352 ], [ -56.68131, -34.30401 ], [ -56.68306, -34.3053 ], [ -56.684, -34.30561 ], [ -56.68359, -34.30589 ], [ -56.6834, -34.30622 ], [ -56.68345, -34.3067 ], [ -56.68169, -34.30598 ], [ -56.68038, -34.30571 ], [ -56.67951, -34.30586 ], [ -56.67907, -34.30627 ], [ -56.67852, -34.30756 ], [ -56.67838, -34.30813 ], [ -56.67851, -34.3085 ], [ -56.67905, -34.30901 ], [ -56.68042, -34.3098 ], [ -56.68049, -34.31007 ], [ -56.6802, -34.31074 ], [ -56.68029, -34.31133 ], [ -56.68136, -34.31344 ], [ -56.68179, -34.31375 ], [ -56.6827, -34.3139 ], [ -56.68329, -34.31387 ], [ -56.68482, -34.31327 ], [ -56.68609, -34.31226 ], [ -56.68742, -34.31179 ], [ -56.68838, -34.3113 ], [ -56.68953, -34.31048 ], [ -56.69013, -34.30952 ], [ -56.69094, -34.31005 ], [ -56.6913, -34.31081 ], [ -56.69157, -34.31097 ], [ -56.6923, -34.31102 ], [ -56.69303, -34.31089 ], [ -56.69185, -34.31142 ], [ -56.6914, -34.31183 ], [ -56.69079, -34.31311 ], [ -56.69072, -34.3134 ], [ -56.69087, -34.31419 ], [ -56.69116, -34.31458 ], [ -56.69148, -34.31409 ], [ -56.69167, -34.31411 ], [ -56.69148, -34.31459 ], [ -56.69183, -34.31491 ], [ -56.69258, -34.31509 ], [ -56.69355, -34.31513 ], [ -56.69434, -34.31541 ], [ -56.69619, -34.31491 ], [ -56.69763, -34.31511 ], [ -56.69806, -34.31417 ], [ -56.69906, -34.31308 ], [ -56.69909, -34.31277 ], [ -56.69942, -34.31254 ], [ -56.69937, -34.31274 ], [ -56.69952, -34.3129 ], [ -56.70165, -34.31289 ], [ -56.70227, -34.31275 ], [ -56.7027, -34.31198 ], [ -56.70272, -34.31172 ], [ -56.70306, -34.31145 ], [ -56.70342, -34.31157 ], [ -56.70368, -34.31189 ], [ -56.70391, -34.31274 ], [ -56.70364, -34.31273 ], [ -56.70346, -34.31286 ], [ -56.70359, -34.31311 ], [ -56.70375, -34.31316 ], [ -56.70363, -34.31381 ], [ -56.70374, -34.31416 ], [ -56.704, -34.31443 ], [ -56.70441, -34.3146 ], [ -56.70661, -34.31503 ], [ -56.70724, -34.31634 ], [ -56.70747, -34.31629 ], [ -56.70701, -34.31526 ], [ -56.70708, -34.31518 ], [ -56.70764, -34.31485 ], [ -56.70772, -34.3146 ], [ -56.70809, -34.31499 ], [ -56.7086, -34.3149 ], [ -56.70894, -34.3151 ], [ -56.70954, -34.31419 ], [ -56.70944, -34.31399 ], [ -56.70921, -34.3139 ], [ -56.70934, -34.31316 ], [ -56.70874, -34.3119 ], [ -56.70801, -34.31101 ], [ -56.70753, -34.3107 ], [ -56.7069, -34.31055 ], [ -56.70721, -34.31036 ], [ -56.70934, -34.31034 ], [ -56.71073, -34.31121 ], [ -56.71163, -34.31212 ], [ -56.71302, -34.31292 ], [ -56.71356, -34.3131 ], [ -56.71384, -34.31308 ], [ -56.71469, -34.31275 ], [ -56.71503, -34.31236 ], [ -56.71512, -34.31192 ], [ -56.71503, -34.3108 ], [ -56.7153, -34.31055 ], [ -56.71644, -34.3103 ], [ -56.71685, -34.30994 ], [ -56.71764, -34.30953 ], [ -56.71717, -34.31582 ], [ -56.71774, -34.31633 ], [ -56.71752, -34.31672 ], [ -56.71724, -34.31683 ], [ -56.71733, -34.31695 ], [ -56.71672, -34.31703 ], [ -56.71616, -34.31675 ], [ -56.71584, -34.31675 ], [ -56.71487, -34.31697 ], [ -56.71384, -34.3175 ], [ -56.7138, -34.3177 ], [ -56.71393, -34.31781 ], [ -56.71515, -34.31807 ], [ -56.7153, -34.31822 ], [ -56.7154, -34.31876 ], [ -56.71512, -34.31929 ], [ -56.7153, -34.32002 ], [ -56.71524, -34.32037 ], [ -56.7155, -34.32064 ], [ -56.71596, -34.32078 ], [ -56.71639, -34.32073 ], [ -56.71712, -34.31979 ], [ -56.71757, -34.31959 ], [ -56.71822, -34.32006 ], [ -56.71868, -34.32082 ], [ -56.71878, -34.32159 ], [ -56.71914, -34.32266 ], [ -56.71983, -34.32322 ], [ -56.72019, -34.32335 ], [ -56.72043, -34.32329 ], [ -56.72059, -34.32292 ], [ -56.72063, -34.32269 ], [ -56.72017, -34.322 ], [ -56.72035, -34.3216 ], [ -56.72134, -34.32172 ], [ -56.72175, -34.32144 ], [ -56.724, -34.32279 ], [ -56.72377, -34.32274 ], [ -56.72284, -34.32378 ], [ -56.72278, -34.32415 ], [ -56.7232, -34.32464 ], [ -56.72304, -34.32552 ], [ -56.72353, -34.32562 ], [ -56.72406, -34.32683 ], [ -56.72446, -34.32715 ], [ -56.72453, -34.32777 ], [ -56.72521, -34.32873 ], [ -56.72512, -34.32936 ], [ -56.72521, -34.32993 ], [ -56.72542, -34.33029 ], [ -56.72537, -34.33042 ], [ -56.72504, -34.33038 ], [ -56.72395, -34.32983 ], [ -56.72327, -34.32931 ], [ -56.72271, -34.32914 ], [ -56.72242, -34.32916 ], [ -56.72172, -34.3295 ], [ -56.72134, -34.32946 ], [ -56.72172, -34.32984 ], [ -56.72134, -34.33033 ], [ -56.72132, -34.33074 ], [ -56.72111, -34.3311 ], [ -56.7218, -34.33224 ], [ -56.72361, -34.33204 ], [ -56.72433, -34.33279 ], [ -56.72396, -34.33305 ], [ -56.724, -34.33315 ], [ -56.7245, -34.33299 ] ], [ [ -56.70649, -34.32747 ], [ -56.7062, -34.32811 ], [ -56.70631, -34.32802 ], [ -56.7069, -34.32804 ], [ -56.70699, -34.32766 ], [ -56.70649, -34.32747 ] ] ] } },
{ "type": "Feature", "properties": { "nombre": "DU-DZN_CRI-abr2016_Ro.Yí", "curso": "Río Yí", "fecha_evento": "2016-02-01", "cota_local": null, "cota_oficial": null, "fuentes": "Dirección Nacional de Aguas (DINAGUA) - Inundaciones y Drenaje Urbano" }, "geometry": { "type": "Polygon", "coordinates": [ [ [ -56.50297, -33.3828 ], [ -56.50336, -33.38232 ], [ -56.50346, -33.38187 ], [ -56.50312, -33.38132 ], [ -56.50208, -33.38095 ], [ -56.5014, -33.3811 ], [ -56.50105, -33.38191 ], [ -56.49982, -33.3817 ], [ -56.49911, -33.38238 ], [ -56.49903, -33.38204 ], [ -56.49929, -33.3814 ], [ -56.49895, -33.38086 ], [ -56.49894, -33.38052 ], [ -56.49786, -33.37968 ], [ -56.49838, -33.37696 ], [ -56.49879, -33.37113 ], [ -56.49903, -33.37125 ], [ -56.49941, -33.3712 ], [ -56.49982, -33.37031 ], [ -56.50017, -33.37002 ], [ -56.50108, -33.3703 ], [ -56.5013, -33.37024 ], [ -56.50156, -33.37036 ], [ -56.5017, -33.37059 ], [ -56.50157, -33.37153 ], [ -56.50183, -33.3719 ], [ -56.50188, -33.37221 ], [ -56.50273, -33.37304 ], [ -56.50311, -33.37305 ], [ -56.50365, -33.37281 ], [ -56.50403, -33.37236 ], [ -56.50472, -33.37263 ], [ -56.50515, -33.37257 ], [ -56.50574, -33.37351 ], [ -56.50719, -33.37313 ], [ -56.50737, -33.37287 ], [ -56.50706, -33.37214 ], [ -56.50709, -33.37193 ], [ -56.50768, -33.37173 ], [ -56.50806, -33.37124 ], [ -56.50839, -33.37132 ], [ -56.50887, -33.37125 ], [ -56.50919, -33.37136 ], [ -56.50935, -33.37125 ], [ -56.50929, -33.37039 ], [ -56.5085, -33.37007 ], [ -56.50827, -33.36935 ], [ -56.5084, -33.36928 ], [ -56.50909, -33.36938 ], [ -56.50979, -33.36925 ], [ -56.51061, -33.36846 ], [ -56.511, -33.36783 ], [ -56.51103, -33.36697 ], [ -56.51048, -33.36634 ], [ -56.51021, -33.36575 ], [ -56.51024, -33.36521 ], [ -56.51013, -33.36503 ], [ -56.51036, -33.36467 ], [ -56.5102, -33.36456 ], [ -56.50993, -33.3646 ], [ -56.50941, -33.36417 ], [ -56.50934, -33.36375 ], [ -56.50913, -33.36368 ], [ -56.50902, -33.36349 ], [ -56.50924, -33.36341 ], [ -56.50961, -33.36369 ], [ -56.51015, -33.36378 ], [ -56.51038, -33.36422 ], [ -56.51028, -33.36449 ], [ -56.51041, -33.3646 ], [ -56.51063, -33.36455 ], [ -56.51079, -33.36483 ], [ -56.51116, -33.36502 ], [ -56.51143, -33.36506 ], [ -56.51183, -33.36477 ], [ -56.51235, -33.36466 ], [ -56.513, -33.36427 ], [ -56.51361, -33.36315 ], [ -56.51356, -33.36171 ], [ -56.51392, -33.36163 ], [ -56.51457, -33.36181 ], [ -56.51597, -33.3614 ], [ -56.51616, -33.36113 ], [ -56.51612, -33.36027 ], [ -56.51651, -33.35965 ], [ -56.51684, -33.35941 ], [ -56.51718, -33.35956 ], [ -56.51753, -33.36013 ], [ -56.51794, -33.36012 ], [ -56.51864, -33.36177 ], [ -56.51957, -33.36152 ], [ -56.52236, -33.36133 ], [ -56.5232, -33.36116 ], [ -56.52397, -33.3607 ], [ -56.52478, -33.35975 ], [ -56.52564, -33.35906 ], [ -56.52692, -33.35877 ], [ -56.52801, -33.35877 ], [ -56.52885, -33.35892 ], [ -56.52915, -33.35926 ], [ -56.5293, -33.35977 ], [ -56.52898, -33.3613 ], [ -56.52911, -33.36157 ], [ -56.5297, -33.36185 ], [ -56.53108, -33.36189 ], [ -56.53267, -33.36239 ], [ -56.53333, -33.36248 ], [ -56.53543, -33.36253 ], [ -56.5398, -33.36298 ], [ -56.54087, -33.36283 ], [ -56.54145, -33.36248 ], [ -56.54169, -33.36215 ], [ -56.54158, -33.36179 ], [ -56.54167, -33.36151 ], [ -56.54226, -33.36121 ], [ -56.54277, -33.36063 ], [ -56.54376, -33.36019 ], [ -56.5469, -33.36017 ], [ -56.54818, -33.36046 ], [ -56.54901, -33.36104 ], [ -56.54957, -33.36189 ], [ -56.55127, -33.36303 ], [ -56.55322, -33.36364 ], [ -56.55602, -33.36478 ], [ -56.55653, -33.36514 ], [ -56.5571, -33.36531 ], [ -56.5582, -33.36538 ], [ -56.55978, -33.3659 ], [ -56.56104, -33.36656 ], [ -56.56151, -33.36709 ], [ -56.56169, -33.36761 ], [ -56.56144, -33.36862 ], [ -56.55987, -33.37036 ], [ -56.55934, -33.37128 ], [ -56.5594, -33.37187 ], [ -56.55982, -33.37223 ], [ -56.55432, -33.3808 ], [ -56.55416, -33.38078 ], [ -56.55395, -33.38052 ], [ -56.55363, -33.38059 ], [ -56.55288, -33.38012 ], [ -56.55263, -33.38027 ], [ -56.5523, -33.38024 ], [ -56.55153, -33.38064 ], [ -56.55135, -33.38131 ], [ -56.55102, -33.38104 ], [ -56.55061, -33.38117 ], [ -56.54999, -33.38088 ], [ -56.5498, -33.38049 ], [ -56.54961, -33.38042 ], [ -56.54933, -33.38004 ], [ -56.54823, -33.37998 ], [ -56.54779, -33.38019 ], [ -56.54756, -33.38017 ], [ -56.54727, -33.38038 ], [ -56.5467, -33.38118 ], [ -56.54654, -33.38186 ], [ -56.54681, -33.38369 ], [ -56.54746, -33.38435 ], [ -56.54719, -33.38432 ], [ -56.54727, -33.38445 ], [ -56.54711, -33.38444 ], [ -56.54696, -33.38463 ], [ -56.54718, -33.38469 ], [ -56.54719, -33.38481 ], [ -56.54676, -33.38488 ], [ -56.54661, -33.38501 ], [ -56.54636, -33.38562 ], [ -56.54651, -33.38584 ], [ -56.54633, -33.38595 ], [ -56.54638, -33.38631 ], [ -56.54661, -33.38654 ], [ -56.54699, -33.38664 ], [ -56.54665, -33.38702 ], [ -56.54678, -33.38727 ], [ -56.54711, -33.3876 ], [ -56.54771, -33.38778 ], [ -56.54797, -33.38811 ], [ -56.54833, -33.38826 ], [ -56.54802, -33.38837 ], [ -56.54806, -33.38855 ], [ -56.5478, -33.38873 ], [ -56.54748, -33.38973 ], [ -56.54751, -33.39017 ], [ -56.54738, -33.39027 ], [ -56.54746, -33.3905 ], [ -56.54363, -33.38979 ], [ -56.54355, -33.38867 ], [ -56.54325, -33.38855 ], [ -56.54268, -33.38774 ], [ -56.54226, -33.38766 ], [ -56.54196, -33.38737 ], [ -56.54201, -33.38764 ], [ -56.54191, -33.38765 ], [ -56.54171, -33.38741 ], [ -56.54127, -33.38744 ], [ -56.54015, -33.38724 ], [ -56.54002, -33.3875 ], [ -56.53948, -33.38758 ], [ -56.53925, -33.38777 ], [ -56.53924, -33.38818 ], [ -56.539, -33.38826 ], [ -56.539, -33.38847 ], [ -56.53878, -33.38846 ], [ -56.53864, -33.3888 ], [ -56.53836, -33.38897 ], [ -56.53508, -33.38841 ], [ -56.53505, -33.38808 ], [ -56.53537, -33.3875 ], [ -56.53525, -33.38695 ], [ -56.53563, -33.38639 ], [ -56.53599, -33.38636 ], [ -56.53604, -33.38602 ], [ -56.53647, -33.38592 ], [ -56.53702, -33.38531 ], [ -56.53683, -33.38438 ], [ -56.53708, -33.38407 ], [ -56.53703, -33.38386 ], [ -56.53799, -33.38285 ], [ -56.53785, -33.38263 ], [ -56.53806, -33.38235 ], [ -56.53788, -33.38209 ], [ -56.53822, -33.38218 ], [ -56.53833, -33.38187 ], [ -56.53867, -33.38157 ], [ -56.5393, -33.3815 ], [ -56.53977, -33.37999 ], [ -56.53957, -33.37918 ], [ -56.53867, -33.37912 ], [ -56.53802, -33.37934 ], [ -56.53797, -33.3789 ], [ -56.5377, -33.37883 ], [ -56.53775, -33.37869 ], [ -56.53795, -33.37863 ], [ -56.53819, -33.37887 ], [ -56.53835, -33.37881 ], [ -56.53855, -33.37807 ], [ -56.53875, -33.37796 ], [ -56.53872, -33.37773 ], [ -56.53894, -33.37739 ], [ -56.53858, -33.37672 ], [ -56.53814, -33.37627 ], [ -56.53791, -33.37554 ], [ -56.53741, -33.37474 ], [ -56.53763, -33.3742 ], [ -56.53753, -33.37401 ], [ -56.53769, -33.37389 ], [ -56.53777, -33.37354 ], [ -56.5381, -33.37339 ], [ -56.53813, -33.37321 ], [ -56.53784, -33.37272 ], [ -56.53706, -33.37257 ], [ -56.53672, -33.37226 ], [ -56.53602, -33.37237 ], [ -56.53599, -33.37302 ], [ -56.53575, -33.37318 ], [ -56.53538, -33.37407 ], [ -56.53504, -33.37429 ], [ -56.53508, -33.3746 ], [ -56.53459, -33.37568 ], [ -56.53426, -33.37554 ], [ -56.53411, -33.37571 ], [ -56.53411, -33.376 ], [ -56.53346, -33.37706 ], [ -56.53355, -33.3772 ], [ -56.533, -33.37777 ], [ -56.53262, -33.37798 ], [ -56.53222, -33.37771 ], [ -56.53203, -33.37779 ], [ -56.53201, -33.37792 ], [ -56.53251, -33.37821 ], [ -56.53138, -33.37861 ], [ -56.53113, -33.37923 ], [ -56.53117, -33.37872 ], [ -56.53106, -33.37869 ], [ -56.53093, -33.37918 ], [ -56.53094, -33.37862 ], [ -56.5313, -33.37856 ], [ -56.53162, -33.37606 ], [ -56.53175, -33.37577 ], [ -56.53197, -33.37564 ], [ -56.53173, -33.37548 ], [ -56.53222, -33.37271 ], [ -56.53236, -33.37107 ], [ -56.53186, -33.36979 ], [ -56.53203, -33.36971 ], [ -56.53246, -33.37055 ], [ -56.53265, -33.37057 ], [ -56.53273, -33.37029 ], [ -56.53252, -33.3697 ], [ -56.53271, -33.3695 ], [ -56.53258, -33.36909 ], [ -56.53226, -33.36898 ], [ -56.53207, -33.36854 ], [ -56.53192, -33.36862 ], [ -56.53193, -33.36877 ], [ -56.5317, -33.36854 ], [ -56.53138, -33.36849 ], [ -56.53134, -33.36821 ], [ -56.53105, -33.36849 ], [ -56.53095, -33.36846 ], [ -56.52723, -33.36357 ], [ -56.52707, -33.3636 ], [ -56.52717, -33.36379 ], [ -56.53075, -33.36848 ], [ -56.53028, -33.36864 ], [ -56.52966, -33.36865 ], [ -56.52957, -33.3684 ], [ -56.5288, -33.36827 ], [ -56.5285, -33.36788 ], [ -56.52795, -33.36804 ], [ -56.52764, -33.36793 ], [ -56.52767, -33.3684 ], [ -56.52741, -33.36829 ], [ -56.52673, -33.36866 ], [ -56.52706, -33.36925 ], [ -56.52637, -33.36951 ], [ -56.52621, -33.36976 ], [ -56.52668, -33.37033 ], [ -56.52667, -33.37051 ], [ -56.52632, -33.37084 ], [ -56.5258, -33.37106 ], [ -56.52554, -33.3709 ], [ -56.52474, -33.36968 ], [ -56.5242, -33.36971 ], [ -56.52452, -33.36944 ], [ -56.5239, -33.36909 ], [ -56.52319, -33.36919 ], [ -56.52278, -33.3688 ], [ -56.52171, -33.36898 ], [ -56.5214, -33.36915 ], [ -56.52116, -33.36912 ], [ -56.52098, -33.36949 ], [ -56.52028, -33.36952 ], [ -56.51963, -33.37015 ], [ -56.5199, -33.37048 ], [ -56.52041, -33.37042 ], [ -56.52044, -33.37054 ], [ -56.52025, -33.37065 ], [ -56.52052, -33.37117 ], [ -56.52032, -33.37138 ], [ -56.51989, -33.37151 ], [ -56.51967, -33.37203 ], [ -56.51908, -33.37212 ], [ -56.51863, -33.3725 ], [ -56.51859, -33.37268 ], [ -56.51925, -33.37282 ], [ -56.51961, -33.37359 ], [ -56.51961, -33.37376 ], [ -56.51921, -33.37413 ], [ -56.51955, -33.37404 ], [ -56.51896, -33.37435 ], [ -56.52019, -33.37527 ], [ -56.52094, -33.37539 ], [ -56.52106, -33.37558 ], [ -56.52048, -33.37634 ], [ -56.51921, -33.37662 ], [ -56.51857, -33.37649 ], [ -56.51814, -33.37619 ], [ -56.5176, -33.37607 ], [ -56.51676, -33.37624 ], [ -56.51631, -33.37687 ], [ -56.51624, -33.37768 ], [ -56.51632, -33.378 ], [ -56.5166, -33.37827 ], [ -56.51662, -33.37854 ], [ -56.51627, -33.3793 ], [ -56.51597, -33.37944 ], [ -56.51577, -33.37971 ], [ -56.51575, -33.38016 ], [ -56.51685, -33.3808 ], [ -56.51634, -33.38179 ], [ -56.51668, -33.38323 ], [ -56.51737, -33.38382 ], [ -56.51739, -33.3845 ], [ -56.51707, -33.38485 ], [ -56.5168, -33.38484 ], [ -56.5145, -33.38383 ], [ -56.51321, -33.38386 ], [ -56.51251, -33.3833 ], [ -56.5117, -33.38337 ], [ -56.51127, -33.38371 ], [ -56.51068, -33.38379 ], [ -56.51018, -33.38406 ], [ -56.51019, -33.38465 ], [ -56.51057, -33.38513 ], [ -56.51099, -33.38541 ], [ -56.51212, -33.38524 ], [ -56.51255, -33.3853 ], [ -56.51251, -33.38565 ], [ -56.51194, -33.38668 ], [ -56.51182, -33.38731 ], [ -56.51226, -33.38786 ], [ -56.51217, -33.38822 ], [ -56.51282, -33.38858 ], [ -56.51297, -33.38935 ], [ -56.5136, -33.38977 ], [ -56.51366, -33.38998 ], [ -56.51446, -33.39093 ], [ -56.51418, -33.39138 ], [ -56.51358, -33.39165 ], [ -56.51358, -33.3926 ], [ -56.51339, -33.39296 ], [ -56.51349, -33.39323 ], [ -56.51396, -33.3934 ], [ -56.51423, -33.39382 ], [ -56.51411, -33.39463 ], [ -56.51427, -33.3949 ], [ -56.51419, -33.39531 ], [ -56.51395, -33.39529 ], [ -56.51229, -33.39435 ], [ -56.51191, -33.39432 ], [ -56.51152, -33.39471 ], [ -56.51123, -33.39525 ], [ -56.511, -33.39579 ], [ -56.51104, -33.39628 ], [ -56.5105, -33.39663 ], [ -56.50996, -33.39673 ], [ -56.50968, -33.397 ], [ -56.50943, -33.39754 ], [ -56.50904, -33.3976 ], [ -56.50895, -33.39727 ], [ -56.50937, -33.39614 ], [ -56.5093, -33.39529 ], [ -56.50965, -33.39466 ], [ -56.50962, -33.39416 ], [ -56.50984, -33.3938 ], [ -56.50991, -33.39331 ], [ -56.51067, -33.392 ], [ -56.51066, -33.39141 ], [ -56.51095, -33.39105 ], [ -56.51059, -33.39015 ], [ -56.51043, -33.39003 ], [ -56.51011, -33.39005 ], [ -56.50995, -33.38958 ], [ -56.50936, -33.38947 ], [ -56.50888, -33.38919 ], [ -56.50848, -33.38879 ], [ -56.50824, -33.38822 ], [ -56.5077, -33.3881 ], [ -56.50689, -33.38838 ], [ -56.50669, -33.38874 ], [ -56.50586, -33.38932 ], [ -56.50554, -33.38978 ], [ -56.50388, -33.39112 ], [ -56.50331, -33.39202 ], [ -56.50338, -33.3926 ], [ -56.50316, -33.3931 ], [ -56.50288, -33.39334 ], [ -56.50255, -33.39328 ], [ -56.50172, -33.39053 ], [ -56.50182, -33.39021 ], [ -56.50242, -33.38958 ], [ -56.50249, -33.38935 ], [ -56.50212, -33.38859 ], [ -56.50248, -33.38845 ], [ -56.50307, -33.38867 ], [ -56.50366, -33.38864 ], [ -56.50394, -33.38816 ], [ -56.50426, -33.38811 ], [ -56.5046, -33.38756 ], [ -56.50456, -33.38684 ], [ -56.50527, -33.38607 ], [ -56.50536, -33.38549 ], [ -56.50583, -33.38517 ], [ -56.50593, -33.38477 ], [ -56.50579, -33.38463 ], [ -56.50584, -33.38436 ], [ -56.50549, -33.38332 ], [ -56.5053, -33.38309 ], [ -56.50499, -33.38301 ], [ -56.50386, -33.38333 ], [ -56.50294, -33.38391 ], [ -56.50269, -33.3836 ], [ -56.50297, -33.3828 ] ] ] } },
{ "type": "Feature", "properties": { "nombre": "CO-ROA_CRI-abr2016_Ao.Colla", "curso": "Arroyo Colla", "fecha_evento": "2016-04-01", "cota_local": null, "cota_oficial": null, "fuentes": "Dirección Nacional de Aguas (DINAGUA) - Inundaciones y Drenaje Urbano" }, "geometry": { "type": "Polygon", "coordinates": [ [ [ -57.35701, -34.30146 ], [ -57.3576, -34.30258 ], [ -57.35638, -34.30289 ], [ -57.35556, -34.30333 ], [ -57.35539, -34.30363 ], [ -57.35564, -34.304 ], [ -57.35589, -34.30492 ], [ -57.35534, -34.30551 ], [ -57.35526, -34.3066 ], [ -57.35552, -34.30717 ], [ -57.35558, -34.30769 ], [ -57.35614, -34.30879 ], [ -57.35613, -34.30904 ], [ -57.35571, -34.30897 ], [ -57.35494, -34.30815 ], [ -57.35462, -34.30798 ], [ -57.35441, -34.30762 ], [ -57.35433, -34.30706 ], [ -57.35415, -34.30717 ], [ -57.35398, -34.30713 ], [ -57.35257, -34.30555 ], [ -57.35103, -34.30528 ], [ -57.34978, -34.30566 ], [ -57.34929, -34.30608 ], [ -57.34853, -34.30608 ], [ -57.34812, -34.30591 ], [ -57.34812, -34.30615 ], [ -57.34744, -34.30674 ], [ -57.34743, -34.30712 ], [ -57.34721, -34.30743 ], [ -57.34641, -34.3076 ], [ -57.34601, -34.30793 ], [ -57.3463, -34.30889 ], [ -57.34707, -34.30952 ], [ -57.34712, -34.30974 ], [ -57.34684, -34.30993 ], [ -57.34614, -34.30999 ], [ -57.34553, -34.3092 ], [ -57.34506, -34.30916 ], [ -57.3449, -34.30926 ], [ -57.34492, -34.30966 ], [ -57.34464, -34.31014 ], [ -57.34456, -34.31167 ], [ -57.34411, -34.31218 ], [ -57.34382, -34.31294 ], [ -57.34336, -34.31353 ], [ -57.34291, -34.31482 ], [ -57.3425, -34.31504 ], [ -57.34254, -34.31542 ], [ -57.34269, -34.31546 ], [ -57.34308, -34.31495 ], [ -57.34381, -34.31511 ], [ -57.34419, -34.31498 ], [ -57.34435, -34.31505 ], [ -57.34418, -34.31543 ], [ -57.34426, -34.31558 ], [ -57.34411, -34.31562 ], [ -57.34384, -34.31611 ], [ -57.34356, -34.31685 ], [ -57.34334, -34.31695 ], [ -57.34312, -34.31733 ], [ -57.34278, -34.31753 ], [ -57.34228, -34.31763 ], [ -57.34219, -34.31779 ], [ -57.34191, -34.31784 ], [ -57.34176, -34.31809 ], [ -57.34204, -34.31811 ], [ -57.3419, -34.31826 ], [ -57.34209, -34.31894 ], [ -57.34277, -34.31933 ], [ -57.34323, -34.31916 ], [ -57.34386, -34.3193 ], [ -57.34435, -34.31906 ], [ -57.34518, -34.31941 ], [ -57.34579, -34.3194 ], [ -57.34697, -34.32022 ], [ -57.3473, -34.32025 ], [ -57.34752, -34.32054 ], [ -57.34795, -34.32075 ], [ -57.34859, -34.32083 ], [ -57.3491, -34.32074 ], [ -57.34888, -34.32111 ], [ -57.34909, -34.32126 ], [ -57.34911, -34.32211 ], [ -57.34932, -34.32229 ], [ -57.34926, -34.3228 ], [ -57.34989, -34.32296 ], [ -57.34999, -34.32363 ], [ -57.35054, -34.32401 ], [ -57.35038, -34.32419 ], [ -57.35044, -34.32434 ], [ -57.33875, -34.31821 ], [ -57.34086, -34.3159 ], [ -57.34314, -34.3129 ], [ -57.34325, -34.31239 ], [ -57.34357, -34.31191 ], [ -57.34444, -34.30867 ], [ -57.3453, -34.30757 ], [ -57.34658, -34.3064 ], [ -57.34927, -34.30514 ], [ -57.35025, -34.30422 ], [ -57.35085, -34.30288 ], [ -57.35197, -34.30165 ], [ -57.35344, -34.29962 ], [ -57.35413, -34.29919 ], [ -57.35701, -34.30146 ] ] ] } },
{ "type": "Feature", "properties": { "nombre": "CA-SRN_CRI-jun2019_Ro.Santa-Lucía", "curso": "Río Santa Lucía y Ao. Pilatos", "fecha_evento": "2019-06-16", "cota_local": null, "cota_oficial": null, "fuentes": "Centro Coordinador de Emergencias Departamentales (CECOED) - Canelones" }, "geometry": { "type": "Polygon", "coordinates": [ [ [ -55.95904, -34.278 ], [ -55.95984, -34.27676 ], [ -55.96018, -34.27649 ], [ -55.96309, -34.28415 ], [ -55.96188, -34.28415 ], [ -55.96058, -34.28431 ], [ -55.95972, -34.28417 ], [ -55.95897, -34.28429 ], [ -55.95867, -34.284 ], [ -55.95754, -34.28371 ], [ -55.95689, -34.28391 ], [ -55.95619, -34.28376 ], [ -55.95573, -34.28352 ], [ -55.95522, -34.28368 ], [ -55.95435, -34.28443 ], [ -55.95427, -34.28497 ], [ -55.95484, -34.28564 ], [ -55.95483, -34.286 ], [ -55.955, -34.28641 ], [ -55.95528, -34.28656 ], [ -55.95522, -34.2872 ], [ -55.95534, -34.28748 ], [ -55.95602, -34.28789 ], [ -55.95603, -34.28915 ], [ -55.95554, -34.29034 ], [ -55.95523, -34.29075 ], [ -55.95481, -34.29092 ], [ -55.9545, -34.29087 ], [ -55.95424, -34.28978 ], [ -55.95399, -34.28943 ], [ -55.95313, -34.28913 ], [ -55.95245, -34.2884 ], [ -55.95132, -34.28768 ], [ -55.95072, -34.28772 ], [ -55.95007, -34.28744 ], [ -55.94938, -34.28743 ], [ -55.94816, -34.28843 ], [ -55.94746, -34.28931 ], [ -55.94721, -34.28983 ], [ -55.94654, -34.29046 ], [ -55.94618, -34.291 ], [ -55.94377, -34.28461 ], [ -55.94331, -34.28391 ], [ -55.94511, -34.28347 ], [ -55.94723, -34.2834 ], [ -55.9491, -34.28311 ], [ -55.95202, -34.28167 ], [ -55.95355, -34.28109 ], [ -55.95523, -34.28069 ], [ -55.95636, -34.28016 ], [ -55.95716, -34.27964 ], [ -55.95904, -34.278 ] ] ] } },
{ "type": "Feature", "properties": { "nombre": "AR-BUN_CRI-jun2017_Ro.Uruguay", "curso": "Río Uruguay", "fecha_evento": "2017-06-06", "cota_local": 9.45, "cota_oficial": 42.11, "fuentes": "Centro Coordinador de Emergencias Departamentales (CECOED) - Artigas" }, "geometry": { "type": "Polygon", "coordinates": [ [ [ -57.60416, -30.26546 ], [ -57.60382, -30.26521 ], [ -57.6046, -30.26485 ], [ -57.60522, -30.26467 ], [ -57.60559, -30.26488 ], [ -57.60605, -30.26483 ], [ -57.60627, -30.26461 ], [ -57.60626, -30.26416 ], [ -57.60647, -30.26353 ], [ -57.60738, -30.26298 ], [ -57.60786, -30.2629 ], [ -57.60854, -30.26259 ], [ -57.60963, -30.26266 ], [ -57.61051, -30.26251 ], [ -57.61067, -30.26261 ], [ -57.61086, -30.26242 ], [ -57.6108, -30.26202 ], [ -57.61096, -30.26179 ], [ -57.61069, -30.26107 ], [ -57.60993, -30.26078 ], [ -57.6092, -30.26034 ], [ -57.60897, -30.25964 ], [ -57.60879, -30.2595 ], [ -57.60872, -30.259 ], [ -57.60846, -30.25865 ], [ -57.60828, -30.25869 ], [ -57.60782, -30.25815 ], [ -57.60769, -30.2577 ], [ -57.60744, -30.25739 ], [ -57.60637, -30.25695 ], [ -57.60629, -30.25667 ], [ -57.60569, -30.25659 ], [ -57.60507, -30.25635 ], [ -57.60471, -30.25591 ], [ -57.60469, -30.25546 ], [ -57.60445, -30.2551 ], [ -57.6049, -30.25329 ], [ -57.60491, -30.25262 ], [ -57.61655, -30.25257 ], [ -57.61664, -30.26732 ], [ -57.60416, -30.26546 ] ] ] } },
{ "type": "Feature", "properties": { "nombre": "CA-NEP_cri-ene-1970-Ao.Tropa-Vieja", "curso": "Ao. Tropa Vieja", "fecha_evento": "1970-01-01", "cota_local": 24.0, "cota_oficial": null, "fuentes": "Dirección de Hidrografía - Ministerio de Obras Públicas" }, "geometry": { "type": "Polygon", "coordinates": [ [ [ -55.86958, -34.77985 ], [ -55.87101, -34.78015 ], [ -55.87106, -34.78051 ], [ -55.87089, -34.78106 ], [ -55.87048, -34.78145 ], [ -55.86892, -34.78196 ], [ -55.86862, -34.78226 ], [ -55.86891, -34.78316 ], [ -55.86892, -34.7837 ], [ -55.86909, -34.78396 ], [ -55.86969, -34.78438 ], [ -55.86964, -34.78486 ], [ -55.86854, -34.78475 ], [ -55.86819, -34.78403 ], [ -55.86839, -34.7814 ], [ -55.86992, -34.78072 ], [ -55.86948, -34.78026 ], [ -55.86958, -34.77985 ] ] ] } },
{ "type": "Feature", "properties": { "nombre": "SA-STO_CRI-jul2025_Ro.Uruguay", "curso": "Río Uruguay", "fecha_evento": "2025-07-02", "cota_local": 12.6, "cota_oficial": 13.7, "fuentes": "Comisión Técnica Mixta de Salto Grande;Dirección Nacional de Aguas (DINAGUA) - Inundaciones y Drenaje Urbano" }, "geometry": { "type": "Polygon", "coordinates": [ [ [ -57.99671, -31.39946 ], [ -57.99877, -31.40107 ], [ -58.00029, -31.40208 ], [ -58.0005, -31.40328 ], [ -57.99309, -31.40425 ], [ -57.99274, -31.40333 ], [ -57.99281, -31.4031 ], [ -57.99247, -31.40308 ], [ -57.99221, -31.40291 ], [ -57.99204, -31.40267 ], [ -57.99219, -31.40239 ], [ -57.99186, -31.40218 ], [ -57.99163, -31.4022 ], [ -57.99144, -31.40175 ], [ -57.99058, -31.40106 ], [ -57.98977, -31.40006 ], [ -57.98917, -31.39981 ], [ -57.98928, -31.40005 ], [ -57.98904, -31.40027 ], [ -57.98882, -31.40013 ], [ -57.98863, -31.40021 ], [ -57.98876, -31.40007 ], [ -57.98882, -31.3995 ], [ -57.98893, -31.39958 ], [ -57.98882, -31.39915 ], [ -57.98831, -31.39851 ], [ -57.98818, -31.39813 ], [ -57.98784, -31.39784 ], [ -57.98731, -31.3977 ], [ -57.98682, -31.39722 ], [ -57.98572, -31.39683 ], [ -57.98455, -31.39614 ], [ -57.9835, -31.3959 ], [ -57.98295, -31.39562 ], [ -57.98273, -31.3957 ], [ -57.98277, -31.396 ], [ -57.98249, -31.39577 ], [ -57.98235, -31.39539 ], [ -57.98185, -31.39509 ], [ -57.98145, -31.39453 ], [ -57.98041, -31.39392 ], [ -57.98003, -31.39327 ], [ -57.97933, -31.39276 ], [ -57.97903, -31.39185 ], [ -57.97829, -31.3913 ], [ -57.97752, -31.38979 ], [ -57.97709, -31.38952 ], [ -57.97642, -31.3894 ], [ -57.97618, -31.38957 ], [ -57.97488, -31.38944 ], [ -57.97544, -31.3897 ], [ -57.97569, -31.3904 ], [ -57.97525, -31.39096 ], [ -57.97511, -31.39176 ], [ -57.97481, -31.39208 ], [ -57.97486, -31.39232 ], [ -57.97428, -31.39296 ], [ -57.97387, -31.3941 ], [ -57.97325, -31.39446 ], [ -57.97299, -31.39475 ], [ -57.97242, -31.39493 ], [ -57.97259, -31.39504 ], [ -57.97247, -31.39554 ], [ -57.9726, -31.39606 ], [ -57.97307, -31.39635 ], [ -57.97312, -31.3966 ], [ -57.97356, -31.39687 ], [ -57.97355, -31.39737 ], [ -57.97376, -31.39751 ], [ -57.97397, -31.39802 ], [ -57.97397, -31.39817 ], [ -57.97381, -31.39825 ], [ -57.97431, -31.39833 ], [ -57.97411, -31.39909 ], [ -57.97379, -31.39913 ], [ -57.97371, -31.39926 ], [ -57.97385, -31.39936 ], [ -57.97418, -31.39935 ], [ -57.97431, -31.39974 ], [ -57.97447, -31.39983 ], [ -57.97445, -31.40001 ], [ -57.97416, -31.39951 ], [ -57.97362, -31.3996 ], [ -57.97354, -31.39925 ], [ -57.97325, -31.39898 ], [ -57.97282, -31.39882 ], [ -57.9722, -31.39811 ], [ -57.97187, -31.3981 ], [ -57.97179, -31.39823 ], [ -57.9715, -31.39819 ], [ -57.97072, -31.39843 ], [ -57.97023, -31.39828 ], [ -57.96981, -31.39833 ], [ -57.96921, -31.39806 ], [ -57.969, -31.39808 ], [ -57.96892, -31.39768 ], [ -57.96879, -31.3976 ], [ -57.96921, -31.39766 ], [ -57.96867, -31.39743 ], [ -57.96842, -31.39671 ], [ -57.96852, -31.39745 ], [ -57.96727, -31.3979 ], [ -57.96624, -31.39883 ], [ -57.96589, -31.39874 ], [ -57.96589, -31.39925 ], [ -57.96568, -31.39933 ], [ -57.96522, -31.39989 ], [ -57.96485, -31.39997 ], [ -57.96462, -31.40045 ], [ -57.96426, -31.40069 ], [ -57.96405, -31.40115 ], [ -57.96416, -31.4016 ], [ -57.96448, -31.40211 ], [ -57.9643, -31.40231 ], [ -57.96448, -31.40255 ], [ -57.96472, -31.40252 ], [ -57.96465, -31.40266 ], [ -57.96491, -31.40281 ], [ -57.96481, -31.40312 ], [ -57.96449, -31.40337 ], [ -57.96435, -31.40329 ], [ -57.96366, -31.40415 ], [ -57.9637, -31.40393 ], [ -57.96425, -31.40304 ], [ -57.96401, -31.40214 ], [ -57.96383, -31.40214 ], [ -57.96382, -31.40226 ], [ -57.96313, -31.40171 ], [ -57.96231, -31.40134 ], [ -57.96146, -31.40138 ], [ -57.96044, -31.40105 ], [ -57.96016, -31.40066 ], [ -57.96039, -31.40005 ], [ -57.96056, -31.40019 ], [ -57.96066, -31.40001 ], [ -57.96049, -31.39997 ], [ -57.96065, -31.39987 ], [ -57.9603, -31.39951 ], [ -57.95985, -31.39951 ], [ -57.95972, -31.39969 ], [ -57.95914, -31.39977 ], [ -57.95929, -31.39965 ], [ -57.95926, -31.39945 ], [ -57.95901, -31.39948 ], [ -57.95886, -31.39912 ], [ -57.959, -31.39911 ], [ -57.9586, -31.39886 ], [ -57.95826, -31.39898 ], [ -57.95798, -31.3993 ], [ -57.95826, -31.39891 ], [ -57.9585, -31.3988 ], [ -57.95792, -31.39861 ], [ -57.95756, -31.39866 ], [ -57.95717, -31.39843 ], [ -57.95695, -31.39857 ], [ -57.95709, -31.39841 ], [ -57.95616, -31.39792 ], [ -57.95453, -31.39757 ], [ -57.95599, -31.39777 ], [ -57.95742, -31.39846 ], [ -57.9575, -31.39826 ], [ -57.95754, -31.39851 ], [ -57.9585, -31.39849 ], [ -57.9587, -31.39873 ], [ -57.9588, -31.39855 ], [ -57.95886, -31.39875 ], [ -57.9594, -31.39866 ], [ -57.95941, -31.39875 ], [ -57.96068, -31.39904 ], [ -57.96167, -31.39946 ], [ -57.96202, -31.39924 ], [ -57.96187, -31.39909 ], [ -57.96222, -31.39894 ], [ -57.96201, -31.39871 ], [ -57.96212, -31.39856 ], [ -57.96204, -31.39849 ], [ -57.96218, -31.39845 ], [ -57.96197, -31.39838 ], [ -57.96216, -31.39835 ], [ -57.96283, -31.39887 ], [ -57.96318, -31.39944 ], [ -57.96378, -31.39954 ], [ -57.9642, -31.3992 ], [ -57.96483, -31.39821 ], [ -57.96537, -31.39787 ], [ -57.96539, -31.3977 ], [ -57.9656, -31.3977 ], [ -57.96577, -31.39831 ], [ -57.96594, -31.39835 ], [ -57.96591, -31.39743 ], [ -57.96767, -31.39691 ], [ -57.96827, -31.39619 ], [ -57.96843, -31.39638 ], [ -57.9686, -31.39548 ], [ -57.96966, -31.39534 ], [ -57.97011, -31.39518 ], [ -57.96983, -31.39514 ], [ -57.97098, -31.3949 ], [ -57.9709, -31.39446 ], [ -57.9708, -31.39447 ], [ -57.97067, -31.39421 ], [ -57.97065, -31.39381 ], [ -57.97035, -31.39348 ], [ -57.97022, -31.39281 ], [ -57.97029, -31.39261 ], [ -57.96998, -31.3926 ], [ -57.96942, -31.39207 ], [ -57.96917, -31.39206 ], [ -57.9691, -31.39183 ], [ -57.96996, -31.39157 ], [ -57.97048, -31.39195 ], [ -57.97078, -31.39178 ], [ -57.9717, -31.39214 ], [ -57.97201, -31.3921 ], [ -57.97288, -31.39158 ], [ -57.97304, -31.39122 ], [ -57.97287, -31.39111 ], [ -57.97287, -31.39077 ], [ -57.97268, -31.39057 ], [ -57.97284, -31.39047 ], [ -57.97271, -31.39031 ], [ -57.97284, -31.39035 ], [ -57.97295, -31.39018 ], [ -57.97334, -31.39007 ], [ -57.97317, -31.3899 ], [ -57.97334, -31.38985 ], [ -57.97324, -31.38971 ], [ -57.97346, -31.3896 ], [ -57.97352, -31.38932 ], [ -57.97465, -31.38942 ], [ -57.97447, -31.38925 ], [ -57.97339, -31.38886 ], [ -57.97325, -31.38834 ], [ -57.97334, -31.38791 ], [ -57.97384, -31.38767 ], [ -57.97368, -31.38744 ], [ -57.97373, -31.38713 ], [ -57.97437, -31.38685 ], [ -57.97438, -31.38671 ], [ -57.97468, -31.38655 ], [ -57.97452, -31.38509 ], [ -57.97421, -31.38463 ], [ -57.97398, -31.38453 ], [ -57.97363, -31.38464 ], [ -57.97359, -31.38453 ], [ -57.97344, -31.38464 ], [ -57.97331, -31.38447 ], [ -57.97305, -31.38452 ], [ -57.97301, -31.38468 ], [ -57.97276, -31.38476 ], [ -57.97257, -31.38461 ], [ -57.97238, -31.38462 ], [ -57.97211, -31.38466 ], [ -57.97207, -31.38477 ], [ -57.97194, -31.3847 ], [ -57.9719, -31.38483 ], [ -57.97173, -31.3847 ], [ -57.97089, -31.38473 ], [ -57.9729, -31.38425 ], [ -57.97271, -31.38421 ], [ -57.97051, -31.38447 ], [ -57.97047, -31.38462 ], [ -57.9703, -31.38445 ], [ -57.97004, -31.38447 ], [ -57.97009, -31.3847 ], [ -57.96999, -31.38461 ], [ -57.96965, -31.38463 ], [ -57.96842, -31.38477 ], [ -57.96832, -31.38487 ], [ -57.96751, -31.38477 ], [ -57.96706, -31.38419 ], [ -57.96695, -31.38394 ], [ -57.96705, -31.38391 ], [ -57.96683, -31.38376 ], [ -57.96666, -31.38302 ], [ -57.96514, -31.3824 ], [ -57.96447, -31.38232 ], [ -57.96521, -31.38237 ], [ -57.96665, -31.3829 ], [ -57.96685, -31.38316 ], [ -57.96713, -31.38412 ], [ -57.96756, -31.38467 ], [ -57.96801, -31.38456 ], [ -57.96804, -31.38443 ], [ -57.96868, -31.38455 ], [ -57.96937, -31.38443 ], [ -57.96948, -31.38445 ], [ -57.96949, -31.38445 ], [ -57.96976, -31.38441 ], [ -57.96947, -31.38436 ], [ -57.97013, -31.38409 ], [ -57.97034, -31.38418 ], [ -57.97042, -31.38395 ], [ -57.97087, -31.3838 ], [ -57.97124, -31.38391 ], [ -57.97155, -31.38378 ], [ -57.9716, -31.38362 ], [ -57.97196, -31.38348 ], [ -57.97222, -31.3832 ], [ -57.97243, -31.38281 ], [ -57.97296, -31.38277 ], [ -57.97305, -31.38288 ], [ -57.9735, -31.38269 ], [ -57.97441, -31.38254 ], [ -57.97476, -31.38218 ], [ -57.97496, -31.38154 ], [ -57.97505, -31.38161 ], [ -57.97544, -31.3814 ], [ -57.97548, -31.3809 ], [ -57.97537, -31.38074 ], [ -57.97521, -31.38089 ], [ -57.97524, -31.37947 ], [ -57.97497, -31.37893 ], [ -57.97486, -31.37901 ], [ -57.97477, -31.37894 ], [ -57.97495, -31.37878 ], [ -57.97488, -31.37851 ], [ -57.97471, -31.37848 ], [ -57.97479, -31.37832 ], [ -57.9747, -31.37824 ], [ -57.97485, -31.37823 ], [ -57.97481, -31.37802 ], [ -57.97465, -31.37818 ], [ -57.97441, -31.37767 ], [ -57.97419, -31.37775 ], [ -57.97405, -31.37756 ], [ -57.97422, -31.37752 ], [ -57.97401, -31.37751 ], [ -57.97391, -31.37742 ], [ -57.97399, -31.37731 ], [ -57.97384, -31.37733 ], [ -57.97386, -31.3772 ], [ -57.97404, -31.37712 ], [ -57.9741, -31.37744 ], [ -57.97427, -31.37739 ], [ -57.97399, -31.37693 ], [ -57.97426, -31.37674 ], [ -57.97409, -31.37666 ], [ -57.97444, -31.37631 ], [ -57.97399, -31.37599 ], [ -57.97429, -31.37587 ], [ -57.97421, -31.37568 ], [ -57.9743, -31.37563 ], [ -57.97416, -31.37545 ], [ -57.97395, -31.37566 ], [ -57.97337, -31.37549 ], [ -57.9733, -31.37524 ], [ -57.97299, -31.37506 ], [ -57.97341, -31.37481 ], [ -57.97372, -31.37488 ], [ -57.9737, -31.37458 ], [ -57.9744, -31.37428 ], [ -57.97472, -31.37365 ], [ -57.97524, -31.37347 ], [ -57.97553, -31.37314 ], [ -57.9752, -31.37192 ], [ -57.9746, -31.3715 ], [ -57.97432, -31.37106 ], [ -57.9744, -31.37061 ], [ -57.97459, -31.37037 ], [ -57.97484, -31.37031 ], [ -57.97489, -31.37004 ], [ -57.97454, -31.36848 ], [ -57.97466, -31.36843 ], [ -57.97456, -31.36788 ], [ -57.97489, -31.36916 ], [ -57.97499, -31.36888 ], [ -57.97491, -31.36841 ], [ -57.97539, -31.36796 ], [ -57.97583, -31.36818 ], [ -57.97595, -31.36802 ], [ -57.97599, -31.3681 ], [ -57.97609, -31.36804 ], [ -57.97638, -31.36825 ], [ -57.97658, -31.36819 ], [ -57.97664, -31.368 ], [ -57.97681, -31.36805 ], [ -57.97734, -31.36827 ], [ -57.97757, -31.36855 ], [ -57.9776, -31.36892 ], [ -57.97776, -31.36887 ], [ -57.97789, -31.36903 ], [ -57.97822, -31.36904 ], [ -57.97858, -31.36863 ], [ -57.97939, -31.36836 ], [ -57.97975, -31.36744 ], [ -57.9798, -31.36671 ], [ -57.98034, -31.36601 ], [ -57.98051, -31.36596 ], [ -57.98065, -31.36537 ], [ -57.98079, -31.36513 ], [ -57.98104, -31.36507 ], [ -57.98106, -31.36489 ], [ -57.98116, -31.36508 ], [ -57.98207, -31.36498 ], [ -57.98213, -31.36508 ], [ -57.98217, -31.365 ], [ -57.98242, -31.3659 ], [ -57.98305, -31.3656 ], [ -57.98317, -31.36484 ], [ -57.98332, -31.36487 ], [ -57.98338, -31.36456 ], [ -57.98316, -31.36446 ], [ -57.9836, -31.36446 ], [ -57.98354, -31.36428 ], [ -57.98386, -31.36409 ], [ -57.9839, -31.36432 ], [ -57.98443, -31.36262 ], [ -57.98456, -31.36132 ], [ -57.98454, -31.36124 ], [ -57.98441, -31.3616 ], [ -57.98437, -31.36115 ], [ -57.98414, -31.36113 ], [ -57.98402, -31.36089 ], [ -57.98347, -31.36084 ], [ -57.98326, -31.3607 ], [ -57.98334, -31.36063 ], [ -57.98315, -31.36061 ], [ -57.98349, -31.3604 ], [ -57.98347, -31.36056 ], [ -57.98368, -31.36029 ], [ -57.9846, -31.35994 ], [ -57.98485, -31.35928 ], [ -57.98492, -31.35938 ], [ -57.98525, -31.35903 ], [ -57.98524, -31.35877 ], [ -57.98505, -31.35867 ], [ -57.98512, -31.35838 ], [ -57.98446, -31.35688 ], [ -57.98435, -31.35672 ], [ -57.98386, -31.35657 ], [ -57.98366, -31.35625 ], [ -57.98346, -31.35622 ], [ -57.9835, -31.35613 ], [ -57.99206, -31.35494 ], [ -57.99415, -31.36693 ], [ -57.99339, -31.36786 ], [ -57.99275, -31.36941 ], [ -57.99177, -31.37088 ], [ -57.99012, -31.37236 ], [ -57.98867, -31.37305 ], [ -57.98781, -31.3749 ], [ -57.98592, -31.37703 ], [ -57.98519, -31.37833 ], [ -57.98437, -31.38172 ], [ -57.98352, -31.38376 ], [ -57.9839, -31.38578 ], [ -57.98406, -31.38762 ], [ -57.98569, -31.39019 ], [ -57.9881, -31.39228 ], [ -57.98936, -31.39302 ], [ -57.99108, -31.39464 ], [ -57.99452, -31.39728 ], [ -57.99671, -31.39946 ] ], [ [ -57.96986, -31.38442 ], [ -57.96949, -31.38445 ], [ -57.9699, -31.38451 ], [ -57.96986, -31.38442 ] ] ] } },
{ "type": "Feature", "properties": { "nombre": "AR-ART_CRI-abr2022_Ro.Cuareim", "curso": "Río Cuareim", "fecha_evento": "2022-04-27", "cota_local": 11.58, "cota_oficial": 98.83, "fuentes": "Dirección Nacional de Aguas (DINAGUA) - Regional Artigas, Dirección Nacional de Aguas (DINAGUA) - Inundaciones y Drenaje Urbano" }, "geometry": { "type": "Polygon", "coordinates": [ [ [ -56.49401, -30.40265 ], [ -56.49324, -30.40274 ], [ -56.49316, -30.40229 ], [ -56.49306, -30.40227 ], [ -56.49316, -30.40211 ], [ -56.4936, -30.402 ], [ -56.49358, -30.40191 ], [ -56.49324, -30.40188 ], [ -56.49366, -30.40121 ], [ -56.49417, -30.39988 ], [ -56.49405, -30.39943 ], [ -56.49348, -30.39891 ], [ -56.49347, -30.39863 ], [ -56.49364, -30.39864 ], [ -56.49363, -30.39875 ], [ -56.49386, -30.39887 ], [ -56.49404, -30.39884 ], [ -56.49374, -30.3987 ], [ -56.49387, -30.39823 ], [ -56.49344, -30.39803 ], [ -56.49327, -30.39751 ], [ -56.49329, -30.39736 ], [ -56.49347, -30.39758 ], [ -56.49382, -30.39755 ], [ -56.49427, -30.3971 ], [ -56.49428, -30.39647 ], [ -56.49371, -30.39619 ], [ -56.49304, -30.39628 ], [ -56.49272, -30.39659 ], [ -56.49246, -30.39656 ], [ -56.49247, -30.39683 ], [ -56.49272, -30.39708 ], [ -56.49277, -30.39775 ], [ -56.49296, -30.39802 ], [ -56.49292, -30.39825 ], [ -56.49261, -30.39857 ], [ -56.49178, -30.39865 ], [ -56.49183, -30.39843 ], [ -56.49026, -30.39897 ], [ -56.49005, -30.39921 ], [ -56.48993, -30.39968 ], [ -56.48962, -30.39997 ], [ -56.48963, -30.40032 ], [ -56.48885, -30.39985 ], [ -56.48818, -30.39968 ], [ -56.48568, -30.39968 ], [ -56.48417, -30.39993 ], [ -56.48383, -30.40012 ], [ -56.48326, -30.40018 ], [ -56.48312, -30.40085 ], [ -56.48143, -30.40089 ], [ -56.48072, -30.40122 ], [ -56.47981, -30.40235 ], [ -56.47919, -30.40242 ], [ -56.4789, -30.40226 ], [ -56.47878, -30.40192 ], [ -56.47883, -30.40131 ], [ -56.47904, -30.40086 ], [ -56.47887, -30.40011 ], [ -56.4786, -30.39979 ], [ -56.47793, -30.39938 ], [ -56.47767, -30.39946 ], [ -56.47673, -30.39911 ], [ -56.47583, -30.39866 ], [ -56.47562, -30.39849 ], [ -56.47564, -30.39838 ], [ -56.47543, -30.3985 ], [ -56.47551, -30.39838 ], [ -56.47494, -30.39807 ], [ -56.47403, -30.39829 ], [ -56.47447, -30.39793 ], [ -56.4745, -30.3977 ], [ -56.47377, -30.39714 ], [ -56.47382, -30.39696 ], [ -56.47354, -30.39668 ], [ -56.47349, -30.39642 ], [ -56.47323, -30.39657 ], [ -56.47279, -30.39641 ], [ -56.47268, -30.39614 ], [ -56.47233, -30.39593 ], [ -56.47206, -30.39544 ], [ -56.47224, -30.3944 ], [ -56.47168, -30.39435 ], [ -56.4721, -30.39368 ], [ -56.47197, -30.39318 ], [ -56.47231, -30.39332 ], [ -56.47191, -30.39266 ], [ -56.47174, -30.39272 ], [ -56.47177, -30.39257 ], [ -56.47081, -30.39184 ], [ -56.47073, -30.39202 ], [ -56.46918, -30.39098 ], [ -56.46834, -30.39078 ], [ -56.46793, -30.39026 ], [ -56.46752, -30.39004 ], [ -56.46697, -30.39005 ], [ -56.46672, -30.3898 ], [ -56.46632, -30.38983 ], [ -56.46562, -30.38944 ], [ -56.46497, -30.38935 ], [ -56.46455, -30.38909 ], [ -56.46398, -30.38916 ], [ -56.46315, -30.38947 ], [ -56.46262, -30.38983 ], [ -56.46242, -30.3898 ], [ -56.46147, -30.39113 ], [ -56.46121, -30.39167 ], [ -56.4612, -30.39253 ], [ -56.46109, -30.39269 ], [ -56.46138, -30.39309 ], [ -56.4614, -30.39336 ], [ -56.46165, -30.39354 ], [ -56.46138, -30.39342 ], [ -56.46106, -30.39347 ], [ -56.46107, -30.39375 ], [ -56.4613, -30.39401 ], [ -56.46091, -30.39414 ], [ -56.45979, -30.39502 ], [ -56.45974, -30.3957 ], [ -56.45931, -30.39617 ], [ -56.45902, -30.39622 ], [ -56.45843, -30.39673 ], [ -56.4586, -30.39712 ], [ -56.45844, -30.39757 ], [ -56.45769, -30.39784 ], [ -56.45766, -30.39874 ], [ -56.45807, -30.39917 ], [ -56.45789, -30.39952 ], [ -56.4577, -30.39961 ], [ -56.45778, -30.3997 ], [ -56.45746, -30.3996 ], [ -56.45749, -30.39978 ], [ -56.45773, -30.39987 ], [ -56.45768, -30.39987 ], [ -56.45749, -30.39983 ], [ -56.45739, -30.39976 ], [ -56.45726, -30.39981 ], [ -56.45708, -30.3997 ], [ -56.45658, -30.39995 ], [ -56.45614, -30.4001 ], [ -56.45601, -30.40004 ], [ -56.45609, -30.40018 ], [ -56.45545, -30.40114 ], [ -56.45487, -30.40336 ], [ -56.45523, -30.40437 ], [ -56.45584, -30.40518 ], [ -56.45588, -30.40564 ], [ -56.45567, -30.40618 ], [ -56.45605, -30.40666 ], [ -56.45704, -30.40705 ], [ -56.45751, -30.40706 ], [ -56.45888, -30.40776 ], [ -56.4593, -30.40779 ], [ -56.46063, -30.40845 ], [ -56.46136, -30.409 ], [ -56.46137, -30.40985 ], [ -56.46126, -30.41021 ], [ -56.46116, -30.4102 ], [ -56.46105, -30.4104 ], [ -56.45882, -30.41007 ], [ -56.45762, -30.41019 ], [ -56.4563, -30.4106 ], [ -56.45596, -30.411 ], [ -56.45618, -30.41219 ], [ -56.45603, -30.41218 ], [ -56.45584, -30.41182 ], [ -56.45583, -30.41238 ], [ -56.45571, -30.41254 ], [ -56.45534, -30.41262 ], [ -56.45511, -30.41252 ], [ -56.45515, -30.41258 ], [ -56.45532, -30.41263 ], [ -56.45558, -30.41263 ], [ -56.45568, -30.41261 ], [ -56.45589, -30.41236 ], [ -56.45592, -30.41265 ], [ -56.45572, -30.41285 ], [ -56.45599, -30.41292 ], [ -56.45582, -30.41297 ], [ -56.45608, -30.41425 ], [ -56.45592, -30.41448 ], [ -56.4561, -30.41455 ], [ -56.45592, -30.41509 ], [ -56.45603, -30.41522 ], [ -56.45561, -30.41604 ], [ -56.45546, -30.41696 ], [ -56.45548, -30.41759 ], [ -56.45582, -30.41795 ], [ -56.45573, -30.41831 ], [ -56.45617, -30.41845 ], [ -56.45627, -30.41817 ], [ -56.45697, -30.41863 ], [ -56.45772, -30.41913 ], [ -56.45757, -30.41922 ], [ -56.45762, -30.41949 ], [ -56.4578, -30.41926 ], [ -56.45789, -30.41961 ], [ -56.45823, -30.41997 ], [ -56.45802, -30.42024 ], [ -56.45759, -30.42036 ], [ -56.45746, -30.42052 ], [ -56.45652, -30.42044 ], [ -56.45632, -30.42008 ], [ -56.45613, -30.42003 ], [ -56.45595, -30.42032 ], [ -56.45634, -30.42044 ], [ -56.45574, -30.42047 ], [ -56.4557, -30.4207 ], [ -56.45597, -30.421 ], [ -56.45628, -30.42174 ], [ -56.45666, -30.42211 ], [ -56.45786, -30.42248 ], [ -56.4582, -30.42285 ], [ -56.45836, -30.42281 ], [ -56.45875, -30.42329 ], [ -56.45903, -30.4234 ], [ -56.45898, -30.42385 ], [ -56.45869, -30.42419 ], [ -56.45878, -30.42435 ], [ -56.45869, -30.42462 ], [ -56.45857, -30.42471 ], [ -56.4531, -30.42298 ], [ -56.45358, -30.42284 ], [ -56.45423, -30.42197 ], [ -56.45383, -30.42104 ], [ -56.45051, -30.4183 ], [ -56.4479, -30.41683 ], [ -56.446, -30.41624 ], [ -56.44492, -30.41552 ], [ -56.44437, -30.41439 ], [ -56.44438, -30.41304 ], [ -56.44477, -30.41167 ], [ -56.44527, -30.41051 ], [ -56.44596, -30.40974 ], [ -56.44909, -30.40706 ], [ -56.45146, -30.4048 ], [ -56.45329, -30.40283 ], [ -56.45428, -30.40098 ], [ -56.45526, -30.39764 ], [ -56.45564, -30.39543 ], [ -56.45581, -30.39224 ], [ -56.45853, -30.38835 ], [ -56.46177, -30.38472 ], [ -56.46299, -30.38476 ], [ -56.46671, -30.38537 ], [ -56.4679, -30.38653 ], [ -56.46938, -30.38704 ], [ -56.47038, -30.38698 ], [ -56.47265, -30.38754 ], [ -56.47472, -30.38842 ], [ -56.47689, -30.38958 ], [ -56.48009, -30.39197 ], [ -56.48218, -30.39674 ], [ -56.48349, -30.39872 ], [ -56.48433, -30.39898 ], [ -56.48619, -30.39896 ], [ -56.48927, -30.39863 ], [ -56.49176, -30.39786 ], [ -56.49198, -30.39714 ], [ -56.49194, -30.39559 ], [ -56.49251, -30.3942 ], [ -56.49398, -30.39424 ], [ -56.49569, -30.39377 ], [ -56.49588, -30.39442 ], [ -56.4963, -30.39493 ], [ -56.49679, -30.39517 ], [ -56.49701, -30.39542 ], [ -56.49724, -30.3961 ], [ -56.49744, -30.39631 ], [ -56.49744, -30.39663 ], [ -56.49729, -30.39703 ], [ -56.49616, -30.3978 ], [ -56.49551, -30.39944 ], [ -56.49468, -30.40008 ], [ -56.49437, -30.40084 ], [ -56.49455, -30.40164 ], [ -56.49401, -30.40265 ] ] ] } },
{ "type": "Feature", "properties": { "nombre": "AR-ART_CRI-dic2009_Ro.Cuareim", "curso": "Río Cuareim", "fecha_evento": "2009-12-06", "cota_local": 11.55, "cota_oficial": null, "fuentes": "Servicio Geográfico Militar" }, "geometry": { "type": "Polygon", "coordinates": [ [ [ -56.49495, -30.3945 ], [ -56.49343, -30.39448 ], [ -56.49276, -30.39472 ], [ -56.49321, -30.39487 ], [ -56.49268, -30.39534 ], [ -56.49202, -30.39677 ], [ -56.49229, -30.39759 ], [ -56.49224, -30.39798 ], [ -56.49122, -30.39847 ], [ -56.48941, -30.39903 ], [ -56.4856, -30.39958 ], [ -56.4837, -30.39967 ], [ -56.48314, -30.39982 ], [ -56.48264, -30.40047 ], [ -56.48162, -30.40019 ], [ -56.48065, -30.40038 ], [ -56.48022, -30.40056 ], [ -56.47981, -30.40098 ], [ -56.47954, -30.40098 ], [ -56.47925, -30.39957 ], [ -56.47866, -30.39887 ], [ -56.47813, -30.39859 ], [ -56.47746, -30.39849 ], [ -56.47746, -30.39829 ], [ -56.47676, -30.39817 ], [ -56.47687, -30.3978 ], [ -56.47633, -30.39759 ], [ -56.47651, -30.39739 ], [ -56.47697, -30.39735 ], [ -56.47753, -30.39765 ], [ -56.47823, -30.39724 ], [ -56.47864, -30.39689 ], [ -56.47877, -30.39659 ], [ -56.47847, -30.39609 ], [ -56.47932, -30.3957 ], [ -56.47935, -30.3953 ], [ -56.47963, -30.39527 ], [ -56.48001, -30.39549 ], [ -56.48026, -30.39576 ], [ -56.4804, -30.39637 ], [ -56.48084, -30.39642 ], [ -56.48114, -30.39691 ], [ -56.48168, -30.39708 ], [ -56.48036, -30.39416 ], [ -56.47969, -30.3929 ], [ -56.47919, -30.39228 ], [ -56.47854, -30.39231 ], [ -56.47735, -30.39149 ], [ -56.47661, -30.39143 ], [ -56.47651, -30.3912 ], [ -56.47559, -30.39082 ], [ -56.4751, -30.39088 ], [ -56.4748, -30.39073 ], [ -56.47388, -30.39067 ], [ -56.47296, -30.39096 ], [ -56.4728, -30.3907 ], [ -56.47264, -30.3907 ], [ -56.4722, -30.39026 ], [ -56.47179, -30.39026 ], [ -56.47148, -30.39008 ], [ -56.47067, -30.3891 ], [ -56.47034, -30.3889 ], [ -56.46626, -30.38847 ], [ -56.46549, -30.38868 ], [ -56.46465, -30.38869 ], [ -56.46252, -30.38939 ], [ -56.46205, -30.38945 ], [ -56.46206, -30.38961 ], [ -56.46159, -30.39008 ], [ -56.46042, -30.39067 ], [ -56.46035, -30.39169 ], [ -56.45999, -30.39216 ], [ -56.45984, -30.39282 ], [ -56.45946, -30.39293 ], [ -56.4591, -30.39323 ], [ -56.45878, -30.39318 ], [ -56.45892, -30.39278 ], [ -56.45929, -30.3925 ], [ -56.45916, -30.39227 ], [ -56.45925, -30.39185 ], [ -56.45907, -30.39147 ], [ -56.45859, -30.39166 ], [ -56.45805, -30.3922 ], [ -56.4575, -30.39177 ], [ -56.45731, -30.39195 ], [ -56.45743, -30.3927 ], [ -56.45735, -30.39297 ], [ -56.45709, -30.39336 ], [ -56.4567, -30.39361 ], [ -56.45646, -30.39537 ], [ -56.45665, -30.3955 ], [ -56.45639, -30.39617 ], [ -56.45648, -30.39632 ], [ -56.45708, -30.39574 ], [ -56.45745, -30.39563 ], [ -56.45765, -30.39587 ], [ -56.45705, -30.39681 ], [ -56.4566, -30.3968 ], [ -56.45639, -30.39658 ], [ -56.45588, -30.39648 ], [ -56.45561, -30.39827 ], [ -56.45617, -30.39788 ], [ -56.45634, -30.39798 ], [ -56.45556, -30.39946 ], [ -56.45563, -30.39968 ], [ -56.45544, -30.39991 ], [ -56.45549, -30.40004 ], [ -56.45502, -30.40154 ], [ -56.45489, -30.40163 ], [ -56.45455, -30.4035 ], [ -56.45489, -30.40472 ], [ -56.4552, -30.40524 ], [ -56.45513, -30.4068 ], [ -56.45565, -30.40753 ], [ -56.45532, -30.40779 ], [ -56.45524, -30.40734 ], [ -56.45491, -30.40737 ], [ -56.4548, -30.40698 ], [ -56.45479, -30.40729 ], [ -56.45428, -30.40754 ], [ -56.45445, -30.4073 ], [ -56.45412, -30.40666 ], [ -56.45393, -30.4066 ], [ -56.45356, -30.40725 ], [ -56.45327, -30.40723 ], [ -56.45322, -30.40792 ], [ -56.4529, -30.40796 ], [ -56.45286, -30.40841 ], [ -56.45255, -30.40864 ], [ -56.45209, -30.4093 ], [ -56.45172, -30.40911 ], [ -56.4516, -30.4093 ], [ -56.45113, -30.40947 ], [ -56.45093, -30.40988 ], [ -56.45064, -30.40992 ], [ -56.45111, -30.40895 ], [ -56.45059, -30.40889 ], [ -56.44995, -30.4098 ], [ -56.44925, -30.41035 ], [ -56.44933, -30.41081 ], [ -56.44898, -30.41159 ], [ -56.44887, -30.41177 ], [ -56.44861, -30.41179 ], [ -56.44758, -30.41406 ], [ -56.44739, -30.4154 ], [ -56.44941, -30.41621 ], [ -56.4499, -30.41629 ], [ -56.45029, -30.4169 ], [ -56.45043, -30.41749 ], [ -56.45158, -30.41839 ], [ -56.44533, -30.41772 ], [ -56.44541, -30.41684 ], [ -56.44416, -30.4161 ], [ -56.44375, -30.41518 ], [ -56.44368, -30.41099 ], [ -56.44467, -30.41028 ], [ -56.44618, -30.40872 ], [ -56.44755, -30.40752 ], [ -56.44805, -30.40728 ], [ -56.45173, -30.40371 ], [ -56.45386, -30.40099 ], [ -56.45179, -30.39395 ], [ -56.45224, -30.39386 ], [ -56.45278, -30.39355 ], [ -56.45278, -30.39335 ], [ -56.45339, -30.39276 ], [ -56.45407, -30.39166 ], [ -56.45458, -30.39168 ], [ -56.45477, -30.39116 ], [ -56.45436, -30.39119 ], [ -56.4546, -30.39059 ], [ -56.45588, -30.38931 ], [ -56.45618, -30.38855 ], [ -56.45683, -30.38832 ], [ -56.45745, -30.38768 ], [ -56.45813, -30.38726 ], [ -56.45829, -30.38693 ], [ -56.4585, -30.38681 ], [ -56.45844, -30.38663 ], [ -56.45899, -30.38607 ], [ -56.4589, -30.3856 ], [ -56.45958, -30.38545 ], [ -56.46029, -30.38474 ], [ -56.4604, -30.38459 ], [ -56.45984, -30.38386 ], [ -56.45987, -30.38326 ], [ -56.46077, -30.38343 ], [ -56.46122, -30.38374 ], [ -56.46263, -30.38414 ], [ -56.46359, -30.38415 ], [ -56.46426, -30.38464 ], [ -56.46475, -30.38475 ], [ -56.46605, -30.38473 ], [ -56.46849, -30.38528 ], [ -56.46998, -30.3859 ], [ -56.47142, -30.38689 ], [ -56.47448, -30.38785 ], [ -56.47829, -30.39052 ], [ -56.48024, -30.39163 ], [ -56.48082, -30.39248 ], [ -56.48219, -30.39611 ], [ -56.48357, -30.39693 ], [ -56.48408, -30.39698 ], [ -56.48317, -30.39789 ], [ -56.48437, -30.3986 ], [ -56.48579, -30.39871 ], [ -56.4878, -30.39846 ], [ -56.48964, -30.39797 ], [ -56.49094, -30.39732 ], [ -56.49116, -30.39552 ], [ -56.49289, -30.39201 ], [ -56.49495, -30.3945 ] ] ] } },
{ "type": "Feature", "properties": { "nombre": "FD-FDA_CRI-abr2016_Ro.Santa-Lucía-Chico", "curso": "Río Santa Lucía Chico", "fecha_evento": "2016-02-01", "cota_local": null, "cota_oficial": null, "fuentes": "Dirección Nacional de Aguas (DINAGUA) - Inundaciones y Drenaje Urbano" }, "geometry": { "type": "Polygon", "coordinates": [ [ [ -56.20064, -34.09571 ], [ -56.20105, -34.0953 ], [ -56.2021, -34.09363 ], [ -56.20547, -34.09457 ], [ -56.20593, -34.09406 ], [ -56.20592, -34.09331 ], [ -56.20773, -34.09326 ], [ -56.20757, -34.09347 ], [ -56.20687, -34.09387 ], [ -56.20628, -34.09445 ], [ -56.20609, -34.09481 ], [ -56.2067, -34.0954 ], [ -56.2075, -34.09557 ], [ -56.20774, -34.0959 ], [ -56.2075, -34.09604 ], [ -56.20722, -34.096 ], [ -56.20608, -34.09626 ], [ -56.20527, -34.09676 ], [ -56.20485, -34.09732 ], [ -56.2044, -34.09854 ], [ -56.204, -34.09891 ], [ -56.20404, -34.09903 ], [ -56.20387, -34.09908 ], [ -56.20387, -34.0993 ], [ -56.20368, -34.09944 ], [ -56.20392, -34.09975 ], [ -56.2035, -34.09974 ], [ -56.20332, -34.09993 ], [ -56.20343, -34.10061 ], [ -56.20423, -34.10296 ], [ -56.20436, -34.10354 ], [ -56.20425, -34.10395 ], [ -56.20498, -34.1041 ], [ -56.2054, -34.10432 ], [ -56.20545, -34.10481 ], [ -56.20493, -34.10576 ], [ -56.20517, -34.10656 ], [ -56.20567, -34.10725 ], [ -56.20575, -34.10775 ], [ -56.20603, -34.10802 ], [ -56.20645, -34.10885 ], [ -56.20704, -34.10951 ], [ -56.20818, -34.11012 ], [ -56.20872, -34.11035 ], [ -56.20931, -34.1103 ], [ -56.20953, -34.11038 ], [ -56.21038, -34.11035 ], [ -56.211, -34.1101 ], [ -56.21289, -34.11012 ], [ -56.21322, -34.10994 ], [ -56.21392, -34.11006 ], [ -56.21436, -34.10994 ], [ -56.21506, -34.11016 ], [ -56.21555, -34.10997 ], [ -56.21595, -34.10998 ], [ -56.21626, -34.10948 ], [ -56.21608, -34.10912 ], [ -56.21616, -34.10892 ], [ -56.2167, -34.10864 ], [ -56.2173, -34.10878 ], [ -56.21764, -34.10863 ], [ -56.21852, -34.10756 ], [ -56.21842, -34.10697 ], [ -56.21938, -34.10618 ], [ -56.22026, -34.10613 ], [ -56.22046, -34.10649 ], [ -56.22079, -34.1064 ], [ -56.22122, -34.10678 ], [ -56.22155, -34.10648 ], [ -56.22179, -34.1065 ], [ -56.22188, -34.10557 ], [ -56.22276, -34.10574 ], [ -56.22249, -34.10637 ], [ -56.2222, -34.10659 ], [ -56.22185, -34.10663 ], [ -56.22196, -34.10681 ], [ -56.22188, -34.10717 ], [ -56.22121, -34.10744 ], [ -56.22055, -34.1087 ], [ -56.22088, -34.10942 ], [ -56.22131, -34.10974 ], [ -56.22162, -34.11019 ], [ -56.22173, -34.11073 ], [ -56.22202, -34.11089 ], [ -56.22017, -34.1129 ], [ -56.2189, -34.11249 ], [ -56.21758, -34.11456 ], [ -56.21743, -34.11418 ], [ -56.21714, -34.11398 ], [ -56.2159, -34.11347 ], [ -56.21427, -34.11386 ], [ -56.21385, -34.1138 ], [ -56.21359, -34.11343 ], [ -56.21335, -34.11335 ], [ -56.21281, -34.11345 ], [ -56.21218, -34.11373 ], [ -56.21153, -34.11143 ], [ -56.2099, -34.11172 ], [ -56.20693, -34.11082 ], [ -56.20644, -34.11045 ], [ -56.20523, -34.10895 ], [ -56.20481, -34.10785 ], [ -56.20396, -34.10622 ], [ -56.20386, -34.10577 ], [ -56.20314, -34.10553 ], [ -56.20211, -34.10301 ], [ -56.20197, -34.10134 ], [ -56.20214, -34.10056 ], [ -56.20265, -34.09945 ], [ -56.20422, -34.09678 ], [ -56.20064, -34.09571 ] ] ] } },
{ "type": "Feature", "properties": { "nombre": "TT-TYT_CRI-1998_Ro.Olimar", "curso": "Río Olimar y Arroyo Yerbal", "fecha_evento": "1998-01-01", "cota_local": null, "cota_oficial": null, "fuentes": "Intendencia Departamental de Treinta y Tres" }, "geometry": { "type": "MultiPolygon", "coordinates": [ [ [ [ -54.39848, -33.23578 ], [ -54.39814, -33.23526 ], [ -54.39829, -33.23513 ], [ -54.39861, -33.23568 ], [ -54.39848, -33.23578 ] ] ], [ [ [ -54.38726, -33.26279 ], [ -54.39117, -33.26519 ], [ -54.37613, -33.26048 ], [ -54.37458, -33.26023 ], [ -54.37449, -33.25999 ], [ -54.37473, -33.25973 ], [ -54.37527, -33.25979 ], [ -54.37582, -33.25881 ], [ -54.3759, -33.25728 ], [ -54.37574, -33.25696 ], [ -54.37533, -33.25673 ], [ -54.37543, -33.25641 ], [ -54.37588, -33.25613 ], [ -54.37582, -33.2554 ], [ -54.3748, -33.25425 ], [ -54.37422, -33.25413 ], [ -54.37394, -33.25301 ], [ -54.37411, -33.25235 ], [ -54.3734, -33.25185 ], [ -54.37375, -33.25107 ], [ -54.37451, -33.25027 ], [ -54.37452, -33.24929 ], [ -54.37404, -33.24818 ], [ -54.37337, -33.24778 ], [ -54.37243, -33.24749 ], [ -54.37163, -33.24741 ], [ -54.37113, -33.24748 ], [ -54.37096, -33.24729 ], [ -54.37121, -33.24715 ], [ -54.37096, -33.24656 ], [ -54.37065, -33.24631 ], [ -54.37099, -33.24577 ], [ -54.37269, -33.24522 ], [ -54.37356, -33.24476 ], [ -54.37398, -33.24474 ], [ -54.37387, -33.2445 ], [ -54.3743, -33.24424 ], [ -54.37445, -33.24401 ], [ -54.37435, -33.24289 ], [ -54.37401, -33.24208 ], [ -54.37297, -33.24067 ], [ -54.37219, -33.24021 ], [ -54.37104, -33.23923 ], [ -54.37024, -33.23835 ], [ -54.37032, -33.23822 ], [ -54.37146, -33.23809 ], [ -54.374, -33.2391 ], [ -54.37596, -33.24042 ], [ -54.37632, -33.24104 ], [ -54.37595, -33.24172 ], [ -54.3762, -33.24214 ], [ -54.37618, -33.2429 ], [ -54.37634, -33.24344 ], [ -54.37584, -33.24446 ], [ -54.37583, -33.24506 ], [ -54.3752, -33.24546 ], [ -54.37425, -33.24482 ], [ -54.37412, -33.24488 ], [ -54.37511, -33.2457 ], [ -54.37529, -33.24638 ], [ -54.37613, -33.24646 ], [ -54.37655, -33.24681 ], [ -54.37645, -33.2471 ], [ -54.37746, -33.24751 ], [ -54.378, -33.248 ], [ -54.37869, -33.24832 ], [ -54.37946, -33.24947 ], [ -54.37938, -33.24999 ], [ -54.37901, -33.25044 ], [ -54.37901, -33.25064 ], [ -54.37837, -33.25099 ], [ -54.37804, -33.25138 ], [ -54.37763, -33.25222 ], [ -54.37776, -33.25249 ], [ -54.37738, -33.25238 ], [ -54.37735, -33.25252 ], [ -54.37809, -33.253 ], [ -54.37847, -33.25309 ], [ -54.3786, -33.25289 ], [ -54.3783, -33.25274 ], [ -54.37884, -33.25262 ], [ -54.37984, -33.25175 ], [ -54.38084, -33.2503 ], [ -54.38064, -33.24984 ], [ -54.38075, -33.24956 ], [ -54.38131, -33.24922 ], [ -54.38151, -33.24892 ], [ -54.38181, -33.24686 ], [ -54.3826, -33.24653 ], [ -54.38296, -33.24666 ], [ -54.38333, -33.24657 ], [ -54.38391, -33.24596 ], [ -54.38403, -33.24567 ], [ -54.38497, -33.24543 ], [ -54.38529, -33.24503 ], [ -54.38578, -33.24498 ], [ -54.38661, -33.24416 ], [ -54.38703, -33.24396 ], [ -54.38793, -33.24261 ], [ -54.38819, -33.24158 ], [ -54.38903, -33.24102 ], [ -54.39043, -33.24038 ], [ -54.39134, -33.24028 ], [ -54.39224, -33.24035 ], [ -54.39355, -33.24069 ], [ -54.39463, -33.24119 ], [ -54.3983, -33.24428 ], [ -54.39848, -33.24428 ], [ -54.39477, -33.24114 ], [ -54.39374, -33.24063 ], [ -54.39257, -33.2403 ], [ -54.3905, -33.24023 ], [ -54.39006, -33.23965 ], [ -54.39055, -33.23909 ], [ -54.39145, -33.23867 ], [ -54.39186, -33.23862 ], [ -54.39214, -33.23821 ], [ -54.3933, -33.23751 ], [ -54.39361, -33.2371 ], [ -54.39372, -33.23663 ], [ -54.39426, -33.23637 ], [ -54.39596, -33.23731 ], [ -54.39671, -33.23727 ], [ -54.39715, -33.23698 ], [ -54.39741, -33.2371 ], [ -54.39809, -33.23712 ], [ -54.39827, -33.23705 ], [ -54.39837, -33.23658 ], [ -54.3985, -33.23652 ], [ -54.39896, -33.23648 ], [ -54.39924, -33.23671 ], [ -54.40031, -33.23659 ], [ -54.40056, -33.23639 ], [ -54.40104, -33.23655 ], [ -54.40172, -33.23634 ], [ -54.40203, -33.23635 ], [ -54.40225, -33.23623 ], [ -54.40241, -33.23576 ], [ -54.40275, -33.23563 ], [ -54.40259, -33.23514 ], [ -54.40267, -33.23495 ], [ -54.40313, -33.235 ], [ -54.40333, -33.23518 ], [ -54.40463, -33.23515 ], [ -54.40495, -33.23503 ], [ -54.40528, -33.23453 ], [ -54.4062, -33.234 ], [ -54.40626, -33.23386 ], [ -54.40628, -33.23325 ], [ -54.40601, -33.23279 ], [ -54.40601, -33.2324 ], [ -54.40625, -33.23192 ], [ -54.40624, -33.23143 ], [ -54.40645, -33.23087 ], [ -54.4068, -33.23047 ], [ -54.40702, -33.22978 ], [ -54.40657, -33.22923 ], [ -54.40606, -33.2291 ], [ -54.40578, -33.22926 ], [ -54.40525, -33.22905 ], [ -54.40493, -33.22925 ], [ -54.4042, -33.22915 ], [ -54.40299, -33.22968 ], [ -54.40248, -33.22955 ], [ -54.40208, -33.22916 ], [ -54.40185, -33.22923 ], [ -54.4011, -33.22871 ], [ -54.40083, -33.22871 ], [ -54.39995, -33.22919 ], [ -54.39923, -33.23021 ], [ -54.39867, -33.23011 ], [ -54.39803, -33.22877 ], [ -54.3981, -33.2281 ], [ -54.39711, -33.22776 ], [ -54.39671, -33.2274 ], [ -54.39607, -33.22735 ], [ -54.39508, -33.22688 ], [ -54.39355, -33.227 ], [ -54.39309, -33.22719 ], [ -54.39229, -33.22663 ], [ -54.39154, -33.22663 ], [ -54.3909, -33.22629 ], [ -54.38942, -33.22632 ], [ -54.38869, -33.22645 ], [ -54.38794, -33.22623 ], [ -54.38794, -33.22571 ], [ -54.38865, -33.22546 ], [ -54.3892, -33.22494 ], [ -54.39042, -33.22454 ], [ -54.3907, -33.22422 ], [ -54.39237, -33.22348 ], [ -54.39252, -33.22313 ], [ -54.39276, -33.22303 ], [ -54.39318, -33.22335 ], [ -54.3943, -33.22368 ], [ -54.39467, -33.22347 ], [ -54.39516, -33.22355 ], [ -54.3957, -33.22324 ], [ -54.39612, -33.22319 ], [ -54.39624, -33.22283 ], [ -54.39613, -33.22244 ], [ -54.39551, -33.22198 ], [ -54.395, -33.22168 ], [ -54.39386, -33.22133 ], [ -54.39224, -33.22163 ], [ -54.39192, -33.22188 ], [ -54.39255, -33.22266 ], [ -54.39229, -33.22293 ], [ -54.39193, -33.22293 ], [ -54.39162, -33.22239 ], [ -54.39113, -33.22232 ], [ -54.39098, -33.22199 ], [ -54.39035, -33.22179 ], [ -54.38967, -33.22178 ], [ -54.38919, -33.22156 ], [ -54.38939, -33.22102 ], [ -54.38988, -33.22072 ], [ -54.39001, -33.2203 ], [ -54.38971, -33.21966 ], [ -54.38901, -33.21934 ], [ -54.38849, -33.21836 ], [ -54.38849, -33.21812 ], [ -54.38908, -33.21753 ], [ -54.38897, -33.21691 ], [ -54.38921, -33.21645 ], [ -54.38864, -33.21554 ], [ -54.38803, -33.21492 ], [ -54.38781, -33.21448 ], [ -54.38781, -33.21392 ], [ -54.3879, -33.21362 ], [ -54.38857, -33.21307 ], [ -54.38868, -33.21258 ], [ -54.38917, -33.21222 ], [ -54.38929, -33.21195 ], [ -54.38885, -33.21124 ], [ -54.3885, -33.21104 ], [ -54.3872, -33.21079 ], [ -54.3875, -33.20981 ], [ -54.38762, -33.20878 ], [ -54.38749, -33.20852 ], [ -54.38695, -33.20816 ], [ -54.38622, -33.20781 ], [ -54.38587, -33.20781 ], [ -54.38556, -33.20767 ], [ -54.38447, -33.2077 ], [ -54.38367, -33.208 ], [ -54.38323, -33.20827 ], [ -54.38307, -33.20854 ], [ -54.38275, -33.20858 ], [ -54.38214, -33.20915 ], [ -54.3808, -33.20982 ], [ -54.38065, -33.21049 ], [ -54.38075, -33.21066 ], [ -54.38057, -33.2108 ], [ -54.38063, -33.21169 ], [ -54.38033, -33.21188 ], [ -54.37984, -33.21125 ], [ -54.37898, -33.20971 ], [ -54.37834, -33.20936 ], [ -54.37774, -33.20924 ], [ -54.37684, -33.20932 ], [ -54.37597, -33.20999 ], [ -54.37443, -33.20958 ], [ -54.37337, -33.20955 ], [ -54.37228, -33.21003 ], [ -54.37062, -33.20911 ], [ -54.37139, -33.20874 ], [ -54.37191, -33.20815 ], [ -54.37244, -33.20791 ], [ -54.37265, -33.20741 ], [ -54.37359, -33.20715 ], [ -54.37415, -33.20678 ], [ -54.37464, -33.20592 ], [ -54.37369, -33.20524 ], [ -54.37368, -33.20506 ], [ -54.37392, -33.20463 ], [ -54.37441, -33.20434 ], [ -54.37639, -33.20455 ], [ -54.37701, -33.20482 ], [ -54.37774, -33.20484 ], [ -54.37802, -33.20469 ], [ -54.37829, -33.2036 ], [ -54.37851, -33.20342 ], [ -54.38082, -33.20464 ], [ -54.38154, -33.20459 ], [ -54.3819, -33.2043 ], [ -54.38225, -33.20315 ], [ -54.38254, -33.20299 ], [ -54.38276, -33.20311 ], [ -54.3831, -33.20392 ], [ -54.38335, -33.20406 ], [ -54.38351, -33.20435 ], [ -54.38399, -33.20468 ], [ -54.38473, -33.20485 ], [ -54.38542, -33.20473 ], [ -54.38925, -33.20255 ], [ -54.38965, -33.20217 ], [ -54.38989, -33.20114 ], [ -54.38975, -33.20083 ], [ -54.38938, -33.20056 ], [ -54.38894, -33.20046 ], [ -54.38911, -33.2 ], [ -54.3889, -33.19958 ], [ -54.3895, -33.19878 ], [ -54.38953, -33.19802 ], [ -54.38827, -33.19735 ], [ -54.38666, -33.19546 ], [ -54.38995, -33.19545 ], [ -54.39536, -33.19612 ], [ -54.40066, -33.19833 ], [ -54.41359, -33.20922 ], [ -54.43392, -33.24163 ], [ -54.43475, -33.24543 ], [ -54.43464, -33.24572 ], [ -54.43413, -33.24576 ], [ -54.43297, -33.24632 ], [ -54.43211, -33.24657 ], [ -54.43172, -33.24645 ], [ -54.43079, -33.24645 ], [ -54.42915, -33.24568 ], [ -54.42858, -33.24557 ], [ -54.42675, -33.24574 ], [ -54.42644, -33.24608 ], [ -54.42578, -33.24603 ], [ -54.42473, -33.2456 ], [ -54.42333, -33.24573 ], [ -54.42298, -33.24618 ], [ -54.42213, -33.24656 ], [ -54.42155, -33.24778 ], [ -54.4213, -33.24793 ], [ -54.42092, -33.24785 ], [ -54.41964, -33.24634 ], [ -54.41896, -33.24613 ], [ -54.41831, -33.2463 ], [ -54.41758, -33.24599 ], [ -54.41727, -33.24566 ], [ -54.41698, -33.2449 ], [ -54.41565, -33.24351 ], [ -54.41516, -33.24316 ], [ -54.41409, -33.24334 ], [ -54.41368, -33.24362 ], [ -54.41207, -33.24367 ], [ -54.41168, -33.24422 ], [ -54.41287, -33.24673 ], [ -54.41274, -33.24836 ], [ -54.41247, -33.24858 ], [ -54.41222, -33.24907 ], [ -54.41195, -33.25075 ], [ -54.41129, -33.25093 ], [ -54.41084, -33.2507 ], [ -54.41015, -33.24986 ], [ -54.40957, -33.24807 ], [ -54.40891, -33.24702 ], [ -54.40826, -33.24651 ], [ -54.40764, -33.24627 ], [ -54.40674, -33.24642 ], [ -54.40634, -33.24675 ], [ -54.40587, -33.24694 ], [ -54.40577, -33.24718 ], [ -54.40535, -33.24736 ], [ -54.4044, -33.24588 ], [ -54.40419, -33.24592 ], [ -54.40571, -33.24851 ], [ -54.40559, -33.24896 ], [ -54.40495, -33.24935 ], [ -54.40468, -33.24936 ], [ -54.40414, -33.24908 ], [ -54.40134, -33.2467 ], [ -54.40133, -33.24683 ], [ -54.40393, -33.24907 ], [ -54.40419, -33.24943 ], [ -54.40406, -33.24986 ], [ -54.40346, -33.25042 ], [ -54.40271, -33.25023 ], [ -54.40116, -33.24919 ], [ -54.40027, -33.24909 ], [ -54.39912, -33.25004 ], [ -54.39855, -33.25023 ], [ -54.39822, -33.25049 ], [ -54.39821, -33.25072 ], [ -54.39837, -33.25086 ], [ -54.39877, -33.25068 ], [ -54.39896, -33.25091 ], [ -54.39863, -33.25154 ], [ -54.39831, -33.25148 ], [ -54.39847, -33.25095 ], [ -54.39816, -33.25095 ], [ -54.39803, -33.251 ], [ -54.39782, -33.25162 ], [ -54.39803, -33.25189 ], [ -54.39859, -33.25182 ], [ -54.39894, -33.25207 ], [ -54.39899, -33.2529 ], [ -54.39989, -33.25355 ], [ -54.40061, -33.25371 ], [ -54.40098, -33.25395 ], [ -54.40157, -33.25383 ], [ -54.40232, -33.25391 ], [ -54.40296, -33.25428 ], [ -54.40328, -33.25463 ], [ -54.4029, -33.25531 ], [ -54.40216, -33.25568 ], [ -54.4016, -33.25558 ], [ -54.40112, -33.25581 ], [ -54.40078, -33.25619 ], [ -54.39987, -33.25637 ], [ -54.3982, -33.25624 ], [ -54.39673, -33.25663 ], [ -54.39604, -33.25705 ], [ -54.39619, -33.25765 ], [ -54.39547, -33.25859 ], [ -54.39529, -33.25907 ], [ -54.39374, -33.26018 ], [ -54.39304, -33.26104 ], [ -54.39288, -33.26151 ], [ -54.39296, -33.26265 ], [ -54.39047, -33.2622 ], [ -54.39078, -33.26249 ], [ -54.38726, -33.26279 ] ], [ [ -54.40826, -33.21106 ], [ -54.4101, -33.21095 ], [ -54.41087, -33.21077 ], [ -54.41113, -33.21063 ], [ -54.41168, -33.20979 ], [ -54.41161, -33.20969 ], [ -54.4076, -33.21051 ], [ -54.40785, -33.21084 ], [ -54.40826, -33.21106 ] ], [ [ -54.40606, -33.24141 ], [ -54.4064, -33.24139 ], [ -54.40677, -33.24096 ], [ -54.40725, -33.2408 ], [ -54.40738, -33.24062 ], [ -54.40707, -33.24019 ], [ -54.40653, -33.24009 ], [ -54.40626, -33.23995 ], [ -54.40613, -33.23968 ], [ -54.40597, -33.23966 ], [ -54.40542, -33.24015 ], [ -54.40533, -33.24066 ], [ -54.40564, -33.24116 ], [ -54.40606, -33.24141 ] ] ] ] } },
{ "type": "Feature", "properties": { "nombre": "CL-RBO_CRI-1984_Ro.Yaguarón", "curso": "Río Yaguarón", "fecha_evento": "1984-05-01", "cota_local": null, "cota_oficial": null, "fuentes": "Intendencia Departamental de Cerro Largo" }, "geometry": { "type": "Polygon", "coordinates": [ [ [ -53.3724, -32.57002 ], [ -53.37428, -32.57071 ], [ -53.37715, -32.57141 ], [ -53.37816, -32.57206 ], [ -53.37868, -32.57274 ], [ -53.38008, -32.57582 ], [ -53.38014, -32.57789 ], [ -53.38054, -32.57902 ], [ -53.38124, -32.58002 ], [ -53.38165, -32.58088 ], [ -53.38428, -32.58394 ], [ -53.38444, -32.58512 ], [ -53.38473, -32.58573 ], [ -53.3855, -32.58634 ], [ -53.3872, -32.58729 ], [ -53.38814, -32.58745 ], [ -53.38957, -32.58741 ], [ -53.39016, -32.58718 ], [ -53.39215, -32.58583 ], [ -53.3964, -32.58401 ], [ -53.40045, -32.58987 ], [ -53.40006, -32.59015 ], [ -53.39995, -32.59038 ], [ -53.39944, -32.59064 ], [ -53.39925, -32.59096 ], [ -53.39828, -32.59152 ], [ -53.39814, -32.59179 ], [ -53.39671, -32.59226 ], [ -53.39511, -32.59328 ], [ -53.39473, -32.59322 ], [ -53.39401, -32.59347 ], [ -53.39321, -32.59321 ], [ -53.39296, -32.59353 ], [ -53.39302, -32.59383 ], [ -53.39265, -32.59399 ], [ -53.39252, -32.59372 ], [ -53.39197, -32.59372 ], [ -53.39185, -32.59306 ], [ -53.39132, -32.59321 ], [ -53.39093, -32.59297 ], [ -53.39058, -32.59293 ], [ -53.39038, -32.59316 ], [ -53.39001, -32.59429 ], [ -53.39015, -32.5945 ], [ -53.3906, -32.59476 ], [ -53.39068, -32.59504 ], [ -53.39111, -32.59523 ], [ -53.39083, -32.59549 ], [ -53.39096, -32.596 ], [ -53.39137, -32.5955 ], [ -53.39218, -32.59551 ], [ -53.39231, -32.59541 ], [ -53.39274, -32.59556 ], [ -53.39301, -32.59586 ], [ -53.39386, -32.59619 ], [ -53.39402, -32.59609 ], [ -53.39406, -32.59566 ], [ -53.39424, -32.59543 ], [ -53.39474, -32.59517 ], [ -53.39465, -32.5949 ], [ -53.3948, -32.59479 ], [ -53.39533, -32.59495 ], [ -53.39565, -32.59532 ], [ -53.39608, -32.59526 ], [ -53.39687, -32.59558 ], [ -53.39728, -32.59494 ], [ -53.39749, -32.59489 ], [ -53.39834, -32.59511 ], [ -53.39902, -32.5955 ], [ -53.3996, -32.5952 ], [ -53.39993, -32.59519 ], [ -53.40077, -32.5955 ], [ -53.40142, -32.59554 ], [ -53.40172, -32.59579 ], [ -53.40207, -32.59578 ], [ -53.40228, -32.59604 ], [ -53.40111, -32.59563 ], [ -53.40051, -32.59599 ], [ -53.39975, -32.59574 ], [ -53.39915, -32.59628 ], [ -53.3989, -32.59632 ], [ -53.3978, -32.59596 ], [ -53.3972, -32.59634 ], [ -53.39652, -32.59635 ], [ -53.39633, -32.59621 ], [ -53.39616, -32.59623 ], [ -53.39609, -32.59644 ], [ -53.39513, -32.59645 ], [ -53.39427, -32.59718 ], [ -53.39438, -32.59737 ], [ -53.39475, -32.59755 ], [ -53.39471, -32.59779 ], [ -53.39445, -32.59768 ], [ -53.39405, -32.59788 ], [ -53.39356, -32.59792 ], [ -53.39321, -32.59744 ], [ -53.39268, -32.5975 ], [ -53.39227, -32.59735 ], [ -53.39195, -32.59757 ], [ -53.39192, -32.59823 ], [ -53.39249, -32.59894 ], [ -53.39148, -32.59846 ], [ -53.39109, -32.5979 ], [ -53.39064, -32.59753 ], [ -53.3902, -32.59746 ], [ -53.38935, -32.59763 ], [ -53.38883, -32.59701 ], [ -53.38885, -32.59607 ], [ -53.38824, -32.59592 ], [ -53.38766, -32.596 ], [ -53.3873, -32.5957 ], [ -53.38789, -32.5952 ], [ -53.38779, -32.59442 ], [ -53.38759, -32.59426 ], [ -53.38711, -32.59446 ], [ -53.38688, -32.59419 ], [ -53.38692, -32.59371 ], [ -53.38663, -32.59372 ], [ -53.38658, -32.59392 ], [ -53.38596, -32.59408 ], [ -53.38576, -32.59428 ], [ -53.3855, -32.59422 ], [ -53.38515, -32.59362 ], [ -53.38517, -32.59391 ], [ -53.38555, -32.59451 ], [ -53.38514, -32.59457 ], [ -53.38525, -32.59428 ], [ -53.38497, -32.59391 ], [ -53.38452, -32.59383 ], [ -53.38418, -32.59398 ], [ -53.38427, -32.59356 ], [ -53.38396, -32.59346 ], [ -53.38375, -32.59356 ], [ -53.38295, -32.59259 ], [ -53.38261, -32.59237 ], [ -53.38231, -32.59256 ], [ -53.38205, -32.59243 ], [ -53.38211, -32.59213 ], [ -53.38231, -32.59213 ], [ -53.38249, -32.59193 ], [ -53.38214, -32.59142 ], [ -53.38221, -32.59107 ], [ -53.38173, -32.59059 ], [ -53.3808, -32.59024 ], [ -53.3809, -32.59001 ], [ -53.38063, -32.58943 ], [ -53.38084, -32.58915 ], [ -53.38147, -32.58918 ], [ -53.38163, -32.5889 ], [ -53.38159, -32.58835 ], [ -53.38116, -32.58842 ], [ -53.3808, -32.58863 ], [ -53.3805, -32.58829 ], [ -53.38008, -32.58838 ], [ -53.37991, -32.58826 ], [ -53.3795, -32.58837 ], [ -53.37987, -32.58802 ], [ -53.37998, -32.5876 ], [ -53.37963, -32.58732 ], [ -53.37922, -32.58735 ], [ -53.37934, -32.58714 ], [ -53.37918, -32.58642 ], [ -53.37893, -32.58634 ], [ -53.37908, -32.58615 ], [ -53.37899, -32.58595 ], [ -53.37854, -32.58558 ], [ -53.37832, -32.5856 ], [ -53.37841, -32.58542 ], [ -53.37829, -32.58519 ], [ -53.37779, -32.58485 ], [ -53.37748, -32.58494 ], [ -53.37739, -32.58454 ], [ -53.37685, -32.58467 ], [ -53.37648, -32.58556 ], [ -53.3763, -32.58559 ], [ -53.37595, -32.583 ], [ -53.37584, -32.58311 ], [ -53.37608, -32.58613 ], [ -53.37583, -32.58639 ], [ -53.37559, -32.58708 ], [ -53.37487, -32.58722 ], [ -53.37459, -32.58747 ], [ -53.37465, -32.58773 ], [ -53.37498, -32.58794 ], [ -53.37506, -32.58852 ], [ -53.37475, -32.58897 ], [ -53.37439, -32.58897 ], [ -53.37425, -32.58925 ], [ -53.37458, -32.58941 ], [ -53.37462, -32.58968 ], [ -53.3756, -32.58976 ], [ -53.37623, -32.59012 ], [ -53.37634, -32.58974 ], [ -53.37654, -32.5911 ], [ -53.37667, -32.59072 ], [ -53.37656, -32.58993 ], [ -53.37673, -32.59006 ], [ -53.3772, -32.59 ], [ -53.37772, -32.59018 ], [ -53.37831, -32.5899 ], [ -53.37879, -32.58997 ], [ -53.37926, -32.5898 ], [ -53.37915, -32.59028 ], [ -53.37952, -32.59068 ], [ -53.38043, -32.59021 ], [ -53.37994, -32.59063 ], [ -53.38003, -32.59097 ], [ -53.37991, -32.5912 ], [ -53.37967, -32.59123 ], [ -53.37947, -32.59147 ], [ -53.37946, -32.59166 ], [ -53.37979, -32.59192 ], [ -53.37958, -32.59208 ], [ -53.37857, -32.59177 ], [ -53.37813, -32.59179 ], [ -53.37787, -32.59164 ], [ -53.3768, -32.59173 ], [ -53.3766, -32.59114 ], [ -53.37663, -32.59188 ], [ -53.37503, -32.59194 ], [ -53.37451, -32.59181 ], [ -53.37414, -32.59218 ], [ -53.37414, -32.59249 ], [ -53.3754, -32.59442 ], [ -53.37564, -32.59649 ], [ -53.37612, -32.59708 ], [ -53.37615, -32.59747 ], [ -53.37574, -32.59817 ], [ -53.37565, -32.59866 ], [ -53.37597, -32.5991 ], [ -53.37572, -32.59953 ], [ -53.3757, -32.59995 ], [ -53.37598, -32.60043 ], [ -53.37625, -32.60053 ], [ -53.37621, -32.6007 ], [ -53.37573, -32.60065 ], [ -53.37566, -32.6003 ], [ -53.3753, -32.60004 ], [ -53.37521, -32.59965 ], [ -53.3748, -32.59927 ], [ -53.37481, -32.59891 ], [ -53.37459, -32.59842 ], [ -53.37403, -32.59804 ], [ -53.37397, -32.59777 ], [ -53.37408, -32.59753 ], [ -53.3739, -32.59718 ], [ -53.37415, -32.59689 ], [ -53.37392, -32.59661 ], [ -53.37383, -32.59578 ], [ -53.37394, -32.59514 ], [ -53.37365, -32.59398 ], [ -53.37289, -32.59298 ], [ -53.37139, -32.592 ], [ -53.37055, -32.59194 ], [ -53.37015, -32.59241 ], [ -53.36956, -32.59248 ], [ -53.36939, -32.5927 ], [ -53.36843, -32.59321 ], [ -53.36823, -32.59351 ], [ -53.36824, -32.59395 ], [ -53.36804, -32.5941 ], [ -53.3681, -32.59428 ], [ -53.36736, -32.59369 ], [ -53.36695, -32.59378 ], [ -53.3661, -32.59477 ], [ -53.36611, -32.59545 ], [ -53.36597, -32.59581 ], [ -53.36519, -32.59544 ], [ -53.36469, -32.59541 ], [ -53.36405, -32.59573 ], [ -53.36248, -32.59686 ], [ -53.36185, -32.59682 ], [ -53.36112, -32.59698 ], [ -53.35539, -32.59094 ], [ -53.35659, -32.58987 ], [ -53.35802, -32.58734 ], [ -53.35959, -32.58335 ], [ -53.36035, -32.58186 ], [ -53.36088, -32.58112 ], [ -53.36281, -32.57955 ], [ -53.36317, -32.57904 ], [ -53.36615, -32.57629 ], [ -53.36701, -32.57508 ], [ -53.36895, -32.57167 ], [ -53.37005, -32.57057 ], [ -53.3724, -32.57002 ] ] ] } },
{ "type": "Feature", "properties": { "nombre": "PA-PSD_CRI-nov2009_Ro.Uruguay", "curso": "Río Uruguay", "fecha_evento": "2009-11-10", "cota_local": 8.93, "cota_oficial": 9.04, "fuentes": "Fuerza Aérea Uruguaya - Servicio de Sensores Remotos Aeroespaciales" }, "geometry": { "type": "Polygon", "coordinates": [ [ [ -58.08932, -32.296 ], [ -58.08935, -32.29487 ], [ -58.08904, -32.29359 ], [ -58.08793, -32.29352 ], [ -58.08769, -32.29316 ], [ -58.08776, -32.29241 ], [ -58.08795, -32.29212 ], [ -58.088, -32.29109 ], [ -58.08821, -32.29058 ], [ -58.08795, -32.29036 ], [ -58.08776, -32.28972 ], [ -58.08766, -32.28867 ], [ -58.08715, -32.2884 ], [ -58.08662, -32.28831 ], [ -58.08667, -32.28795 ], [ -58.08592, -32.28734 ], [ -58.08606, -32.28702 ], [ -58.08567, -32.28679 ], [ -58.08522, -32.2868 ], [ -58.08482, -32.28607 ], [ -58.08454, -32.28591 ], [ -58.08424, -32.28598 ], [ -58.08376, -32.28638 ], [ -58.08317, -32.28629 ], [ -58.08267, -32.28636 ], [ -58.0818, -32.28687 ], [ -58.08123, -32.28698 ], [ -58.08093, -32.2874 ], [ -58.07991, -32.28821 ], [ -58.0792, -32.28851 ], [ -58.07861, -32.28837 ], [ -58.07959, -32.28731 ], [ -58.07957, -32.28639 ], [ -58.08032, -32.28542 ], [ -58.081, -32.28469 ], [ -58.08206, -32.28442 ], [ -58.08308, -32.28323 ], [ -58.08295, -32.28273 ], [ -58.08193, -32.28242 ], [ -58.08147, -32.28204 ], [ -58.08093, -32.28203 ], [ -58.08041, -32.28186 ], [ -58.08054, -32.28115 ], [ -58.08114, -32.28055 ], [ -58.08126, -32.28022 ], [ -58.07917, -32.27948 ], [ -58.07825, -32.27958 ], [ -58.07747, -32.27929 ], [ -58.07675, -32.27862 ], [ -58.07665, -32.27839 ], [ -58.07812, -32.27829 ], [ -58.07918, -32.27796 ], [ -58.07962, -32.27677 ], [ -58.08024, -32.27756 ], [ -58.08064, -32.27741 ], [ -58.08158, -32.27732 ], [ -58.08317, -32.27774 ], [ -58.084, -32.27771 ], [ -58.08413, -32.27738 ], [ -58.08368, -32.27655 ], [ -58.08441, -32.27628 ], [ -58.08492, -32.27628 ], [ -58.08591, -32.27504 ], [ -58.08631, -32.27428 ], [ -58.08566, -32.27362 ], [ -58.08544, -32.27287 ], [ -58.08678, -32.27259 ], [ -58.08758, -32.27224 ], [ -58.08789, -32.27181 ], [ -58.08781, -32.27104 ], [ -58.08808, -32.2701 ], [ -58.08973, -32.26861 ], [ -58.08991, -32.2682 ], [ -58.08978, -32.26773 ], [ -58.08916, -32.26702 ], [ -58.08823, -32.26651 ], [ -58.0867, -32.26625 ], [ -58.0854, -32.26555 ], [ -58.08372, -32.26562 ], [ -58.08364, -32.26526 ], [ -58.08531, -32.26458 ], [ -58.08694, -32.26472 ], [ -58.08795, -32.26437 ], [ -58.08953, -32.26362 ], [ -58.09025, -32.26267 ], [ -58.09053, -32.26147 ], [ -58.09032, -32.26038 ], [ -58.09043, -32.25945 ], [ -58.08986, -32.25809 ], [ -58.10011, -32.258 ], [ -58.09902, -32.27104 ], [ -58.09848, -32.28836 ], [ -58.10034, -32.30154 ], [ -58.10155, -32.30558 ], [ -58.10327, -32.30983 ], [ -58.11506, -32.32775 ], [ -58.12241, -32.33925 ], [ -58.10265, -32.33942 ], [ -58.0993, -32.33771 ], [ -58.09607, -32.33515 ], [ -58.09564, -32.33462 ], [ -58.09469, -32.33411 ], [ -58.09421, -32.33407 ], [ -58.0932, -32.33457 ], [ -58.09248, -32.33423 ], [ -58.09112, -32.33444 ], [ -58.08965, -32.33503 ], [ -58.088, -32.33643 ], [ -58.08465, -32.33725 ], [ -58.08428, -32.33696 ], [ -58.084, -32.33658 ], [ -58.08401, -32.3356 ], [ -58.08385, -32.33499 ], [ -58.08394, -32.33467 ], [ -58.08427, -32.33437 ], [ -58.08516, -32.33409 ], [ -58.0876, -32.33369 ], [ -58.08767, -32.33347 ], [ -58.08824, -32.33301 ], [ -58.08886, -32.33287 ], [ -58.08916, -32.33266 ], [ -58.08955, -32.33271 ], [ -58.09044, -32.33249 ], [ -58.09085, -32.33208 ], [ -58.09181, -32.33185 ], [ -58.0928, -32.33218 ], [ -58.09296, -32.33212 ], [ -58.09329, -32.33187 ], [ -58.09337, -32.33163 ], [ -58.09328, -32.33121 ], [ -58.09416, -32.33074 ], [ -58.09529, -32.32925 ], [ -58.09584, -32.32896 ], [ -58.09624, -32.32902 ], [ -58.09648, -32.32946 ], [ -58.09794, -32.32869 ], [ -58.09844, -32.32853 ], [ -58.09929, -32.3285 ], [ -58.09999, -32.32752 ], [ -58.09962, -32.32736 ], [ -58.09952, -32.32651 ], [ -58.09932, -32.32609 ], [ -58.09847, -32.32592 ], [ -58.09916, -32.32505 ], [ -58.09902, -32.32308 ], [ -58.09965, -32.32278 ], [ -58.09982, -32.32256 ], [ -58.0998, -32.32163 ], [ -58.09997, -32.32135 ], [ -58.09976, -32.32081 ], [ -58.09992, -32.32047 ], [ -58.09979, -32.31994 ], [ -58.09941, -32.31968 ], [ -58.09966, -32.31952 ], [ -58.09977, -32.31917 ], [ -58.09969, -32.31881 ], [ -58.1002, -32.31834 ], [ -58.10018, -32.31789 ], [ -58.10061, -32.31757 ], [ -58.10044, -32.3173 ], [ -58.09996, -32.31727 ], [ -58.09953, -32.31687 ], [ -58.09916, -32.31678 ], [ -58.09774, -32.31687 ], [ -58.09681, -32.31645 ], [ -58.09665, -32.31545 ], [ -58.09539, -32.31492 ], [ -58.09501, -32.31447 ], [ -58.09503, -32.31413 ], [ -58.09543, -32.31385 ], [ -58.09544, -32.31364 ], [ -58.0948, -32.31335 ], [ -58.09468, -32.31246 ], [ -58.09489, -32.3121 ], [ -58.09491, -32.31149 ], [ -58.09523, -32.31139 ], [ -58.09553, -32.31108 ], [ -58.09545, -32.31078 ], [ -58.09498, -32.31073 ], [ -58.09441, -32.31045 ], [ -58.09389, -32.30949 ], [ -58.09331, -32.30764 ], [ -58.09293, -32.30769 ], [ -58.09266, -32.30847 ], [ -58.09235, -32.30857 ], [ -58.09181, -32.30856 ], [ -58.09098, -32.30788 ], [ -58.09144, -32.30681 ], [ -58.09169, -32.30658 ], [ -58.0928, -32.30703 ], [ -58.09262, -32.30658 ], [ -58.09205, -32.3064 ], [ -58.09269, -32.30606 ], [ -58.09269, -32.3059 ], [ -58.09249, -32.30577 ], [ -58.09215, -32.30461 ], [ -58.09196, -32.30281 ], [ -58.09098, -32.30175 ], [ -58.09062, -32.30092 ], [ -58.09015, -32.29903 ], [ -58.09046, -32.29863 ], [ -58.08978, -32.29748 ], [ -58.08932, -32.296 ] ] ] } },
{ "type": "Feature", "properties": { "nombre": "CA-PDC_CRI-ago2017_Ao.Carrasco", "curso": "Arroyo Carrasco", "fecha_evento": "2017-08-01", "cota_local": null, "cota_oficial": null, "fuentes": "Municipio Paso Carrasco, Dirección Nacional de Aguas (DINAGUA) - Inundaciones y Drenaje Urbano" }, "geometry": { "type": "Polygon", "coordinates": [ [ [ -56.05462, -34.86778 ], [ -56.05514, -34.8671 ], [ -56.0551, -34.86701 ], [ -56.05472, -34.86706 ], [ -56.05467, -34.86669 ], [ -56.05446, -34.86653 ], [ -56.05417, -34.86652 ], [ -56.05412, -34.86634 ], [ -56.0543, -34.86606 ], [ -56.05543, -34.86578 ], [ -56.05564, -34.86586 ], [ -56.05576, -34.86613 ], [ -56.05686, -34.8667 ], [ -56.05801, -34.86645 ], [ -56.05859, -34.86726 ], [ -56.05834, -34.86764 ], [ -56.05798, -34.86788 ], [ -56.0583, -34.86795 ], [ -56.05861, -34.86783 ], [ -56.05978, -34.86643 ], [ -56.06055, -34.86589 ], [ -56.0606, -34.86556 ], [ -56.06018, -34.86442 ], [ -56.05929, -34.86328 ], [ -56.0587, -34.86297 ], [ -56.05802, -34.86213 ], [ -56.05699, -34.86145 ], [ -56.05597, -34.86009 ], [ -56.05558, -34.85897 ], [ -56.05555, -34.85837 ], [ -56.05535, -34.85812 ], [ -56.05479, -34.85789 ], [ -56.0547, -34.85759 ], [ -56.05503, -34.85729 ], [ -56.05529, -34.8566 ], [ -56.05474, -34.85558 ], [ -56.0547, -34.85476 ], [ -56.05328, -34.8527 ], [ -56.05309, -34.85272 ], [ -56.05251, -34.85199 ], [ -56.05232, -34.85205 ], [ -56.0523, -34.85185 ], [ -56.05143, -34.85114 ], [ -56.05124, -34.85111 ], [ -56.05102, -34.85126 ], [ -56.05109, -34.8509 ], [ -56.0508, -34.85087 ], [ -56.05041, -34.85051 ], [ -56.04981, -34.85038 ], [ -56.04927, -34.84982 ], [ -56.04879, -34.84991 ], [ -56.04901, -34.84967 ], [ -56.04883, -34.84962 ], [ -56.04874, -34.84937 ], [ -56.0479, -34.84974 ], [ -56.04777, -34.84967 ], [ -56.04763, -34.84926 ], [ -56.0472, -34.84923 ], [ -56.0473, -34.84901 ], [ -56.04701, -34.84885 ], [ -56.04692, -34.84838 ], [ -56.04678, -34.84847 ], [ -56.04663, -34.84841 ], [ -56.04646, -34.84827 ], [ -56.04655, -34.8481 ], [ -56.0458, -34.84755 ], [ -56.05443, -34.84764 ], [ -56.05451, -34.85232 ], [ -56.05607, -34.85603 ], [ -56.05671, -34.86026 ], [ -56.05861, -34.86245 ], [ -56.05981, -34.86343 ], [ -56.06038, -34.86424 ], [ -56.06083, -34.86534 ], [ -56.0609, -34.86582 ], [ -56.06075, -34.86613 ], [ -56.05912, -34.86767 ], [ -56.05825, -34.86827 ], [ -56.05334, -34.8696 ], [ -56.05192, -34.86966 ], [ -56.04958, -34.86834 ], [ -56.04796, -34.86767 ], [ -56.04738, -34.86757 ], [ -56.04675, -34.86762 ], [ -56.04554, -34.86835 ], [ -56.04494, -34.86852 ], [ -56.04244, -34.86862 ], [ -56.04189, -34.86876 ], [ -56.04137, -34.86919 ], [ -56.04141, -34.86958 ], [ -56.04118, -34.86958 ], [ -56.04112, -34.86928 ], [ -56.04093, -34.86939 ], [ -56.041, -34.86865 ], [ -56.04119, -34.86804 ], [ -56.04159, -34.86807 ], [ -56.0417, -34.86782 ], [ -56.03997, -34.86618 ], [ -56.03944, -34.86537 ], [ -56.03894, -34.86505 ], [ -56.03831, -34.86483 ], [ -56.0353, -34.8621 ], [ -56.03578, -34.86166 ], [ -56.03655, -34.86223 ], [ -56.03797, -34.86147 ], [ -56.03862, -34.86189 ], [ -56.0398, -34.86231 ], [ -56.04, -34.86213 ], [ -56.03996, -34.86195 ], [ -56.03891, -34.86086 ], [ -56.03926, -34.86051 ], [ -56.03969, -34.86036 ], [ -56.04384, -34.86412 ], [ -56.04386, -34.86433 ], [ -56.04368, -34.86453 ], [ -56.04319, -34.8647 ], [ -56.04347, -34.86498 ], [ -56.04351, -34.86526 ], [ -56.04338, -34.86539 ], [ -56.04319, -34.86489 ], [ -56.0429, -34.86479 ], [ -56.0427, -34.86486 ], [ -56.04285, -34.86586 ], [ -56.04257, -34.86613 ], [ -56.04278, -34.86631 ], [ -56.04311, -34.86614 ], [ -56.0435, -34.86612 ], [ -56.04508, -34.8652 ], [ -56.0449, -34.86494 ], [ -56.04496, -34.86469 ], [ -56.04678, -34.86335 ], [ -56.04741, -34.86307 ], [ -56.04802, -34.86354 ], [ -56.04795, -34.86425 ], [ -56.04708, -34.86458 ], [ -56.04642, -34.86538 ], [ -56.04565, -34.86537 ], [ -56.0454, -34.86555 ], [ -56.04665, -34.86668 ], [ -56.04669, -34.86691 ], [ -56.04649, -34.86716 ], [ -56.04667, -34.86719 ], [ -56.04706, -34.86698 ], [ -56.04742, -34.86725 ], [ -56.04813, -34.86742 ], [ -56.04918, -34.86799 ], [ -56.05064, -34.86811 ], [ -56.05167, -34.8687 ], [ -56.05167, -34.86903 ], [ -56.05218, -34.86928 ], [ -56.05399, -34.86827 ], [ -56.05462, -34.86778 ] ] ] } },
{ "type": "Feature", "properties": { "nombre": "TT-TYT_CRI-1996_Ro.Olimar", "curso": "Río Olimar y Arroyo Yerbal", "fecha_evento": "1996-01-01", "cota_local": null, "cota_oficial": null, "fuentes": "Intendencia Departamental de Treinta y Tres" }, "geometry": { "type": "MultiPolygon", "coordinates": [ [ [ [ -54.39837, -33.23574 ], [ -54.39814, -33.23526 ], [ -54.39829, -33.23513 ], [ -54.39861, -33.23571 ], [ -54.39837, -33.23574 ] ] ], [ [ [ -54.38954, -33.26462 ], [ -54.37633, -33.26049 ], [ -54.37473, -33.26024 ], [ -54.37467, -33.26001 ], [ -54.37479, -33.25982 ], [ -54.37536, -33.25983 ], [ -54.37594, -33.25865 ], [ -54.37596, -33.25733 ], [ -54.37585, -33.25689 ], [ -54.37547, -33.25673 ], [ -54.37548, -33.2565 ], [ -54.37591, -33.25624 ], [ -54.37587, -33.25539 ], [ -54.37485, -33.25417 ], [ -54.37437, -33.25408 ], [ -54.37408, -33.25317 ], [ -54.37428, -33.25228 ], [ -54.37415, -33.2521 ], [ -54.37352, -33.25184 ], [ -54.37375, -33.25111 ], [ -54.37456, -33.25034 ], [ -54.37462, -33.24933 ], [ -54.37415, -33.2481 ], [ -54.37251, -33.2473 ], [ -54.37199, -33.24673 ], [ -54.37226, -33.24559 ], [ -54.37286, -33.2454 ], [ -54.37377, -33.24484 ], [ -54.37423, -33.24505 ], [ -54.37502, -33.24578 ], [ -54.375, -33.24642 ], [ -54.37527, -33.24672 ], [ -54.37614, -33.24703 ], [ -54.37629, -33.24736 ], [ -54.37785, -33.24835 ], [ -54.37845, -33.25003 ], [ -54.37761, -33.25085 ], [ -54.37761, -33.2512 ], [ -54.37699, -33.25256 ], [ -54.3771, -33.2528 ], [ -54.37806, -33.25324 ], [ -54.37816, -33.25311 ], [ -54.37856, -33.25306 ], [ -54.37997, -33.25181 ], [ -54.38116, -33.25039 ], [ -54.38117, -33.24995 ], [ -54.3818, -33.24966 ], [ -54.38193, -33.24923 ], [ -54.38242, -33.24892 ], [ -54.38227, -33.2478 ], [ -54.38287, -33.24753 ], [ -54.38331, -33.24747 ], [ -54.38347, -33.24699 ], [ -54.38379, -33.24673 ], [ -54.38441, -33.24578 ], [ -54.38525, -33.24552 ], [ -54.38549, -33.24523 ], [ -54.38629, -33.24477 ], [ -54.38681, -33.2442 ], [ -54.38717, -33.2441 ], [ -54.38775, -33.24307 ], [ -54.38821, -33.24263 ], [ -54.38813, -33.24257 ], [ -54.38855, -33.24146 ], [ -54.38954, -33.24104 ], [ -54.38977, -33.24076 ], [ -54.39048, -33.24039 ], [ -54.39145, -33.24028 ], [ -54.39264, -33.24045 ], [ -54.39323, -33.24058 ], [ -54.39453, -33.24116 ], [ -54.39509, -33.24158 ], [ -54.39528, -33.24191 ], [ -54.39582, -33.24215 ], [ -54.39848, -33.24432 ], [ -54.39559, -33.24173 ], [ -54.39455, -33.241 ], [ -54.39315, -33.24041 ], [ -54.39219, -33.24022 ], [ -54.3906, -33.24023 ], [ -54.39061, -33.23996 ], [ -54.3904, -33.23963 ], [ -54.39064, -33.23934 ], [ -54.39131, -33.23904 ], [ -54.39207, -33.23897 ], [ -54.39228, -33.23837 ], [ -54.39272, -33.23823 ], [ -54.39338, -33.23769 ], [ -54.39373, -33.23682 ], [ -54.39391, -33.23668 ], [ -54.39441, -33.2372 ], [ -54.39537, -33.23784 ], [ -54.39658, -33.23763 ], [ -54.39685, -33.23748 ], [ -54.39708, -33.23701 ], [ -54.39747, -33.23715 ], [ -54.3983, -33.2371 ], [ -54.39855, -33.23648 ], [ -54.39871, -33.23662 ], [ -54.39892, -33.23653 ], [ -54.39919, -33.23672 ], [ -54.39977, -33.23673 ], [ -54.40037, -33.23664 ], [ -54.40054, -33.23649 ], [ -54.40121, -33.23665 ], [ -54.40227, -33.23638 ], [ -54.40245, -33.236 ], [ -54.40281, -33.23566 ], [ -54.4028, -33.23509 ], [ -54.40296, -33.23504 ], [ -54.40345, -33.23541 ], [ -54.40367, -33.23541 ], [ -54.40389, -33.23523 ], [ -54.40473, -33.23525 ], [ -54.40497, -33.23515 ], [ -54.40537, -33.23465 ], [ -54.40632, -33.23404 ], [ -54.40632, -33.23355 ], [ -54.40646, -33.23331 ], [ -54.40629, -33.23238 ], [ -54.40662, -33.23206 ], [ -54.40668, -33.23093 ], [ -54.4069, -33.23058 ], [ -54.40708, -33.22966 ], [ -54.40682, -33.2293 ], [ -54.40652, -33.22917 ], [ -54.40522, -33.22895 ], [ -54.40487, -33.22912 ], [ -54.40409, -33.2291 ], [ -54.40348, -33.22927 ], [ -54.40294, -33.22957 ], [ -54.40258, -33.22948 ], [ -54.40232, -33.22911 ], [ -54.40174, -33.22904 ], [ -54.40098, -33.22853 ], [ -54.40082, -33.22853 ], [ -54.40017, -33.22876 ], [ -54.39979, -33.22906 ], [ -54.39913, -33.23 ], [ -54.39869, -33.2299 ], [ -54.39819, -33.22873 ], [ -54.39808, -33.22798 ], [ -54.39701, -33.2275 ], [ -54.39649, -33.22712 ], [ -54.39373, -33.22399 ], [ -54.39385, -33.2238 ], [ -54.39445, -33.22382 ], [ -54.3952, -33.22363 ], [ -54.39576, -33.22336 ], [ -54.39622, -33.22346 ], [ -54.39651, -33.22292 ], [ -54.39628, -33.22238 ], [ -54.39562, -33.22189 ], [ -54.39373, -33.22119 ], [ -54.39181, -33.22162 ], [ -54.3916, -33.22153 ], [ -54.39125, -33.22101 ], [ -54.38945, -33.22147 ], [ -54.38952, -33.22119 ], [ -54.39018, -33.22087 ], [ -54.3904, -33.22041 ], [ -54.39034, -33.22001 ], [ -54.38969, -33.21933 ], [ -54.38917, -33.21906 ], [ -54.38892, -33.21829 ], [ -54.38909, -33.21802 ], [ -54.38935, -33.21792 ], [ -54.38941, -33.21749 ], [ -54.38926, -33.21703 ], [ -54.38954, -33.21654 ], [ -54.38912, -33.21568 ], [ -54.38796, -33.2145 ], [ -54.38808, -33.21382 ], [ -54.38895, -33.21306 ], [ -54.38928, -33.21245 ], [ -54.3898, -33.21209 ], [ -54.38961, -33.21172 ], [ -54.38963, -33.21138 ], [ -54.38934, -33.21098 ], [ -54.38885, -33.21089 ], [ -54.38853, -33.2106 ], [ -54.38768, -33.21066 ], [ -54.3876, -33.21046 ], [ -54.38783, -33.20922 ], [ -54.38805, -33.20877 ], [ -54.38785, -33.20819 ], [ -54.3871, -33.20786 ], [ -54.38544, -33.20739 ], [ -54.3847, -33.20747 ], [ -54.38443, -33.20715 ], [ -54.38387, -33.20529 ], [ -54.38388, -33.20501 ], [ -54.3841, -33.20486 ], [ -54.38494, -33.20501 ], [ -54.38534, -33.20496 ], [ -54.38767, -33.20374 ], [ -54.38817, -33.20368 ], [ -54.38896, -33.20272 ], [ -54.38929, -33.20261 ], [ -54.38964, -33.20231 ], [ -54.38993, -33.20172 ], [ -54.39008, -33.20111 ], [ -54.38952, -33.20036 ], [ -54.38936, -33.19994 ], [ -54.38938, -33.19947 ], [ -54.38986, -33.19924 ], [ -54.39004, -33.1987 ], [ -54.39058, -33.19846 ], [ -54.39011, -33.19785 ], [ -54.38867, -33.19737 ], [ -54.38727, -33.19579 ], [ -54.39067, -33.19578 ], [ -54.39632, -33.19654 ], [ -54.40066, -33.19833 ], [ -54.41359, -33.20922 ], [ -54.43392, -33.24163 ], [ -54.4346, -33.24493 ], [ -54.43447, -33.24529 ], [ -54.43241, -33.24563 ], [ -54.43154, -33.24533 ], [ -54.4308, -33.24538 ], [ -54.43032, -33.24517 ], [ -54.42854, -33.24489 ], [ -54.42742, -33.24501 ], [ -54.42618, -33.24567 ], [ -54.42555, -33.24556 ], [ -54.42492, -33.24519 ], [ -54.42344, -33.24517 ], [ -54.42308, -33.24539 ], [ -54.42268, -33.2459 ], [ -54.42163, -33.24628 ], [ -54.42146, -33.24749 ], [ -54.42129, -33.24764 ], [ -54.4211, -33.24757 ], [ -54.42042, -33.24626 ], [ -54.41987, -33.24584 ], [ -54.41903, -33.24559 ], [ -54.41817, -33.24559 ], [ -54.41793, -33.2454 ], [ -54.41745, -33.24534 ], [ -54.41682, -33.24444 ], [ -54.41572, -33.24331 ], [ -54.41525, -33.24303 ], [ -54.41477, -33.24301 ], [ -54.41454, -33.24315 ], [ -54.41405, -33.2432 ], [ -54.41367, -33.24346 ], [ -54.41138, -33.24348 ], [ -54.41079, -33.24426 ], [ -54.41242, -33.24769 ], [ -54.41236, -33.24836 ], [ -54.41197, -33.24923 ], [ -54.41183, -33.25043 ], [ -54.41164, -33.2506 ], [ -54.41142, -33.2506 ], [ -54.41117, -33.2504 ], [ -54.41018, -33.24922 ], [ -54.40974, -33.24797 ], [ -54.40881, -33.24661 ], [ -54.4085, -33.24643 ], [ -54.408, -33.24637 ], [ -54.40756, -33.2461 ], [ -54.40679, -33.24624 ], [ -54.40574, -33.24688 ], [ -54.40557, -33.24715 ], [ -54.40522, -33.24716 ], [ -54.40441, -33.24588 ], [ -54.40417, -33.2459 ], [ -54.4055, -33.24801 ], [ -54.40557, -33.24866 ], [ -54.40479, -33.24918 ], [ -54.40408, -33.24902 ], [ -54.40128, -33.24667 ], [ -54.40164, -33.24712 ], [ -54.40377, -33.24889 ], [ -54.40407, -33.24935 ], [ -54.40381, -33.24966 ], [ -54.40381, -33.24988 ], [ -54.40337, -33.25026 ], [ -54.40298, -33.25019 ], [ -54.40173, -33.24919 ], [ -54.40113, -33.24892 ], [ -54.40024, -33.24889 ], [ -54.39929, -33.24955 ], [ -54.39879, -33.25009 ], [ -54.39838, -33.25015 ], [ -54.39819, -33.2503 ], [ -54.39768, -33.25159 ], [ -54.39823, -33.25232 ], [ -54.39836, -33.2528 ], [ -54.3987, -33.25325 ], [ -54.39947, -33.25372 ], [ -54.40088, -33.25423 ], [ -54.4019, -33.25422 ], [ -54.40191, -33.25517 ], [ -54.40043, -33.25598 ], [ -54.3995, -33.25612 ], [ -54.39809, -33.25599 ], [ -54.39702, -33.25623 ], [ -54.39627, -33.25611 ], [ -54.39583, -33.25638 ], [ -54.39498, -33.25734 ], [ -54.39567, -33.2579 ], [ -54.39514, -33.25858 ], [ -54.39497, -33.25908 ], [ -54.39362, -33.26 ], [ -54.3929, -33.26094 ], [ -54.39267, -33.26154 ], [ -54.39267, -33.26228 ], [ -54.39231, -33.26234 ], [ -54.38999, -33.26181 ], [ -54.38988, -33.26181 ], [ -54.39044, -33.26234 ], [ -54.38511, -33.26191 ], [ -54.38954, -33.26462 ] ], [ [ -54.40814, -33.21196 ], [ -54.40892, -33.21191 ], [ -54.40953, -33.2116 ], [ -54.41102, -33.21131 ], [ -54.41182, -33.21094 ], [ -54.41221, -33.21008 ], [ -54.41223, -33.20978 ], [ -54.41207, -33.20951 ], [ -54.41207, -33.20883 ], [ -54.4122, -33.20863 ], [ -54.40911, -33.20616 ], [ -54.40644, -33.20582 ], [ -54.40643, -33.20615 ], [ -54.40761, -33.20778 ], [ -54.4073, -33.20882 ], [ -54.40814, -33.21196 ] ], [ [ -54.40627, -33.24173 ], [ -54.40669, -33.24171 ], [ -54.40707, -33.24127 ], [ -54.40705, -33.24102 ], [ -54.40732, -33.24092 ], [ -54.40745, -33.24048 ], [ -54.4072, -33.2401 ], [ -54.40656, -33.24005 ], [ -54.40604, -33.23955 ], [ -54.40538, -33.24015 ], [ -54.40529, -33.2406 ], [ -54.40542, -33.24122 ], [ -54.40627, -33.24173 ] ] ], [ [ [ -54.38954, -33.26462 ], [ -54.38966, -33.26464 ], [ -54.38957, -33.26468 ], [ -54.38954, -33.26462 ] ] ], [ [ [ -54.37964, -33.20974 ], [ -54.37898, -33.20878 ], [ -54.37836, -33.20839 ], [ -54.37757, -33.2087 ], [ -54.37706, -33.20874 ], [ -54.37643, -33.20918 ], [ -54.3759, -33.20935 ], [ -54.37494, -33.20913 ], [ -54.37386, -33.20906 ], [ -54.37312, -33.20912 ], [ -54.37235, -33.20954 ], [ -54.37195, -33.20932 ], [ -54.3723, -33.20906 ], [ -54.37278, -33.20838 ], [ -54.37285, -33.20772 ], [ -54.37347, -33.20756 ], [ -54.37441, -33.207 ], [ -54.375, -33.20688 ], [ -54.37531, -33.20698 ], [ -54.37573, -33.20685 ], [ -54.37586, -33.20645 ], [ -54.37559, -33.20568 ], [ -54.37642, -33.20504 ], [ -54.37806, -33.20546 ], [ -54.37873, -33.20479 ], [ -54.37938, -33.2045 ], [ -54.38144, -33.20509 ], [ -54.38189, -33.20504 ], [ -54.38247, -33.20443 ], [ -54.38333, -33.2045 ], [ -54.38375, -33.20552 ], [ -54.38422, -33.20751 ], [ -54.38236, -33.20846 ], [ -54.38156, -33.20837 ], [ -54.38061, -33.20859 ], [ -54.38026, -33.2097 ], [ -54.37964, -33.20974 ] ] ], [ [ [ -54.39551, -33.22696 ], [ -54.39496, -33.22669 ], [ -54.39377, -33.22682 ], [ -54.39196, -33.22606 ], [ -54.39178, -33.2258 ], [ -54.39124, -33.22562 ], [ -54.39057, -33.22571 ], [ -54.39033, -33.22478 ], [ -54.39083, -33.22432 ], [ -54.39147, -33.22395 ], [ -54.39175, -33.22398 ], [ -54.39248, -33.22352 ], [ -54.39285, -33.22348 ], [ -54.39365, -33.2242 ], [ -54.39587, -33.22678 ], [ -54.39585, -33.22693 ], [ -54.39551, -33.22696 ] ] ] ] } },
{ "type": "Feature", "properties": { "nombre": "TT-GEM_CRI-abr2016_Ro.Cebollatí", "curso": "Río Cebollatí", "fecha_evento": "2016-04-01", "cota_local": null, "cota_oficial": null, "fuentes": "Intendencia Departamental de Treinta y Tres" }, "geometry": { "type": "Polygon", "coordinates": [ [ [ -53.80868, -33.20989 ], [ -53.80819, -33.21059 ], [ -53.80748, -33.21028 ], [ -53.80596, -33.21032 ], [ -53.80475, -33.21043 ], [ -53.80275, -33.21103 ], [ -53.80033, -33.21126 ], [ -53.79977, -33.21115 ], [ -53.79999, -33.20972 ], [ -53.79986, -33.2067 ], [ -53.79937, -33.20566 ], [ -53.79863, -33.20482 ], [ -53.79767, -33.20403 ], [ -53.79702, -33.20381 ], [ -53.79995, -33.20064 ], [ -53.80077, -33.2012 ], [ -53.80151, -33.20142 ], [ -53.80296, -33.20128 ], [ -53.80403, -33.20141 ], [ -53.80455, -33.20168 ], [ -53.80557, -33.20187 ], [ -53.80614, -33.20224 ], [ -53.80646, -33.20226 ], [ -53.80678, -33.20202 ], [ -53.80692, -33.20205 ], [ -53.80727, -33.20233 ], [ -53.80747, -33.2027 ], [ -53.80689, -33.20332 ], [ -53.80662, -33.2034 ], [ -53.80565, -33.20327 ], [ -53.80449, -33.20334 ], [ -53.80321, -33.20326 ], [ -53.8025, -33.20356 ], [ -53.80169, -33.20337 ], [ -53.80138, -33.20344 ], [ -53.80107, -33.20323 ], [ -53.79978, -33.2032 ], [ -53.79924, -33.20303 ], [ -53.79905, -33.20313 ], [ -53.7989, -33.20361 ], [ -53.7997, -33.2039 ], [ -53.80017, -33.20421 ], [ -53.80029, -33.20441 ], [ -53.8002, -33.20473 ], [ -53.80146, -33.20559 ], [ -53.80163, -33.20585 ], [ -53.80165, -33.20621 ], [ -53.802, -33.20689 ], [ -53.80194, -33.20703 ], [ -53.80224, -33.20789 ], [ -53.80221, -33.20833 ], [ -53.80206, -33.20843 ], [ -53.80219, -33.20879 ], [ -53.80205, -33.20923 ], [ -53.80277, -33.20949 ], [ -53.80611, -33.20893 ], [ -53.80696, -33.20938 ], [ -53.80868, -33.20989 ] ] ] } },
{ "type": "Feature", "properties": { "nombre": "AR-ART_CRI-dic2015_Ro.Cuareim", "curso": "Río Cuareim", "fecha_evento": "2015-12-25", "cota_local": 15.25, "cota_oficial": 102.98, "fuentes": "Intendencia Departamental de Artigas, Centro Coordinador de Emergencias Departamentales (CECOED) - Artigas, Dirección Nacional de Aguas (DINAGUA) - Inundaciones y Drenaje Urbano" }, "geometry": { "type": "Polygon", "coordinates": [ [ [ -56.45716, -30.38983 ], [ -56.45775, -30.38886 ], [ -56.45864, -30.38819 ], [ -56.45987, -30.38693 ], [ -56.46046, -30.38629 ], [ -56.46105, -30.38534 ], [ -56.46183, -30.38478 ], [ -56.46268, -30.38467 ], [ -56.46545, -30.38535 ], [ -56.46662, -30.38544 ], [ -56.46784, -30.38654 ], [ -56.46844, -30.38681 ], [ -56.47117, -30.38713 ], [ -56.47243, -30.38772 ], [ -56.47334, -30.38789 ], [ -56.47534, -30.38883 ], [ -56.48009, -30.39201 ], [ -56.48208, -30.39653 ], [ -56.48325, -30.3984 ], [ -56.47939, -30.40311 ], [ -56.47879, -30.40419 ], [ -56.47866, -30.4043 ], [ -56.47838, -30.40427 ], [ -56.47873, -30.40245 ], [ -56.47845, -30.39997 ], [ -56.47679, -30.39934 ], [ -56.4763, -30.39928 ], [ -56.47599, -30.39896 ], [ -56.47564, -30.39881 ], [ -56.47513, -30.39879 ], [ -56.47509, -30.39865 ], [ -56.47487, -30.3986 ], [ -56.47465, -30.39863 ], [ -56.4742, -30.39904 ], [ -56.47403, -30.39906 ], [ -56.47355, -30.39873 ], [ -56.47312, -30.39815 ], [ -56.47291, -30.39759 ], [ -56.47236, -30.39716 ], [ -56.47169, -30.39685 ], [ -56.47056, -30.39695 ], [ -56.46996, -30.39551 ], [ -56.47007, -30.39495 ], [ -56.47071, -30.39378 ], [ -56.47066, -30.39328 ], [ -56.47005, -30.39229 ], [ -56.46876, -30.39159 ], [ -56.46791, -30.39142 ], [ -56.4674, -30.3911 ], [ -56.46696, -30.39111 ], [ -56.46638, -30.39131 ], [ -56.46495, -30.39208 ], [ -56.46099, -30.39521 ], [ -56.46039, -30.39553 ], [ -56.46003, -30.39546 ], [ -56.45987, -30.39566 ], [ -56.4603, -30.39614 ], [ -56.46008, -30.39662 ], [ -56.45978, -30.39681 ], [ -56.45943, -30.39682 ], [ -56.45909, -30.39747 ], [ -56.45834, -30.39774 ], [ -56.45822, -30.39799 ], [ -56.45842, -30.40016 ], [ -56.45798, -30.40027 ], [ -56.4575, -30.40016 ], [ -56.45639, -30.4005 ], [ -56.45576, -30.40131 ], [ -56.45528, -30.4024 ], [ -56.45528, -30.40414 ], [ -56.4556, -30.40453 ], [ -56.45596, -30.40529 ], [ -56.45613, -30.40623 ], [ -56.45621, -30.40636 ], [ -56.45858, -30.40734 ], [ -56.46021, -30.40793 ], [ -56.4608, -30.40801 ], [ -56.46176, -30.4088 ], [ -56.46207, -30.40853 ], [ -56.46335, -30.40896 ], [ -56.46442, -30.40915 ], [ -56.46477, -30.40886 ], [ -56.46467, -30.40916 ], [ -56.46503, -30.40936 ], [ -56.46518, -30.40935 ], [ -56.46541, -30.40881 ], [ -56.4659, -30.40919 ], [ -56.46576, -30.40951 ], [ -56.46512, -30.40997 ], [ -56.46523, -30.41007 ], [ -56.46573, -30.40993 ], [ -56.46533, -30.4103 ], [ -56.46621, -30.41083 ], [ -56.4669, -30.41145 ], [ -56.46719, -30.41155 ], [ -56.46796, -30.41228 ], [ -56.46869, -30.41492 ], [ -56.46849, -30.41514 ], [ -56.46816, -30.4151 ], [ -56.46616, -30.41287 ], [ -56.4658, -30.41228 ], [ -56.46539, -30.41252 ], [ -56.46478, -30.41247 ], [ -56.46434, -30.41228 ], [ -56.46392, -30.41249 ], [ -56.46215, -30.41157 ], [ -56.4622, -30.41134 ], [ -56.46207, -30.41123 ], [ -56.4618, -30.41142 ], [ -56.46155, -30.41116 ], [ -56.46114, -30.41116 ], [ -56.46099, -30.41095 ], [ -56.45957, -30.41043 ], [ -56.45819, -30.4108 ], [ -56.4575, -30.41121 ], [ -56.45713, -30.41206 ], [ -56.45684, -30.41333 ], [ -56.45695, -30.41441 ], [ -56.45632, -30.41611 ], [ -56.45619, -30.41713 ], [ -56.45633, -30.41759 ], [ -56.45735, -30.4182 ], [ -56.45847, -30.41925 ], [ -56.45874, -30.41972 ], [ -56.45945, -30.42045 ], [ -56.45952, -30.42095 ], [ -56.45788, -30.42124 ], [ -56.45405, -30.42119 ], [ -56.4538, -30.4208 ], [ -56.45289, -30.42021 ], [ -56.45237, -30.4194 ], [ -56.45099, -30.41837 ], [ -56.44753, -30.41661 ], [ -56.44674, -30.41641 ], [ -56.44535, -30.41583 ], [ -56.44486, -30.41526 ], [ -56.44457, -30.41454 ], [ -56.44434, -30.41357 ], [ -56.4444, -30.41246 ], [ -56.44486, -30.41103 ], [ -56.44546, -30.40992 ], [ -56.45121, -30.40491 ], [ -56.45418, -30.4015 ], [ -56.45453, -30.40055 ], [ -56.4554, -30.39648 ], [ -56.45571, -30.3949 ], [ -56.45586, -30.39309 ], [ -56.45716, -30.38983 ] ] ] } },
{ "type": "Feature", "properties": { "nombre": "RN-NBN_CRI-1941_Ro.Uruguay", "curso": "Río Uruguay", "fecha_evento": "1941-01-01", "cota_local": 5.41, "cota_oficial": 5.2, "fuentes": null }, "geometry": { "type": "Polygon", "coordinates": [ [ [ -58.07328, -32.98539 ], [ -58.05872, -32.99067 ], [ -58.05823, -32.99047 ], [ -58.05832, -32.99024 ], [ -58.05821, -32.98984 ], [ -58.05886, -32.9893 ], [ -58.05945, -32.98933 ], [ -58.05985, -32.98888 ], [ -58.05962, -32.98852 ], [ -58.05955, -32.98762 ], [ -58.05998, -32.98721 ], [ -58.05996, -32.9868 ], [ -58.06018, -32.98617 ], [ -58.0608, -32.98596 ], [ -58.06123, -32.98608 ], [ -58.06156, -32.9858 ], [ -58.06186, -32.98543 ], [ -58.06196, -32.98457 ], [ -58.06228, -32.98399 ], [ -58.06291, -32.98377 ], [ -58.06461, -32.98249 ], [ -58.06481, -32.98198 ], [ -58.06366, -32.98077 ], [ -58.06355, -32.98041 ], [ -58.06276, -32.9797 ], [ -58.06185, -32.97973 ], [ -58.0605, -32.97921 ], [ -58.06012, -32.97805 ], [ -58.05968, -32.97751 ], [ -58.05923, -32.97729 ], [ -58.05892, -32.97674 ], [ -58.05859, -32.97653 ], [ -58.05839, -32.97613 ], [ -58.05795, -32.97566 ], [ -58.05779, -32.97558 ], [ -58.05737, -32.97577 ], [ -58.05699, -32.97618 ], [ -58.05635, -32.97609 ], [ -58.05637, -32.97569 ], [ -58.05611, -32.97484 ], [ -58.05628, -32.97448 ], [ -58.0562, -32.97416 ], [ -58.05634, -32.97357 ], [ -58.05578, -32.97254 ], [ -58.05507, -32.97209 ], [ -58.0541, -32.97177 ], [ -58.05399, -32.9716 ], [ -58.05346, -32.97148 ], [ -58.05313, -32.97119 ], [ -58.0526, -32.97129 ], [ -58.05228, -32.9716 ], [ -58.05205, -32.97162 ], [ -58.05205, -32.9714 ], [ -58.0523, -32.97108 ], [ -58.05229, -32.97036 ], [ -58.05178, -32.96973 ], [ -58.06139, -32.96366 ], [ -58.06213, -32.96446 ], [ -58.06241, -32.96582 ], [ -58.06374, -32.96887 ], [ -58.06652, -32.97356 ], [ -58.06972, -32.9784 ], [ -58.07127, -32.98182 ], [ -58.07328, -32.98539 ] ] ] } },
{ "type": "Feature", "properties": { "nombre": "CA-CAN-CRI-jun2021_Ao.Canelón-Chico", "curso": "Arroyo Canelón Chico", "fecha_evento": "2021-06-06", "cota_local": null, "cota_oficial": null, "fuentes": "Intendencia Departamental de Canelones" }, "geometry": { "type": "Polygon", "coordinates": [ [ [ -56.27402, -34.51664 ], [ -56.27406, -34.51685 ], [ -56.27383, -34.51712 ], [ -56.27376, -34.51763 ], [ -56.27414, -34.5184 ], [ -56.27423, -34.51919 ], [ -56.2745, -34.51965 ], [ -56.27452, -34.52005 ], [ -56.27528, -34.52052 ], [ -56.27613, -34.52776 ], [ -56.27414, -34.52876 ], [ -56.2739, -34.5299 ], [ -56.27363, -34.53348 ], [ -56.27374, -34.53721 ], [ -56.27197, -34.53747 ], [ -56.27122, -34.53799 ], [ -56.27072, -34.53791 ], [ -56.27023, -34.53728 ], [ -56.2708, -34.53648 ], [ -56.27083, -34.53604 ], [ -56.27062, -34.53567 ], [ -56.27011, -34.53572 ], [ -56.26988, -34.53589 ], [ -56.26898, -34.53594 ], [ -56.26836, -34.53567 ], [ -56.26814, -34.53528 ], [ -56.26748, -34.53493 ], [ -56.26605, -34.53323 ], [ -56.2661, -34.53292 ], [ -56.26639, -34.53275 ], [ -56.26791, -34.53284 ], [ -56.26809, -34.53261 ], [ -56.26851, -34.53146 ], [ -56.26864, -34.52931 ], [ -56.26847, -34.52883 ], [ -56.26786, -34.52849 ], [ -56.26765, -34.52815 ], [ -56.26693, -34.52768 ], [ -56.26671, -34.52713 ], [ -56.26643, -34.52692 ], [ -56.26573, -34.52692 ], [ -56.26406, -34.52723 ], [ -56.26363, -34.527 ], [ -56.26405, -34.52637 ], [ -56.26535, -34.52562 ], [ -56.26586, -34.52479 ], [ -56.26586, -34.52436 ], [ -56.26611, -34.52427 ], [ -56.26632, -34.52372 ], [ -56.26609, -34.52243 ], [ -56.2655, -34.52143 ], [ -56.26554, -34.52109 ], [ -56.26618, -34.52058 ], [ -56.26637, -34.52009 ], [ -56.26632, -34.51962 ], [ -56.266, -34.51898 ], [ -56.26493, -34.51801 ], [ -56.26554, -34.51753 ], [ -56.26616, -34.51734 ], [ -56.26702, -34.51751 ], [ -56.2678, -34.51726 ], [ -56.26812, -34.51702 ], [ -56.26751, -34.51542 ], [ -56.27402, -34.51664 ] ] ] } },
{ "type": "Feature", "properties": { "nombre": "FD-2DA_CRI-mar2024_Ro.Sta-Lucía", "curso": "Río Santa Lucía", "fecha_evento": "2024-03-21", "cota_local": 6.2, "cota_oficial": null, "fuentes": "Intendencia Departamental de Florida, Sistema Nacional de Emergencias (SINAE), Dirección Nacional de Aguas (DINAGUA) - Inundaciones y Drenaje Urbano" }, "geometry": { "type": "Polygon", "coordinates": [ [ [ -56.42249, -34.40425 ], [ -56.42767, -34.40597 ], [ -56.42682, -34.40731 ], [ -56.42656, -34.40832 ], [ -56.42608, -34.409 ], [ -56.42515, -34.40909 ], [ -56.42485, -34.40841 ], [ -56.42457, -34.40826 ], [ -56.42429, -34.40834 ], [ -56.42342, -34.40917 ], [ -56.42313, -34.40923 ], [ -56.42318, -34.41013 ], [ -56.42305, -34.41087 ], [ -56.42335, -34.41126 ], [ -56.42301, -34.41141 ], [ -56.42303, -34.41184 ], [ -56.42279, -34.41206 ], [ -56.42213, -34.41225 ], [ -56.42158, -34.4122 ], [ -56.42055, -34.41246 ], [ -56.41985, -34.4125 ], [ -56.41889, -34.41289 ], [ -56.41864, -34.41318 ], [ -56.41781, -34.41343 ], [ -56.41704, -34.41335 ], [ -56.41643, -34.41347 ], [ -56.41586, -34.4142 ], [ -56.41598, -34.4148 ], [ -56.41621, -34.41491 ], [ -56.41603, -34.41555 ], [ -56.41573, -34.41583 ], [ -56.41563, -34.41625 ], [ -56.41512, -34.41636 ], [ -56.41504, -34.41679 ], [ -56.41463, -34.41719 ], [ -56.41375, -34.41757 ], [ -56.41336, -34.41787 ], [ -56.41305, -34.41773 ], [ -56.41238, -34.41779 ], [ -56.41176, -34.41759 ], [ -56.41103, -34.41777 ], [ -56.41067, -34.41756 ], [ -56.41034, -34.41755 ], [ -56.40986, -34.41814 ], [ -56.40917, -34.41856 ], [ -56.40917, -34.41874 ], [ -56.4089, -34.41878 ], [ -56.40867, -34.41904 ], [ -56.40862, -34.41967 ], [ -56.40889, -34.42035 ], [ -56.40862, -34.42096 ], [ -56.40745, -34.42144 ], [ -56.40646, -34.42205 ], [ -56.40501, -34.42354 ], [ -56.40457, -34.42354 ], [ -56.40325, -34.42295 ], [ -56.40067, -34.42281 ], [ -56.3999, -34.4227 ], [ -56.39939, -34.42247 ], [ -56.39891, -34.42245 ], [ -56.39785, -34.423 ], [ -56.39751, -34.42352 ], [ -56.39708, -34.42386 ], [ -56.39551, -34.42441 ], [ -56.39532, -34.42499 ], [ -56.39499, -34.42534 ], [ -56.39462, -34.42533 ], [ -56.39375, -34.42574 ], [ -56.39161, -34.42641 ], [ -56.39154, -34.42566 ], [ -56.39125, -34.42489 ], [ -56.39132, -34.42409 ], [ -56.39159, -34.42346 ], [ -56.39287, -34.42177 ], [ -56.39303, -34.42125 ], [ -56.39276, -34.41894 ], [ -56.39251, -34.41822 ], [ -56.39192, -34.41744 ], [ -56.391, -34.41704 ], [ -56.39019, -34.41616 ], [ -56.38952, -34.41597 ], [ -56.38823, -34.41481 ], [ -56.38773, -34.41417 ], [ -56.38714, -34.41376 ], [ -56.38658, -34.41264 ], [ -56.38553, -34.41167 ], [ -56.38479, -34.41061 ], [ -56.38439, -34.40963 ], [ -56.38468, -34.40835 ], [ -56.38529, -34.40796 ], [ -56.38578, -34.40732 ], [ -56.38632, -34.40619 ], [ -56.38769, -34.40525 ], [ -56.38919, -34.40327 ], [ -56.38935, -34.40255 ], [ -56.38989, -34.40214 ], [ -56.39069, -34.40104 ], [ -56.39057, -34.39998 ], [ -56.39088, -34.39855 ], [ -56.39075, -34.3966 ], [ -56.39027, -34.39463 ], [ -56.39964, -34.39437 ], [ -56.40014, -34.3953 ], [ -56.39884, -34.39473 ], [ -56.39832, -34.39477 ], [ -56.39816, -34.395 ], [ -56.39808, -34.39554 ], [ -56.39874, -34.39699 ], [ -56.39936, -34.39742 ], [ -56.39977, -34.39801 ], [ -56.40007, -34.39819 ], [ -56.40094, -34.39824 ], [ -56.40142, -34.39854 ], [ -56.40232, -34.3986 ], [ -56.40259, -34.39871 ], [ -56.40286, -34.39856 ], [ -56.40268, -34.39879 ], [ -56.40237, -34.39875 ], [ -56.40221, -34.39894 ], [ -56.40186, -34.39966 ], [ -56.40188, -34.39989 ], [ -56.40152, -34.39968 ], [ -56.4006, -34.39961 ], [ -56.39794, -34.39879 ], [ -56.39756, -34.39887 ], [ -56.39734, -34.39957 ], [ -56.39736, -34.40001 ], [ -56.39769, -34.4007 ], [ -56.39756, -34.40171 ], [ -56.39844, -34.40325 ], [ -56.39828, -34.40327 ], [ -56.39805, -34.40359 ], [ -56.39791, -34.40492 ], [ -56.398, -34.40519 ], [ -56.39831, -34.40546 ], [ -56.39922, -34.40567 ], [ -56.39874, -34.40663 ], [ -56.39896, -34.40668 ], [ -56.39854, -34.40722 ], [ -56.3971, -34.40823 ], [ -56.39723, -34.4083 ], [ -56.39728, -34.40859 ], [ -56.39705, -34.40938 ], [ -56.39541, -34.41142 ], [ -56.39461, -34.41383 ], [ -56.39481, -34.41473 ], [ -56.39555, -34.41485 ], [ -56.39532, -34.415 ], [ -56.39483, -34.41492 ], [ -56.39471, -34.415 ], [ -56.39488, -34.41515 ], [ -56.39532, -34.41501 ], [ -56.39605, -34.41537 ], [ -56.39763, -34.41551 ], [ -56.39732, -34.41526 ], [ -56.39758, -34.41501 ], [ -56.39919, -34.41439 ], [ -56.3999, -34.41431 ], [ -56.4015, -34.41483 ], [ -56.40236, -34.41481 ], [ -56.4013, -34.41514 ], [ -56.40212, -34.415 ], [ -56.40302, -34.4147 ], [ -56.40354, -34.41428 ], [ -56.40422, -34.41428 ], [ -56.40404, -34.41421 ], [ -56.40487, -34.41395 ], [ -56.40529, -34.4135 ], [ -56.40537, -34.41311 ], [ -56.4051, -34.41204 ], [ -56.40511, -34.4116 ], [ -56.40547, -34.41111 ], [ -56.40588, -34.41103 ], [ -56.40612, -34.41117 ], [ -56.40629, -34.41154 ], [ -56.40693, -34.41222 ], [ -56.40827, -34.41275 ], [ -56.40817, -34.41453 ], [ -56.40796, -34.41455 ], [ -56.40817, -34.41464 ], [ -56.4081, -34.41558 ], [ -56.40817, -34.41552 ], [ -56.40835, -34.41583 ], [ -56.40921, -34.4148 ], [ -56.40939, -34.41438 ], [ -56.41051, -34.4142 ], [ -56.41117, -34.41389 ], [ -56.41226, -34.41272 ], [ -56.41246, -34.41216 ], [ -56.41275, -34.41193 ], [ -56.41357, -34.41196 ], [ -56.4149, -34.41161 ], [ -56.4161, -34.41154 ], [ -56.41644, -34.41141 ], [ -56.41686, -34.41103 ], [ -56.41693, -34.41062 ], [ -56.41656, -34.41001 ], [ -56.41481, -34.40925 ], [ -56.4144, -34.40881 ], [ -56.41407, -34.40808 ], [ -56.41348, -34.40783 ], [ -56.41379, -34.40781 ], [ -56.41558, -34.40852 ], [ -56.41603, -34.40836 ], [ -56.41637, -34.4079 ], [ -56.41829, -34.40909 ], [ -56.41908, -34.40944 ], [ -56.41917, -34.40928 ], [ -56.41959, -34.40928 ], [ -56.42046, -34.40802 ], [ -56.42067, -34.40748 ], [ -56.42051, -34.40708 ], [ -56.42146, -34.40695 ], [ -56.42209, -34.40649 ], [ -56.42133, -34.40604 ], [ -56.42139, -34.40594 ], [ -56.42207, -34.40611 ], [ -56.42212, -34.40595 ], [ -56.42576, -34.40704 ], [ -56.42576, -34.40692 ], [ -56.42184, -34.40557 ], [ -56.42178, -34.40551 ], [ -56.42217, -34.40558 ], [ -56.42258, -34.40526 ], [ -56.42249, -34.40425 ] ] ] } },
{ "type": "Feature", "properties": { "nombre": "FD-FDA_CRI-mar2024_Ro.Santa-Lucía-Chico", "curso": "Río Santa Lucía Chico, Ao de Pintadito", "fecha_evento": "2024-03-21", "cota_local": null, "cota_oficial": null, "fuentes": "Centro Coordinador de Emergencias Departamentales (CECOED) - Florida, Sistema Nacional de Emergencias (SINAE), Dirección Nacional de Aguas (DINAGUA) - Inundaciones y Drenaje Urbano" }, "geometry": { "type": "MultiPolygon", "coordinates": [ [ [ [ -56.24845, -34.10538 ], [ -56.24713, -34.10562 ], [ -56.24663, -34.10579 ], [ -56.2463, -34.1061 ], [ -56.2439, -34.1047 ], [ -56.24383, -34.10439 ], [ -56.2419, -34.10315 ], [ -56.24191, -34.10301 ], [ -56.2417, -34.10316 ], [ -56.24208, -34.10354 ], [ -56.2417, -34.10325 ], [ -56.24134, -34.10339 ], [ -56.24178, -34.10302 ], [ -56.24195, -34.10247 ], [ -56.24178, -34.10231 ], [ -56.24201, -34.10217 ], [ -56.24197, -34.10201 ], [ -56.24259, -34.10201 ], [ -56.24369, -34.10249 ], [ -56.24401, -34.10244 ], [ -56.24418, -34.10259 ], [ -56.2452, -34.10266 ], [ -56.24548, -34.1031 ], [ -56.24572, -34.10293 ], [ -56.24624, -34.10306 ], [ -56.24746, -34.1028 ], [ -56.24765, -34.10294 ], [ -56.24772, -34.10286 ], [ -56.24845, -34.10538 ] ] ], [ [ [ -56.19338, -34.08613 ], [ -56.19658, -34.08478 ], [ -56.20576, -34.07996 ], [ -56.20535, -34.08067 ], [ -56.20584, -34.08154 ], [ -56.20584, -34.08175 ], [ -56.2065, -34.08177 ], [ -56.20785, -34.08105 ], [ -56.20877, -34.08106 ], [ -56.20881, -34.0814 ], [ -56.20809, -34.08308 ], [ -56.20829, -34.08366 ], [ -56.20915, -34.08427 ], [ -56.20961, -34.08492 ], [ -56.20852, -34.08527 ], [ -56.20896, -34.08624 ], [ -56.2093, -34.08644 ], [ -56.20999, -34.08651 ], [ -56.21021, -34.08685 ], [ -56.21033, -34.08746 ], [ -56.21051, -34.08745 ], [ -56.21033, -34.08752 ], [ -56.21045, -34.08766 ], [ -56.20938, -34.08818 ], [ -56.20968, -34.08884 ], [ -56.20961, -34.08945 ], [ -56.2099, -34.09001 ], [ -56.2098, -34.09004 ], [ -56.20994, -34.09079 ], [ -56.21027, -34.09102 ], [ -56.21029, -34.09125 ], [ -56.21077, -34.09109 ], [ -56.2109, -34.09141 ], [ -56.2115, -34.09141 ], [ -56.21279, -34.09118 ], [ -56.21299, -34.09128 ], [ -56.21294, -34.0914 ], [ -56.21189, -34.09163 ], [ -56.21152, -34.09186 ], [ -56.21157, -34.09198 ], [ -56.21184, -34.09198 ], [ -56.21273, -34.09186 ], [ -56.21254, -34.09213 ], [ -56.21164, -34.09279 ], [ -56.21153, -34.09283 ], [ -56.21118, -34.0925 ], [ -56.2108, -34.0925 ], [ -56.21039, -34.09281 ], [ -56.20976, -34.09302 ], [ -56.21002, -34.09339 ], [ -56.20959, -34.09296 ], [ -56.20944, -34.09309 ], [ -56.2092, -34.09294 ], [ -56.20893, -34.09308 ], [ -56.20887, -34.09328 ], [ -56.20854, -34.09356 ], [ -56.20837, -34.09368 ], [ -56.20821, -34.09352 ], [ -56.20813, -34.09376 ], [ -56.20783, -34.09384 ], [ -56.20722, -34.09431 ], [ -56.20731, -34.09461 ], [ -56.20764, -34.09467 ], [ -56.20745, -34.0948 ], [ -56.20773, -34.09505 ], [ -56.20807, -34.09487 ], [ -56.20845, -34.09522 ], [ -56.20871, -34.09501 ], [ -56.2086, -34.09515 ], [ -56.20877, -34.09533 ], [ -56.20945, -34.09567 ], [ -56.20959, -34.09557 ], [ -56.20959, -34.09572 ], [ -56.20893, -34.09617 ], [ -56.20885, -34.09646 ], [ -56.20837, -34.09656 ], [ -56.208, -34.09627 ], [ -56.2074, -34.09672 ], [ -56.2075, -34.09687 ], [ -56.20714, -34.09656 ], [ -56.20647, -34.09674 ], [ -56.20603, -34.09638 ], [ -56.20566, -34.09636 ], [ -56.2053, -34.09659 ], [ -56.20538, -34.0969 ], [ -56.20647, -34.09718 ], [ -56.20655, -34.09746 ], [ -56.20623, -34.09783 ], [ -56.20517, -34.09828 ], [ -56.20499, -34.09864 ], [ -56.20418, -34.09906 ], [ -56.20331, -34.09984 ], [ -56.20348, -34.10001 ], [ -56.20339, -34.10021 ], [ -56.20358, -34.10054 ], [ -56.20379, -34.10064 ], [ -56.2039, -34.10102 ], [ -56.20432, -34.10122 ], [ -56.20434, -34.10235 ], [ -56.20474, -34.10269 ], [ -56.20506, -34.10259 ], [ -56.20548, -34.10266 ], [ -56.205, -34.10302 ], [ -56.20566, -34.10386 ], [ -56.20611, -34.10413 ], [ -56.20662, -34.10402 ], [ -56.20676, -34.10411 ], [ -56.20712, -34.1039 ], [ -56.20688, -34.10408 ], [ -56.20741, -34.10522 ], [ -56.20712, -34.10534 ], [ -56.20665, -34.10516 ], [ -56.20583, -34.1055 ], [ -56.20579, -34.10564 ], [ -56.20606, -34.10589 ], [ -56.20548, -34.1064 ], [ -56.2056, -34.1068 ], [ -56.20596, -34.10724 ], [ -56.20616, -34.10721 ], [ -56.20603, -34.10758 ], [ -56.20655, -34.10802 ], [ -56.20673, -34.10882 ], [ -56.2071, -34.109 ], [ -56.20707, -34.1091 ], [ -56.20844, -34.10969 ], [ -56.20844, -34.10954 ], [ -56.20874, -34.10958 ], [ -56.20875, -34.10979 ], [ -56.20902, -34.10989 ], [ -56.20901, -34.11004 ], [ -56.2098, -34.1101 ], [ -56.20987, -34.11027 ], [ -56.21276, -34.1099 ], [ -56.21289, -34.10962 ], [ -56.21479, -34.10906 ], [ -56.21494, -34.10862 ], [ -56.21557, -34.10843 ], [ -56.21549, -34.10788 ], [ -56.21568, -34.10843 ], [ -56.2166, -34.10874 ], [ -56.21707, -34.10848 ], [ -56.21747, -34.10784 ], [ -56.21761, -34.10715 ], [ -56.21755, -34.10673 ], [ -56.21811, -34.10632 ], [ -56.21851, -34.10627 ], [ -56.21905, -34.10594 ], [ -56.21912, -34.10549 ], [ -56.21952, -34.10521 ], [ -56.21966, -34.10517 ], [ -56.22001, -34.10543 ], [ -56.22032, -34.10522 ], [ -56.22064, -34.1052 ], [ -56.221, -34.10467 ], [ -56.22163, -34.10435 ], [ -56.22173, -34.10443 ], [ -56.22205, -34.10417 ], [ -56.22196, -34.10408 ], [ -56.22206, -34.10401 ], [ -56.22209, -34.10357 ], [ -56.22239, -34.10317 ], [ -56.22252, -34.10243 ], [ -56.22293, -34.10196 ], [ -56.22322, -34.10095 ], [ -56.22249, -34.09988 ], [ -56.22363, -34.09965 ], [ -56.22402, -34.10042 ], [ -56.22408, -34.10083 ], [ -56.22425, -34.10086 ], [ -56.2242, -34.10138 ], [ -56.22446, -34.1014 ], [ -56.22434, -34.10196 ], [ -56.2247, -34.10207 ], [ -56.22451, -34.10308 ], [ -56.22393, -34.10356 ], [ -56.22387, -34.10382 ], [ -56.22432, -34.10444 ], [ -56.22432, -34.10479 ], [ -56.22592, -34.10615 ], [ -56.22572, -34.10632 ], [ -56.22487, -34.10556 ], [ -56.22407, -34.10575 ], [ -56.22374, -34.10654 ], [ -56.22308, -34.10652 ], [ -56.22316, -34.1072 ], [ -56.2224, -34.1084 ], [ -56.22255, -34.10859 ], [ -56.22222, -34.10885 ], [ -56.22284, -34.10934 ], [ -56.22293, -34.11027 ], [ -56.22309, -34.11065 ], [ -56.223, -34.11108 ], [ -56.22325, -34.11141 ], [ -56.22399, -34.11163 ], [ -56.22545, -34.11145 ], [ -56.22603, -34.11107 ], [ -56.22683, -34.1127 ], [ -56.22675, -34.11281 ], [ -56.2253, -34.11306 ], [ -56.22451, -34.11344 ], [ -56.22417, -34.11381 ], [ -56.22434, -34.11446 ], [ -56.22451, -34.11462 ], [ -56.22488, -34.11486 ], [ -56.22563, -34.11508 ], [ -56.22505, -34.11577 ], [ -56.22439, -34.11597 ], [ -56.22411, -34.11665 ], [ -56.22146, -34.11673 ], [ -56.22171, -34.11421 ], [ -56.22139, -34.11347 ], [ -56.22072, -34.11301 ], [ -56.21913, -34.11249 ], [ -56.21765, -34.11156 ], [ -56.2155, -34.11091 ], [ -56.21267, -34.11091 ], [ -56.21016, -34.11109 ], [ -56.20793, -34.11102 ], [ -56.20658, -34.11039 ], [ -56.20532, -34.10887 ], [ -56.20505, -34.10821 ], [ -56.20373, -34.10665 ], [ -56.19367, -34.10904 ], [ -56.19531, -34.10708 ], [ -56.19516, -34.10645 ], [ -56.19534, -34.10559 ], [ -56.19578, -34.10488 ], [ -56.19577, -34.10393 ], [ -56.19599, -34.10364 ], [ -56.19584, -34.1036 ], [ -56.19585, -34.10325 ], [ -56.19555, -34.10274 ], [ -56.19642, -34.09868 ], [ -56.19665, -34.09842 ], [ -56.19659, -34.09861 ], [ -56.19674, -34.09876 ], [ -56.19746, -34.09906 ], [ -56.19762, -34.09882 ], [ -56.19744, -34.09849 ], [ -56.19784, -34.09867 ], [ -56.19853, -34.0984 ], [ -56.19795, -34.09746 ], [ -56.19789, -34.09656 ], [ -56.19878, -34.09715 ], [ -56.19912, -34.09712 ], [ -56.1994, -34.09692 ], [ -56.19945, -34.09649 ], [ -56.19969, -34.09612 ], [ -56.19985, -34.09596 ], [ -56.20019, -34.09597 ], [ -56.20063, -34.09565 ], [ -56.2015, -34.09425 ], [ -56.20185, -34.09326 ], [ -56.20169, -34.0931 ], [ -56.20212, -34.0927 ], [ -56.20214, -34.09239 ], [ -56.20193, -34.09228 ], [ -56.20308, -34.09138 ], [ -56.20292, -34.09123 ], [ -56.20188, -34.09183 ], [ -56.20206, -34.09159 ], [ -56.20187, -34.09149 ], [ -56.20209, -34.09141 ], [ -56.20232, -34.09101 ], [ -56.20224, -34.09059 ], [ -56.20179, -34.09043 ], [ -56.20088, -34.09032 ], [ -56.20024, -34.08993 ], [ -56.20045, -34.08974 ], [ -56.20068, -34.08978 ], [ -56.2009, -34.08966 ], [ -56.20108, -34.08938 ], [ -56.201, -34.089 ], [ -56.20152, -34.08878 ], [ -56.20145, -34.08863 ], [ -56.20051, -34.08905 ], [ -56.20077, -34.0888 ], [ -56.20006, -34.08852 ], [ -56.19961, -34.08812 ], [ -56.1983, -34.08774 ], [ -56.1967, -34.08776 ], [ -56.19636, -34.08822 ], [ -56.19608, -34.08823 ], [ -56.19594, -34.08776 ], [ -56.19615, -34.08704 ], [ -56.19523, -34.08672 ], [ -56.19431, -34.08671 ], [ -56.19374, -34.08695 ], [ -56.1935, -34.08723 ], [ -56.19336, -34.0872 ], [ -56.19338, -34.08613 ] ] ] ] } },
{ "type": "Feature", "properties": { "nombre": "TT-VRA_CRI-abr2016_Ao.del-Parao", "curso": "Arroyo del Parao", "fecha_evento": "2016-02-01", "cota_local": null, "cota_oficial": null, "fuentes": "Intendencia Departamental de Treita y Tres, Dirección Nacional de Aguas (DINAGUA) - Inundaciones y Drenaje Urbano" }, "geometry": { "type": "Polygon", "coordinates": [ [ [ -53.93792, -32.93402 ], [ -53.93862, -32.93384 ], [ -53.93983, -32.9332 ], [ -53.94201, -32.93309 ], [ -53.9433, -32.93269 ], [ -53.94469, -32.93447 ], [ -53.94459, -32.93461 ], [ -53.9426, -32.93508 ], [ -53.94172, -32.93542 ], [ -53.94139, -32.93567 ], [ -53.941, -32.93557 ], [ -53.93955, -32.936 ], [ -53.9371, -32.93577 ], [ -53.93583, -32.93614 ], [ -53.93502, -32.9361 ], [ -53.93353, -32.93681 ], [ -53.93295, -32.93694 ], [ -53.93279, -32.93705 ], [ -53.93286, -32.93791 ], [ -53.93318, -32.93854 ], [ -53.93436, -32.93953 ], [ -53.93506, -32.93975 ], [ -53.93539, -32.94004 ], [ -53.93534, -32.94022 ], [ -53.93366, -32.94088 ], [ -53.93323, -32.94076 ], [ -53.9318, -32.94125 ], [ -53.93126, -32.94127 ], [ -53.93115, -32.94137 ], [ -53.93115, -32.94176 ], [ -53.93097, -32.94191 ], [ -53.93033, -32.94201 ], [ -53.92899, -32.94263 ], [ -53.92899, -32.9421 ], [ -53.92869, -32.94195 ], [ -53.92781, -32.94222 ], [ -53.9272, -32.94267 ], [ -53.92696, -32.94237 ], [ -53.92841, -32.94163 ], [ -53.92957, -32.94084 ], [ -53.92966, -32.94041 ], [ -53.92906, -32.93973 ], [ -53.92787, -32.93939 ], [ -53.9277, -32.93922 ], [ -53.92771, -32.93897 ], [ -53.92892, -32.93837 ], [ -53.92905, -32.93815 ], [ -53.92906, -32.93785 ], [ -53.92877, -32.93754 ], [ -53.92866, -32.9369 ], [ -53.92883, -32.93633 ], [ -53.92904, -32.93614 ], [ -53.92957, -32.936 ], [ -53.92986, -32.9361 ], [ -53.93036, -32.93653 ], [ -53.93056, -32.93655 ], [ -53.93211, -32.93596 ], [ -53.93287, -32.93526 ], [ -53.93368, -32.93482 ], [ -53.93483, -32.93452 ], [ -53.93519, -32.9346 ], [ -53.93585, -32.93503 ], [ -53.93614, -32.93503 ], [ -53.93717, -32.93406 ], [ -53.93739, -32.93395 ], [ -53.93792, -32.93402 ] ] ] } },
{ "type": "Feature", "properties": { "nombre": "CA-ACS_CRI-abr2016_Ro.Santa-Lucía", "curso": "Río Santa Lucía", "fecha_evento": "2016-02-01", "cota_local": null, "cota_oficial": null, "fuentes": "Voluntarios de la Asociación Interamericana de Ingenieros sanitarios (AIDIS), Dirección Nacional de Aguas (DINAGUA) - Inundaciones y Drenaje Urbano" }, "geometry": { "type": "Polygon", "coordinates": [ [ [ -56.39989, -34.53102 ], [ -56.39974, -34.53041 ], [ -56.40011, -34.52892 ], [ -56.40017, -34.52833 ], [ -56.40005, -34.52766 ], [ -56.39921, -34.52567 ], [ -56.39928, -34.52526 ], [ -56.39858, -34.52436 ], [ -56.39855, -34.52391 ], [ -56.39828, -34.52337 ], [ -56.39835, -34.52282 ], [ -56.39772, -34.5221 ], [ -56.39727, -34.52124 ], [ -56.39698, -34.52092 ], [ -56.3963, -34.52056 ], [ -56.39614, -34.52021 ], [ -56.3958, -34.51993 ], [ -56.39577, -34.5197 ], [ -56.39548, -34.51947 ], [ -56.39533, -34.51902 ], [ -56.39568, -34.51848 ], [ -56.39538, -34.51767 ], [ -56.39558, -34.51713 ], [ -56.39531, -34.51645 ], [ -56.39399, -34.51616 ], [ -56.39892, -34.51322 ], [ -56.4002, -34.51362 ], [ -56.40072, -34.514 ], [ -56.40139, -34.51488 ], [ -56.40151, -34.51694 ], [ -56.40321, -34.51954 ], [ -56.4042, -34.52154 ], [ -56.40419, -34.52318 ], [ -56.4036, -34.52405 ], [ -56.40179, -34.52615 ], [ -56.40177, -34.52719 ], [ -56.40246, -34.52866 ], [ -56.403, -34.52926 ], [ -56.39989, -34.53102 ] ] ] } },
{ "type": "Feature", "properties": { "nombre": "AR-BUN_CRI-dic2009_Ro.Uruguay", "curso": "Río Uruguay", "fecha_evento": "2009-12-10", "cota_local": null, "cota_oficial": null, "fuentes": "Fuerza Aérea Uruguaya - Servicio de Sensores Remotos Aeroespaciales" }, "geometry": { "type": "Polygon", "coordinates": [ [ [ -57.60937, -30.23888 ], [ -57.61649, -30.24262 ], [ -57.61667, -30.27137 ], [ -57.62048, -30.28113 ], [ -57.61657, -30.28255 ], [ -57.61614, -30.28232 ], [ -57.61499, -30.283 ], [ -57.61439, -30.28356 ], [ -57.61396, -30.2834 ], [ -57.61371, -30.28267 ], [ -57.61374, -30.28174 ], [ -57.61307, -30.27933 ], [ -57.61288, -30.27878 ], [ -57.61211, -30.27769 ], [ -57.6118, -30.27694 ], [ -57.6119, -30.27577 ], [ -57.6117, -30.27412 ], [ -57.61141, -30.27339 ], [ -57.61075, -30.27343 ], [ -57.6102, -30.27367 ], [ -57.60916, -30.27646 ], [ -57.60838, -30.27691 ], [ -57.60826, -30.27767 ], [ -57.60727, -30.27736 ], [ -57.60686, -30.27607 ], [ -57.60644, -30.27569 ], [ -57.60673, -30.275 ], [ -57.6064, -30.27379 ], [ -57.60554, -30.27276 ], [ -57.60503, -30.27236 ], [ -57.6043, -30.27242 ], [ -57.60384, -30.27232 ], [ -57.60171, -30.27261 ], [ -57.60143, -30.27152 ], [ -57.6017, -30.27095 ], [ -57.60178, -30.27042 ], [ -57.60117, -30.2699 ], [ -57.60019, -30.26945 ], [ -57.59994, -30.26889 ], [ -57.59933, -30.26864 ], [ -57.5994, -30.26842 ], [ -57.59927, -30.26733 ], [ -57.59945, -30.26704 ], [ -57.59935, -30.26683 ], [ -57.5997, -30.26623 ], [ -57.60005, -30.2663 ], [ -57.60019, -30.26601 ], [ -57.60044, -30.26609 ], [ -57.60064, -30.26578 ], [ -57.60046, -30.2655 ], [ -57.6008, -30.26551 ], [ -57.60101, -30.26562 ], [ -57.60101, -30.26582 ], [ -57.60175, -30.26634 ], [ -57.60212, -30.26631 ], [ -57.60235, -30.2665 ], [ -57.60223, -30.26707 ], [ -57.60373, -30.26698 ], [ -57.60379, -30.26617 ], [ -57.6042, -30.26544 ], [ -57.605, -30.26498 ], [ -57.60541, -30.26488 ], [ -57.60612, -30.265 ], [ -57.6065, -30.26377 ], [ -57.60702, -30.26328 ], [ -57.60809, -30.2629 ], [ -57.6088, -30.26294 ], [ -57.60894, -30.26273 ], [ -57.60927, -30.26269 ], [ -57.60961, -30.26281 ], [ -57.61072, -30.26267 ], [ -57.61121, -30.26153 ], [ -57.61109, -30.26127 ], [ -57.60971, -30.26065 ], [ -57.60944, -30.26027 ], [ -57.60933, -30.26029 ], [ -57.60918, -30.25967 ], [ -57.60856, -30.25868 ], [ -57.60801, -30.25847 ], [ -57.60772, -30.25759 ], [ -57.60693, -30.25682 ], [ -57.60664, -30.25636 ], [ -57.60626, -30.25663 ], [ -57.60538, -30.25624 ], [ -57.60496, -30.25543 ], [ -57.60507, -30.25485 ], [ -57.60562, -30.25414 ], [ -57.60641, -30.25372 ], [ -57.60687, -30.25334 ], [ -57.60695, -30.25307 ], [ -57.60651, -30.25225 ], [ -57.60646, -30.25008 ], [ -57.60638, -30.24971 ], [ -57.6061, -30.24952 ], [ -57.60632, -30.24856 ], [ -57.60592, -30.24842 ], [ -57.60558, -30.24808 ], [ -57.60513, -30.24811 ], [ -57.605, -30.24798 ], [ -57.60439, -30.24807 ], [ -57.60396, -30.24784 ], [ -57.60375, -30.24795 ], [ -57.60318, -30.24786 ], [ -57.60258, -30.24825 ], [ -57.60183, -30.24825 ], [ -57.60148, -30.24839 ], [ -57.60128, -30.24863 ], [ -57.6003, -30.24887 ], [ -57.60003, -30.24905 ], [ -57.59966, -30.24904 ], [ -57.59911, -30.24953 ], [ -57.59857, -30.24971 ], [ -57.59748, -30.24987 ], [ -57.59544, -30.24934 ], [ -57.59754, -30.24955 ], [ -57.59808, -30.24949 ], [ -57.5986, -30.24915 ], [ -57.59905, -30.24909 ], [ -57.59942, -30.24822 ], [ -57.60023, -30.24815 ], [ -57.60074, -30.24786 ], [ -57.60119, -30.24711 ], [ -57.60138, -30.24711 ], [ -57.60181, -30.24622 ], [ -57.60195, -30.24565 ], [ -57.60184, -30.24525 ], [ -57.60225, -30.24487 ], [ -57.60225, -30.24449 ], [ -57.60249, -30.24427 ], [ -57.60269, -30.2451 ], [ -57.60324, -30.24512 ], [ -57.6045, -30.24543 ], [ -57.60565, -30.24504 ], [ -57.60694, -30.24494 ], [ -57.60798, -30.24403 ], [ -57.60793, -30.24238 ], [ -57.60835, -30.24144 ], [ -57.60811, -30.24084 ], [ -57.60847, -30.24 ], [ -57.60937, -30.23888 ] ] ] } },
{ "type": "Feature", "properties": { "nombre": "AR-BUN_CRI-1983_Ro.Uruguay", "curso": "Río Uruguay", "fecha_evento": "1983-01-10", "cota_local": 10.01, "cota_oficial": 42.67, "fuentes": "Intendencia Departamental de Artigas" }, "geometry": { "type": "Polygon", "coordinates": [ [ [ -57.60468, -30.25634 ], [ -57.61657, -30.25629 ], [ -57.61664, -30.2672 ], [ -57.60353, -30.26526 ], [ -57.60379, -30.26521 ], [ -57.60401, -30.26482 ], [ -57.60441, -30.26467 ], [ -57.60508, -30.26459 ], [ -57.60614, -30.2648 ], [ -57.60637, -30.26423 ], [ -57.60624, -30.26385 ], [ -57.60634, -30.26354 ], [ -57.60668, -30.26324 ], [ -57.60744, -30.26289 ], [ -57.60898, -30.26264 ], [ -57.60926, -30.26247 ], [ -57.61021, -30.26266 ], [ -57.61037, -30.26236 ], [ -57.61089, -30.26236 ], [ -57.61084, -30.26213 ], [ -57.61059, -30.26198 ], [ -57.61058, -30.26173 ], [ -57.61033, -30.26127 ], [ -57.60973, -30.26105 ], [ -57.60922, -30.26068 ], [ -57.60874, -30.25973 ], [ -57.60828, -30.25938 ], [ -57.60829, -30.259 ], [ -57.60705, -30.25746 ], [ -57.6068, -30.25727 ], [ -57.60521, -30.25686 ], [ -57.60468, -30.25634 ] ] ] } },
{ "type": "Feature", "properties": { "nombre": "TT-TYT_CRI-jun2019_Ro.Olimar", "curso": "Río Olimar y Arroyo Yerbal", "fecha_evento": "2019-06-18", "cota_local": 7.99, "cota_oficial": 33.73, "fuentes": "Intendencia Departamental de Treinta y Tres" }, "geometry": { "type": "Polygon", "coordinates": [ [ [ -54.39849, -33.24418 ], [ -54.39584, -33.24178 ], [ -54.39474, -33.24097 ], [ -54.39364, -33.24044 ], [ -54.39253, -33.24011 ], [ -54.39069, -33.24008 ], [ -54.39036, -33.23952 ], [ -54.39096, -33.23904 ], [ -54.39161, -33.2388 ], [ -54.39209, -33.2388 ], [ -54.3923, -33.23829 ], [ -54.39283, -33.23805 ], [ -54.39349, -33.23751 ], [ -54.39391, -33.23663 ], [ -54.39425, -33.23682 ], [ -54.39477, -33.23751 ], [ -54.3954, -33.23775 ], [ -54.39671, -33.2375 ], [ -54.39716, -33.23729 ], [ -54.39817, -33.23726 ], [ -54.39863, -33.23681 ], [ -54.40118, -33.24102 ], [ -54.40141, -33.24092 ], [ -54.39879, -33.23673 ], [ -54.39983, -33.23676 ], [ -54.40008, -33.23659 ], [ -54.40039, -33.23665 ], [ -54.40064, -33.23653 ], [ -54.40135, -33.23667 ], [ -54.40208, -33.23655 ], [ -54.40253, -33.23636 ], [ -54.40307, -33.23555 ], [ -54.40324, -33.23551 ], [ -54.40369, -33.23568 ], [ -54.40421, -33.2354 ], [ -54.40467, -33.23537 ], [ -54.40512, -33.23503 ], [ -54.40542, -33.23458 ], [ -54.40638, -33.23391 ], [ -54.4065, -33.23315 ], [ -54.40637, -33.23239 ], [ -54.40676, -33.23176 ], [ -54.40679, -33.23075 ], [ -54.40704, -33.22962 ], [ -54.40685, -33.2293 ], [ -54.40638, -33.22906 ], [ -54.40534, -33.22892 ], [ -54.40374, -33.2291 ], [ -54.40293, -33.22945 ], [ -54.40261, -33.22931 ], [ -54.40238, -33.22904 ], [ -54.40174, -33.22889 ], [ -54.40119, -33.22853 ], [ -54.40064, -33.22848 ], [ -54.39942, -33.22966 ], [ -54.39915, -33.22983 ], [ -54.39884, -33.2298 ], [ -54.39812, -33.22804 ], [ -54.3978, -33.22776 ], [ -54.39768, -33.22744 ], [ -54.39652, -33.22692 ], [ -54.39528, -33.22564 ], [ -54.3945, -33.2244 ], [ -54.39452, -33.22425 ], [ -54.39534, -33.22368 ], [ -54.39614, -33.22344 ], [ -54.39652, -33.22309 ], [ -54.39656, -33.22255 ], [ -54.39619, -33.22192 ], [ -54.39595, -33.22192 ], [ -54.3958, -33.22166 ], [ -54.39556, -33.22165 ], [ -54.39548, -33.22153 ], [ -54.39508, -33.22152 ], [ -54.395, -33.22139 ], [ -54.39468, -33.22138 ], [ -54.39461, -33.22126 ], [ -54.39381, -33.22108 ], [ -54.39266, -33.22123 ], [ -54.39137, -33.22119 ], [ -54.39057, -33.2194 ], [ -54.39039, -33.21838 ], [ -54.39002, -33.21774 ], [ -54.39014, -33.21736 ], [ -54.39404, -33.21634 ], [ -54.39414, -33.2162 ], [ -54.38985, -33.21722 ], [ -54.3895, -33.21715 ], [ -54.38946, -33.21693 ], [ -54.38973, -33.217 ], [ -54.38982, -33.21687 ], [ -54.38935, -33.21553 ], [ -54.38803, -33.21435 ], [ -54.38827, -33.21406 ], [ -54.38826, -33.2138 ], [ -54.38854, -33.2138 ], [ -54.38873, -33.21366 ], [ -54.38877, -33.21332 ], [ -54.38919, -33.21328 ], [ -54.38938, -33.21258 ], [ -54.38997, -33.21218 ], [ -54.39005, -33.2119 ], [ -54.38993, -33.2117 ], [ -54.38995, -33.21125 ], [ -54.38961, -33.21078 ], [ -54.38887, -33.21062 ], [ -54.38863, -33.21029 ], [ -54.38785, -33.21036 ], [ -54.38806, -33.21002 ], [ -54.38807, -33.20962 ], [ -54.38829, -33.20939 ], [ -54.38814, -33.20913 ], [ -54.38848, -33.20892 ], [ -54.38838, -33.2085 ], [ -54.38812, -33.20826 ], [ -54.38812, -33.20795 ], [ -54.38733, -33.20751 ], [ -54.38684, -33.20753 ], [ -54.38672, -33.20742 ], [ -54.38615, -33.20735 ], [ -54.38597, -33.20713 ], [ -54.38535, -33.20714 ], [ -54.38507, -33.20726 ], [ -54.38462, -33.2071 ], [ -54.3844, -33.20677 ], [ -54.38393, -33.2051 ], [ -54.3842, -33.20494 ], [ -54.38537, -33.20519 ], [ -54.3858, -33.20492 ], [ -54.38614, -33.20486 ], [ -54.38639, -33.20461 ], [ -54.38668, -33.20457 ], [ -54.38723, -33.20412 ], [ -54.38765, -33.20397 ], [ -54.3879, -33.20398 ], [ -54.3883, -33.20429 ], [ -54.38899, -33.20329 ], [ -54.38899, -33.20282 ], [ -54.38962, -33.20249 ], [ -54.39014, -33.20163 ], [ -54.39028, -33.20058 ], [ -54.38982, -33.19978 ], [ -54.39046, -33.19977 ], [ -54.39069, -33.19948 ], [ -54.39068, -33.19924 ], [ -54.39096, -33.19898 ], [ -54.39092, -33.19833 ], [ -54.39055, -33.19767 ], [ -54.39011, -33.19731 ], [ -54.39177, -33.1969 ], [ -54.39202, -33.19721 ], [ -54.3929, -33.19774 ], [ -54.39314, -33.19761 ], [ -54.39329, -33.19693 ], [ -54.39353, -33.19655 ], [ -54.39407, -33.19628 ], [ -54.39459, -33.19632 ], [ -54.3953, -33.19655 ], [ -54.39576, -33.19689 ], [ -54.39618, -33.19879 ], [ -54.39642, -33.19927 ], [ -54.39739, -33.20015 ], [ -54.39776, -33.20029 ], [ -54.39839, -33.20114 ], [ -54.39891, -33.20236 ], [ -54.39914, -33.20331 ], [ -54.39892, -33.20479 ], [ -54.39859, -33.20517 ], [ -54.39788, -33.20501 ], [ -54.39689, -33.20416 ], [ -54.39553, -33.20403 ], [ -54.3951, -33.20418 ], [ -54.3948, -33.20454 ], [ -54.39415, -33.20497 ], [ -54.39396, -33.20534 ], [ -54.39403, -33.20591 ], [ -54.39432, -33.20652 ], [ -54.39568, -33.20865 ], [ -54.39588, -33.20918 ], [ -54.39552, -33.20996 ], [ -54.39573, -33.21023 ], [ -54.39613, -33.21033 ], [ -54.39645, -33.21073 ], [ -54.39651, -33.21144 ], [ -54.39613, -33.21159 ], [ -54.39559, -33.21203 ], [ -54.39569, -33.2123 ], [ -54.39622, -33.21267 ], [ -54.39622, -33.21297 ], [ -54.39595, -33.21307 ], [ -54.39493, -33.21309 ], [ -54.39458, -33.21337 ], [ -54.3943, -33.21434 ], [ -54.39454, -33.21459 ], [ -54.39533, -33.2146 ], [ -54.39552, -33.21483 ], [ -54.39479, -33.21616 ], [ -54.39484, -33.21648 ], [ -54.39576, -33.21654 ], [ -54.39589, -33.21674 ], [ -54.39579, -33.21702 ], [ -54.39523, -33.21766 ], [ -54.39466, -33.21894 ], [ -54.394, -33.21893 ], [ -54.394, -33.21959 ], [ -54.3934, -33.21992 ], [ -54.39337, -33.22012 ], [ -54.3939, -33.22046 ], [ -54.39545, -33.2207 ], [ -54.39686, -33.22119 ], [ -54.3973, -33.22122 ], [ -54.39776, -33.22103 ], [ -54.39895, -33.21992 ], [ -54.3995, -33.21959 ], [ -54.40018, -33.21944 ], [ -54.40055, -33.22043 ], [ -54.40133, -33.22042 ], [ -54.40189, -33.22076 ], [ -54.40212, -33.22151 ], [ -54.40251, -33.22176 ], [ -54.40289, -33.22183 ], [ -54.40308, -33.22206 ], [ -54.40285, -33.22275 ], [ -54.40301, -33.22302 ], [ -54.40329, -33.22325 ], [ -54.40424, -33.22338 ], [ -54.40436, -33.22349 ], [ -54.40438, -33.22451 ], [ -54.40528, -33.22544 ], [ -54.40556, -33.22594 ], [ -54.40661, -33.22694 ], [ -54.40798, -33.22865 ], [ -54.40838, -33.22986 ], [ -54.40821, -33.23142 ], [ -54.40882, -33.232 ], [ -54.40876, -33.23224 ], [ -54.40786, -33.23282 ], [ -54.40784, -33.23313 ], [ -54.40799, -33.23345 ], [ -54.40844, -33.23372 ], [ -54.40915, -33.23461 ], [ -54.40915, -33.23499 ], [ -54.40802, -33.23609 ], [ -54.40801, -33.23704 ], [ -54.40761, -33.2373 ], [ -54.40704, -33.23803 ], [ -54.40682, -33.23788 ], [ -54.40642, -33.23794 ], [ -54.40609, -33.23819 ], [ -54.40558, -33.23827 ], [ -54.40472, -33.23787 ], [ -54.40449, -33.23796 ], [ -54.40393, -33.23899 ], [ -54.40382, -33.23967 ], [ -54.40387, -33.24079 ], [ -54.40195, -33.24238 ], [ -54.40181, -33.2426 ], [ -54.40176, -33.24386 ], [ -54.40051, -33.24498 ], [ -54.39891, -33.24588 ], [ -54.39801, -33.24699 ], [ -54.39696, -33.24933 ], [ -54.39616, -33.25002 ], [ -54.395, -33.2507 ], [ -54.39299, -33.25136 ], [ -54.39233, -33.252 ], [ -54.39225, -33.25313 ], [ -54.39323, -33.25391 ], [ -54.39383, -33.25468 ], [ -54.39383, -33.25502 ], [ -54.3926, -33.25694 ], [ -54.39222, -33.2573 ], [ -54.39048, -33.2582 ], [ -54.38966, -33.25937 ], [ -54.38912, -33.2595 ], [ -54.38875, -33.25942 ], [ -54.38792, -33.25892 ], [ -54.38701, -33.25758 ], [ -54.38677, -33.2569 ], [ -54.38645, -33.2566 ], [ -54.38639, -33.2559 ], [ -54.38607, -33.25586 ], [ -54.38418, -33.25626 ], [ -54.38343, -33.2565 ], [ -54.38258, -33.25696 ], [ -54.3824, -33.25735 ], [ -54.38249, -33.25838 ], [ -54.38185, -33.25923 ], [ -54.38136, -33.25945 ], [ -54.38083, -33.25947 ], [ -54.38029, -33.25922 ], [ -54.38017, -33.25896 ], [ -54.38029, -33.2584 ], [ -54.38015, -33.25822 ], [ -54.37916, -33.25823 ], [ -54.378, -33.2586 ], [ -54.37765, -33.25887 ], [ -54.3777, -33.25938 ], [ -54.37849, -33.26023 ], [ -54.37853, -33.26077 ], [ -54.37792, -33.26225 ], [ -54.37442, -33.26007 ], [ -54.37441, -33.25981 ], [ -54.37458, -33.25956 ], [ -54.37474, -33.25949 ], [ -54.37522, -33.25958 ], [ -54.37581, -33.2587 ], [ -54.3759, -33.25719 ], [ -54.37562, -33.2568 ], [ -54.37531, -33.25667 ], [ -54.37548, -33.25617 ], [ -54.37581, -33.25605 ], [ -54.37583, -33.25541 ], [ -54.3749, -33.25425 ], [ -54.37474, -33.25412 ], [ -54.3745, -33.25425 ], [ -54.37412, -33.25386 ], [ -54.37392, -33.25284 ], [ -54.37408, -33.25221 ], [ -54.37376, -33.25208 ], [ -54.37344, -33.25169 ], [ -54.37388, -33.25084 ], [ -54.37462, -33.2502 ], [ -54.37457, -33.24914 ], [ -54.37413, -33.24804 ], [ -54.37389, -33.24799 ], [ -54.3735, -33.24764 ], [ -54.37231, -33.24724 ], [ -54.37192, -33.24685 ], [ -54.3717, -33.24634 ], [ -54.37213, -33.24534 ], [ -54.37277, -33.2452 ], [ -54.37399, -33.24462 ], [ -54.37516, -33.24565 ], [ -54.37514, -33.24616 ], [ -54.37529, -33.24642 ], [ -54.37561, -33.24642 ], [ -54.37593, -33.24668 ], [ -54.3764, -33.24682 ], [ -54.37664, -33.24734 ], [ -54.37771, -33.24812 ], [ -54.37789, -33.24861 ], [ -54.37788, -33.24902 ], [ -54.37754, -33.24921 ], [ -54.37725, -33.24973 ], [ -54.37771, -33.25049 ], [ -54.37794, -33.25153 ], [ -54.37769, -33.25178 ], [ -54.37744, -33.25241 ], [ -54.37791, -33.25255 ], [ -54.37806, -33.2528 ], [ -54.37854, -33.25294 ], [ -54.37897, -33.2524 ], [ -54.37989, -33.25182 ], [ -54.38097, -33.25062 ], [ -54.38123, -33.2502 ], [ -54.38099, -33.24973 ], [ -54.38133, -33.24976 ], [ -54.38181, -33.24954 ], [ -54.38187, -33.24908 ], [ -54.38241, -33.24888 ], [ -54.38249, -33.24835 ], [ -54.3823, -33.24802 ], [ -54.3823, -33.2477 ], [ -54.3825, -33.24751 ], [ -54.3833, -33.24732 ], [ -54.38428, -33.24572 ], [ -54.38533, -33.24536 ], [ -54.3855, -33.24511 ], [ -54.38607, -33.24487 ], [ -54.38689, -33.24406 ], [ -54.38721, -33.24393 ], [ -54.38738, -33.2435 ], [ -54.38806, -33.24265 ], [ -54.38809, -33.24226 ], [ -54.38849, -33.24135 ], [ -54.3906, -33.24022 ], [ -54.39236, -33.24025 ], [ -54.39348, -33.24052 ], [ -54.39442, -33.24094 ], [ -54.39513, -33.24144 ], [ -54.39533, -33.24177 ], [ -54.39615, -33.24222 ], [ -54.39849, -33.24418 ] ] ] } },
{ "type": "Feature", "properties": { "nombre": "AR-BUN_CRI-dic2015_Ro.Uruguay", "curso": "Río Uruguay", "fecha_evento": "2015-12-06", "cota_local": 9.64, "cota_oficial": 42.3, "fuentes": "Centro Coordinador de Emergencias Departamentales (CECOED) - Artigas" }, "geometry": { "type": "Polygon", "coordinates": [ [ [ -57.60463, -30.25458 ], [ -57.61656, -30.25447 ], [ -57.61664, -30.26717 ], [ -57.60397, -30.26529 ], [ -57.60446, -30.26493 ], [ -57.60542, -30.26466 ], [ -57.6059, -30.26484 ], [ -57.60628, -30.26482 ], [ -57.60644, -30.26459 ], [ -57.60644, -30.26411 ], [ -57.60667, -30.26346 ], [ -57.60706, -30.26334 ], [ -57.60745, -30.26299 ], [ -57.6082, -30.26283 ], [ -57.60873, -30.26257 ], [ -57.60983, -30.26263 ], [ -57.61072, -30.26248 ], [ -57.61086, -30.26258 ], [ -57.61097, -30.2625 ], [ -57.61095, -30.26198 ], [ -57.61111, -30.26183 ], [ -57.61112, -30.26151 ], [ -57.61095, -30.2615 ], [ -57.6109, -30.2611 ], [ -57.61013, -30.26083 ], [ -57.60997, -30.26064 ], [ -57.6094, -30.26037 ], [ -57.60919, -30.25965 ], [ -57.60896, -30.25949 ], [ -57.60888, -30.25901 ], [ -57.60866, -30.25869 ], [ -57.60846, -30.25873 ], [ -57.60843, -30.25854 ], [ -57.60803, -30.25821 ], [ -57.60764, -30.25748 ], [ -57.60709, -30.25717 ], [ -57.6071, -30.25705 ], [ -57.60681, -30.25709 ], [ -57.60651, -30.25696 ], [ -57.60646, -30.25672 ], [ -57.60522, -30.25637 ], [ -57.60488, -30.25593 ], [ -57.60488, -30.25563 ], [ -57.60464, -30.25514 ], [ -57.60475, -30.25483 ], [ -57.60459, -30.25469 ], [ -57.60463, -30.25458 ] ] ] } },
{ "type": "Feature", "properties": { "nombre": "DU-DZN_CRI-may2007_Ro.Yí", "curso": "Río Yí", "fecha_evento": "2007-05-08", "cota_local": 12.6, "cota_oficial": null, "fuentes": "Dirección Nacional de Aguas (DINAGUA) - Inundaciones y Drenaje Urbano" }, "geometry": { "type": "MultiPolygon", "coordinates": [ [ [ [ -56.54031, -33.38701 ], [ -56.53925, -33.38909 ], [ -56.53493, -33.38837 ], [ -56.53604, -33.38693 ], [ -56.53676, -33.3857 ], [ -56.53651, -33.38435 ], [ -56.53753, -33.38193 ], [ -56.5382, -33.3822 ], [ -56.53845, -33.38137 ], [ -56.53947, -33.38159 ], [ -56.53998, -33.37909 ], [ -56.53847, -33.37896 ], [ -56.53826, -33.37987 ], [ -56.53671, -33.37971 ], [ -56.53687, -33.37898 ], [ -56.53834, -33.37883 ], [ -56.53879, -33.37842 ], [ -56.53888, -33.37752 ], [ -56.53815, -33.37742 ], [ -56.53816, -33.37519 ], [ -56.53741, -33.37463 ], [ -56.53725, -33.37381 ], [ -56.53765, -33.37358 ], [ -56.53697, -33.37271 ], [ -56.53556, -33.37337 ], [ -56.53567, -33.37377 ], [ -56.53523, -33.37401 ], [ -56.5352, -33.37469 ], [ -56.53472, -33.3749 ], [ -56.53469, -33.37589 ], [ -56.53504, -33.37596 ], [ -56.53458, -33.37599 ], [ -56.5346, -33.37632 ], [ -56.53424, -33.37635 ], [ -56.53409, -33.37718 ], [ -56.53186, -33.37935 ], [ -56.53129, -33.37936 ], [ -56.52973, -33.38097 ], [ -56.53039, -33.37975 ], [ -56.53087, -33.37919 ], [ -56.5318, -33.37469 ], [ -56.531, -33.37401 ], [ -56.53157, -33.37373 ], [ -56.53047, -33.37203 ], [ -56.53148, -33.37048 ], [ -56.53134, -33.36937 ], [ -56.53099, -33.36952 ], [ -56.53051, -33.36891 ], [ -56.52865, -33.36976 ], [ -56.52828, -33.36919 ], [ -56.52718, -33.36946 ], [ -56.52745, -33.36989 ], [ -56.52689, -33.36997 ], [ -56.527, -33.37055 ], [ -56.52673, -33.37073 ], [ -56.52696, -33.37112 ], [ -56.52646, -33.37075 ], [ -56.52666, -33.37069 ], [ -56.52616, -33.36987 ], [ -56.52548, -33.37016 ], [ -56.52579, -33.3706 ], [ -56.52547, -33.37074 ], [ -56.52518, -33.37034 ], [ -56.52472, -33.37055 ], [ -56.5238, -33.36903 ], [ -56.52341, -33.36934 ], [ -56.52304, -33.36924 ], [ -56.52234, -33.36861 ], [ -56.52188, -33.36881 ], [ -56.52213, -33.36927 ], [ -56.52172, -33.36882 ], [ -56.52105, -33.36913 ], [ -56.52101, -33.36956 ], [ -56.52056, -33.36972 ], [ -56.52107, -33.37044 ], [ -56.52078, -33.37117 ], [ -56.51957, -33.37168 ], [ -56.51908, -33.37149 ], [ -56.51804, -33.37295 ], [ -56.51774, -33.37369 ], [ -56.51841, -33.3747 ], [ -56.51896, -33.37506 ], [ -56.51978, -33.3749 ], [ -56.52025, -33.37575 ], [ -56.52017, -33.37604 ], [ -56.51928, -33.37646 ], [ -56.51866, -33.37644 ], [ -56.51908, -33.37621 ], [ -56.51862, -33.37544 ], [ -56.51768, -33.37605 ], [ -56.51747, -33.37556 ], [ -56.51638, -33.37602 ], [ -56.51618, -33.37581 ], [ -56.51576, -33.37633 ], [ -56.51593, -33.37664 ], [ -56.51557, -33.37689 ], [ -56.51591, -33.3779 ], [ -56.51538, -33.3781 ], [ -56.51595, -33.37902 ], [ -56.51499, -33.37946 ], [ -56.51486, -33.37963 ], [ -56.51494, -33.38046 ], [ -56.51541, -33.38019 ], [ -56.51572, -33.38072 ], [ -56.51602, -33.38072 ], [ -56.51591, -33.38097 ], [ -56.51704, -33.38271 ], [ -56.51672, -33.38243 ], [ -56.51585, -33.38285 ], [ -56.51638, -33.38369 ], [ -56.51682, -33.38353 ], [ -56.51726, -33.38438 ], [ -56.51692, -33.38451 ], [ -56.51712, -33.38485 ], [ -56.51687, -33.38454 ], [ -56.51455, -33.38343 ], [ -56.51401, -33.38367 ], [ -56.51419, -33.38398 ], [ -56.51393, -33.38407 ], [ -56.51425, -33.38463 ], [ -56.51394, -33.38479 ], [ -56.51191, -33.38143 ], [ -56.51159, -33.38156 ], [ -56.51104, -33.38076 ], [ -56.50982, -33.38128 ], [ -56.51086, -33.38298 ], [ -56.51117, -33.38287 ], [ -56.51147, -33.38337 ], [ -56.51128, -33.38372 ], [ -56.50985, -33.38436 ], [ -56.5104, -33.38515 ], [ -56.51183, -33.38483 ], [ -56.51245, -33.38515 ], [ -56.51209, -33.38547 ], [ -56.5131, -33.38706 ], [ -56.51249, -33.38752 ], [ -56.51295, -33.38823 ], [ -56.51238, -33.38932 ], [ -56.51291, -33.39062 ], [ -56.51318, -33.39076 ], [ -56.51322, -33.39149 ], [ -56.51249, -33.39374 ], [ -56.50982, -33.39727 ], [ -56.50942, -33.39699 ], [ -56.50943, -33.39505 ], [ -56.51029, -33.39438 ], [ -56.50939, -33.39296 ], [ -56.51037, -33.39275 ], [ -56.51127, -33.3915 ], [ -56.5105, -33.391 ], [ -56.51083, -33.39064 ], [ -56.50989, -33.38981 ], [ -56.50831, -33.38888 ], [ -56.50537, -33.39184 ], [ -56.50465, -33.3921 ], [ -56.50404, -33.39389 ], [ -56.50343, -33.39377 ], [ -56.50332, -33.39128 ], [ -56.50167, -33.39069 ], [ -56.50147, -33.39042 ], [ -56.50268, -33.38817 ], [ -56.50276, -33.38774 ], [ -56.50353, -33.38743 ], [ -56.50423, -33.3864 ], [ -56.50423, -33.38578 ], [ -56.50598, -33.38511 ], [ -56.50629, -33.38452 ], [ -56.50544, -33.38258 ], [ -56.50397, -33.38308 ], [ -56.50297, -33.38084 ], [ -56.50171, -33.38065 ], [ -56.49991, -33.38118 ], [ -56.4986, -33.38069 ], [ -56.49735, -33.3809 ], [ -56.49513, -33.38193 ], [ -56.4946, -33.38244 ], [ -56.49456, -33.3833 ], [ -56.48607, -33.38311 ], [ -56.48694, -33.3816 ], [ -56.48804, -33.38049 ], [ -56.48875, -33.37913 ], [ -56.48987, -33.37842 ], [ -56.49065, -33.37772 ], [ -56.49177, -33.37736 ], [ -56.49217, -33.37682 ], [ -56.49367, -33.37735 ], [ -56.49568, -33.37739 ], [ -56.49766, -33.37698 ], [ -56.49944, -33.37703 ], [ -56.50036, -33.37782 ], [ -56.50232, -33.37866 ], [ -56.50287, -33.37855 ], [ -56.50431, -33.37886 ], [ -56.50543, -33.37889 ], [ -56.51113, -33.37665 ], [ -56.51179, -33.37405 ], [ -56.51242, -33.37272 ], [ -56.51328, -33.37155 ], [ -56.51327, -33.3699 ], [ -56.51258, -33.36761 ], [ -56.51309, -33.36621 ], [ -56.51406, -33.3646 ], [ -56.5139, -33.36161 ], [ -56.51419, -33.36158 ], [ -56.51417, -33.36122 ], [ -56.51581, -33.36119 ], [ -56.5157, -33.36057 ], [ -56.51602, -33.36035 ], [ -56.5159, -33.35931 ], [ -56.51977, -33.35912 ], [ -56.51979, -33.35795 ], [ -56.52063, -33.35797 ], [ -56.52063, -33.35683 ], [ -56.522, -33.35686 ], [ -56.52284, -33.35727 ], [ -56.52342, -33.35738 ], [ -56.52437, -33.35711 ], [ -56.52789, -33.35324 ], [ -56.52809, -33.35322 ], [ -56.52864, -33.3534 ], [ -56.52891, -33.35452 ], [ -56.52905, -33.35469 ], [ -56.53035, -33.35504 ], [ -56.53094, -33.35479 ], [ -56.5315, -33.3565 ], [ -56.53101, -33.35669 ], [ -56.53013, -33.35743 ], [ -56.52961, -33.35757 ], [ -56.52917, -33.35799 ], [ -56.5288, -33.35891 ], [ -56.52915, -33.35926 ], [ -56.5293, -33.35977 ], [ -56.52898, -33.3613 ], [ -56.52911, -33.36157 ], [ -56.5297, -33.36185 ], [ -56.53108, -33.36189 ], [ -56.53267, -33.36239 ], [ -56.53543, -33.36253 ], [ -56.5398, -33.36298 ], [ -56.54087, -33.36283 ], [ -56.54145, -33.36248 ], [ -56.54169, -33.36215 ], [ -56.54333, -33.36321 ], [ -56.54365, -33.36368 ], [ -56.54367, -33.36605 ], [ -56.54409, -33.36666 ], [ -56.54494, -33.36927 ], [ -56.54498, -33.36976 ], [ -56.54454, -33.3713 ], [ -56.54466, -33.37246 ], [ -56.54452, -33.37293 ], [ -56.54331, -33.37395 ], [ -56.54273, -33.3748 ], [ -56.54244, -33.37503 ], [ -56.54181, -33.37611 ], [ -56.54169, -33.37654 ], [ -56.54083, -33.3772 ], [ -56.54081, -33.37774 ], [ -56.5412, -33.37856 ], [ -56.54118, -33.37961 ], [ -56.54145, -33.38036 ], [ -56.54232, -33.38008 ], [ -56.54304, -33.38016 ], [ -56.54358, -33.38066 ], [ -56.5439, -33.38132 ], [ -56.54394, -33.38192 ], [ -56.5437, -33.38271 ], [ -56.54372, -33.38359 ], [ -56.54198, -33.38573 ], [ -56.54031, -33.38701 ] ] ], [ [ [ -56.53578, -33.39084 ], [ -56.53512, -33.39157 ], [ -56.53486, -33.39102 ], [ -56.53505, -33.39077 ], [ -56.535, -33.39044 ], [ -56.53547, -33.39 ], [ -56.53485, -33.38921 ], [ -56.53748, -33.39036 ], [ -56.53578, -33.39084 ] ] ], [ [ [ -56.53487, -33.389 ], [ -56.53483, -33.38864 ], [ -56.53908, -33.38932 ], [ -56.5378, -33.39027 ], [ -56.53487, -33.389 ] ] ] ] } },
{ "type": "Feature", "properties": { "nombre": "MA-PDA_CRI_ago2017_AoPanAzucar", "curso": "Arroyo Pan de Azucar", "fecha_evento": "2017-08-25", "cota_local": null, "cota_oficial": null, "fuentes": "Dirección Nacional de Aguas (DINAGUA) - Inundaciones y Drenaje Urbano" }, "geometry": { "type": "Polygon", "coordinates": [ [ [ -55.23119, -34.76102 ], [ -55.23762, -34.76332 ], [ -55.23803, -34.76415 ], [ -55.23744, -34.76474 ], [ -55.23742, -34.76608 ], [ -55.23795, -34.76713 ], [ -55.2389, -34.76826 ], [ -55.23696, -34.76869 ], [ -55.23706, -34.7684 ], [ -55.23788, -34.76789 ], [ -55.23765, -34.76751 ], [ -55.2372, -34.76756 ], [ -55.23661, -34.76651 ], [ -55.23564, -34.76574 ], [ -55.23524, -34.76558 ], [ -55.23441, -34.76552 ], [ -55.23527, -34.76547 ], [ -55.23682, -34.76513 ], [ -55.23312, -34.76542 ], [ -55.23286, -34.76527 ], [ -55.2325, -34.76541 ], [ -55.23176, -34.76521 ], [ -55.23065, -34.76471 ], [ -55.2301, -34.76463 ], [ -55.22934, -34.76487 ], [ -55.22897, -34.76484 ], [ -55.22886, -34.76471 ], [ -55.22857, -34.76491 ], [ -55.22825, -34.76479 ], [ -55.22812, -34.76434 ], [ -55.22754, -34.76433 ], [ -55.22763, -34.76419 ], [ -55.22832, -34.76407 ], [ -55.22824, -34.76395 ], [ -55.22763, -34.76403 ], [ -55.22795, -34.76389 ], [ -55.22801, -34.76367 ], [ -55.22788, -34.76348 ], [ -55.22754, -34.7634 ], [ -55.22777, -34.76329 ], [ -55.2278, -34.76302 ], [ -55.22802, -34.76298 ], [ -55.22806, -34.76276 ], [ -55.23119, -34.76102 ] ] ] } },
{ "type": "Feature", "properties": { "nombre": "RN-FBS_CRI-2017_Ao.La-Esmeralda", "curso": "Arroyo La Esmeralda", "fecha_evento": "2017-09-01", "cota_local": null, "cota_oficial": 12.2, "fuentes": "CSI Ingenieros" }, "geometry": { "type": "MultiPolygon", "coordinates": [ [ [ [ -58.28458, -33.13316 ], [ -58.28457, -33.13374 ], [ -58.28476, -33.13377 ], [ -58.28472, -33.13396 ], [ -58.2849, -33.13409 ], [ -58.28455, -33.13409 ], [ -58.2845, -33.13451 ], [ -58.28439, -33.13378 ], [ -58.2845, -33.13375 ], [ -58.28458, -33.13316 ] ] ], [ [ [ -58.28656, -33.13881 ], [ -58.28627, -33.13881 ], [ -58.28558, -33.13818 ], [ -58.28554, -33.13798 ], [ -58.28508, -33.13782 ], [ -58.2845, -33.1372 ], [ -58.28449, -33.13703 ], [ -58.28478, -33.13693 ], [ -58.28432, -33.13573 ], [ -58.2845, -33.1347 ], [ -58.2846, -33.1347 ], [ -58.28462, -33.13552 ], [ -58.28479, -33.13595 ], [ -58.28479, -33.13691 ], [ -58.28486, -33.13697 ], [ -58.28493, -33.1369 ], [ -58.28498, -33.13718 ], [ -58.28552, -33.13751 ], [ -58.28554, -33.13775 ], [ -58.28584, -33.13789 ], [ -58.28656, -33.13881 ] ] ] ] } },
{ "type": "Feature", "properties": { "nombre": "MO-MVD_cri-ene-2022-Ao.Mendoza", "curso": "Arroyo Mendoza", "fecha_evento": "2022-01-17", "cota_local": null, "cota_oficial": null, "fuentes": "Dirección Nacional de Aguas (DINAGUA) - Inundaciones y Drenaje Urbano" }, "geometry": { "type": "MultiPolygon", "coordinates": [ [ [ [ -56.1738, -34.79838 ], [ -56.17429, -34.79976 ], [ -56.17369, -34.79959 ], [ -56.17363, -34.79942 ], [ -56.17323, -34.7995 ], [ -56.17271, -34.80001 ], [ -56.17277, -34.80034 ], [ -56.1724, -34.80033 ], [ -56.17243, -34.80075 ], [ -56.17224, -34.80108 ], [ -56.17135, -34.80127 ], [ -56.17087, -34.80092 ], [ -56.17011, -34.79927 ], [ -56.16955, -34.80003 ], [ -56.16909, -34.79986 ], [ -56.16905, -34.7997 ], [ -56.16863, -34.79949 ], [ -56.16784, -34.79981 ], [ -56.16702, -34.79973 ], [ -56.16691, -34.79984 ], [ -56.166, -34.79984 ], [ -56.16556, -34.79956 ], [ -56.16523, -34.79957 ], [ -56.16494, -34.7992 ], [ -56.16481, -34.79936 ], [ -56.16479, -34.79964 ], [ -56.16469, -34.79984 ], [ -56.16478, -34.79957 ], [ -56.16455, -34.79946 ], [ -56.16477, -34.79915 ], [ -56.16455, -34.79907 ], [ -56.16465, -34.79888 ], [ -56.16446, -34.79887 ], [ -56.16464, -34.79881 ], [ -56.1643, -34.79864 ], [ -56.16458, -34.79827 ], [ -56.16488, -34.79856 ], [ -56.1652, -34.7986 ], [ -56.16559, -34.79887 ], [ -56.16571, -34.79883 ], [ -56.1659, -34.79894 ], [ -56.16577, -34.799 ], [ -56.16597, -34.79906 ], [ -56.16603, -34.79897 ], [ -56.16697, -34.79891 ], [ -56.16732, -34.79873 ], [ -56.16726, -34.79862 ], [ -56.16675, -34.79863 ], [ -56.16674, -34.79849 ], [ -56.1671, -34.79831 ], [ -56.16749, -34.79828 ], [ -56.16769, -34.79831 ], [ -56.16762, -34.79842 ], [ -56.16787, -34.7984 ], [ -56.1682, -34.79873 ], [ -56.16881, -34.79892 ], [ -56.16902, -34.79884 ], [ -56.16914, -34.79856 ], [ -56.16956, -34.79893 ], [ -56.16969, -34.79878 ], [ -56.1699, -34.79886 ], [ -56.16996, -34.79871 ], [ -56.17027, -34.79899 ], [ -56.17071, -34.79975 ], [ -56.17139, -34.80003 ], [ -56.17186, -34.79989 ], [ -56.17202, -34.79968 ], [ -56.17204, -34.79923 ], [ -56.17249, -34.79876 ], [ -56.17353, -34.79835 ], [ -56.1738, -34.79838 ] ] ], [ [ [ -56.16427, -34.79995 ], [ -56.16497, -34.7998 ], [ -56.16518, -34.80009 ], [ -56.16665, -34.80034 ], [ -56.16663, -34.80036 ], [ -56.16427, -34.79995 ] ] ] ] } },
{ "type": "Feature", "properties": { "nombre": "MO-MVD_cri-ene-2022-Ao.Miguelete", "curso": "Arroyo Miguelete", "fecha_evento": "2022-01-17", "cota_local": null, "cota_oficial": null, "fuentes": "Dirección Nacional de Aguas (DINAGUA) - Inundaciones y Drenaje Urbano" }, "geometry": { "type": "MultiPolygon", "coordinates": [ [ [ [ -56.21271, -34.86169 ], [ -56.21226, -34.86192 ], [ -56.21195, -34.86173 ], [ -56.21053, -34.86038 ], [ -56.21012, -34.85976 ], [ -56.20977, -34.85956 ], [ -56.20759, -34.85916 ], [ -56.20679, -34.85884 ], [ -56.20635, -34.85856 ], [ -56.20623, -34.85824 ], [ -56.20582, -34.85811 ], [ -56.2047, -34.85808 ], [ -56.20375, -34.85822 ], [ -56.20298, -34.85878 ], [ -56.20235, -34.85951 ], [ -56.20217, -34.85953 ], [ -56.20285, -34.85887 ], [ -56.20239, -34.8588 ], [ -56.2022, -34.85888 ], [ -56.20241, -34.85872 ], [ -56.20289, -34.85877 ], [ -56.20347, -34.85817 ], [ -56.20272, -34.85802 ], [ -56.20222, -34.85761 ], [ -56.20212, -34.85729 ], [ -56.20219, -34.85701 ], [ -56.20238, -34.85685 ], [ -56.20228, -34.85682 ], [ -56.20247, -34.85626 ], [ -56.20231, -34.85571 ], [ -56.20183, -34.8552 ], [ -56.20085, -34.85485 ], [ -56.20037, -34.85454 ], [ -56.1995, -34.8526 ], [ -56.1996, -34.85253 ], [ -56.1997, -34.85269 ], [ -56.20049, -34.85437 ], [ -56.20093, -34.85468 ], [ -56.20185, -34.85496 ], [ -56.20245, -34.85548 ], [ -56.20282, -34.85639 ], [ -56.20275, -34.8568 ], [ -56.20257, -34.85694 ], [ -56.20267, -34.85697 ], [ -56.20264, -34.85726 ], [ -56.20313, -34.85774 ], [ -56.20362, -34.85789 ], [ -56.20479, -34.85784 ], [ -56.20533, -34.85779 ], [ -56.20523, -34.85768 ], [ -56.20556, -34.85762 ], [ -56.20594, -34.85772 ], [ -56.20728, -34.85849 ], [ -56.20757, -34.85845 ], [ -56.20789, -34.85865 ], [ -56.20983, -34.85894 ], [ -56.21031, -34.85912 ], [ -56.21147, -34.8602 ], [ -56.21169, -34.86061 ], [ -56.21187, -34.8606 ], [ -56.21242, -34.86097 ], [ -56.21274, -34.86143 ], [ -56.21271, -34.86169 ] ] ], [ [ [ -56.18667, -34.84531 ], [ -56.18624, -34.84549 ], [ -56.18589, -34.84506 ], [ -56.18582, -34.84446 ], [ -56.18562, -34.84436 ], [ -56.18587, -34.84436 ], [ -56.18599, -34.8436 ], [ -56.18588, -34.84331 ], [ -56.18554, -34.84333 ], [ -56.18591, -34.84324 ], [ -56.1855, -34.84235 ], [ -56.18481, -34.84154 ], [ -56.18344, -34.84055 ], [ -56.18305, -34.8404 ], [ -56.18262, -34.84054 ], [ -56.18181, -34.84112 ], [ -56.18086, -34.84149 ], [ -56.1818, -34.84109 ], [ -56.18225, -34.84064 ], [ -56.1828, -34.84033 ], [ -56.18241, -34.83963 ], [ -56.18285, -34.8388 ], [ -56.18313, -34.83872 ], [ -56.18275, -34.83838 ], [ -56.18167, -34.83839 ], [ -56.18137, -34.83814 ], [ -56.18128, -34.83759 ], [ -56.18122, -34.83778 ], [ -56.18093, -34.8378 ], [ -56.18085, -34.83733 ], [ -56.18128, -34.83729 ], [ -56.18126, -34.83705 ], [ -56.18145, -34.83705 ], [ -56.18155, -34.83778 ], [ -56.18184, -34.83817 ], [ -56.18256, -34.838 ], [ -56.18299, -34.83813 ], [ -56.18341, -34.83849 ], [ -56.18345, -34.83881 ], [ -56.18297, -34.83965 ], [ -56.18301, -34.83991 ], [ -56.185, -34.84132 ], [ -56.18614, -34.84273 ], [ -56.18641, -34.84358 ], [ -56.18628, -34.8445 ], [ -56.18667, -34.84531 ] ] ] ] } },
{ "type": "Feature", "properties": { "nombre": "TT-TYT_CRI-abr2016_Ro.Olimar", "curso": "Río Olimar y Arroyo Yerbal", "fecha_evento": "2016-04-01", "cota_local": 9.1, "cota_oficial": 33.9, "fuentes": "Intendencia Departamental de Treita y Tres, Dirección Nacional de Aguas (DINAGUA) - Inundaciones y Drenaje Urbano" }, "geometry": { "type": "MultiPolygon", "coordinates": [ [ [ [ -54.41975, -33.2555 ], [ -54.4188, -33.25551 ], [ -54.41835, -33.25527 ], [ -54.41847, -33.25501 ], [ -54.41931, -33.2543 ], [ -54.41969, -33.25379 ], [ -54.41985, -33.25296 ], [ -54.41951, -33.25227 ], [ -54.41792, -33.25069 ], [ -54.41681, -33.24882 ], [ -54.417, -33.24175 ], [ -54.41746, -33.24178 ], [ -54.41881, -33.2411 ], [ -54.4193, -33.24108 ], [ -54.41964, -33.24093 ], [ -54.42008, -33.24048 ], [ -54.42055, -33.23963 ], [ -54.42027, -33.23871 ], [ -54.42054, -33.2383 ], [ -54.42085, -33.23808 ], [ -54.42232, -33.2381 ], [ -54.42283, -33.23788 ], [ -54.42431, -33.23579 ], [ -54.42472, -33.23544 ], [ -54.42577, -33.23534 ], [ -54.42694, -33.23589 ], [ -54.42814, -33.23586 ], [ -54.42856, -33.23551 ], [ -54.42903, -33.23594 ], [ -54.42915, -33.23641 ], [ -54.43003, -33.23756 ], [ -54.43111, -33.23837 ], [ -54.4314, -33.23916 ], [ -54.43302, -33.23986 ], [ -54.41975, -33.2555 ] ] ], [ [ [ -54.40478, -33.24957 ], [ -54.4005, -33.24499 ], [ -54.39891, -33.24588 ], [ -54.39862, -33.24622 ], [ -54.39801, -33.24699 ], [ -54.39696, -33.24933 ], [ -54.39652, -33.24973 ], [ -54.395, -33.2507 ], [ -54.39306, -33.25131 ], [ -54.39263, -33.25165 ], [ -54.39238, -33.25201 ], [ -54.39224, -33.25252 ], [ -54.39225, -33.25313 ], [ -54.39355, -33.25432 ], [ -54.39383, -33.25468 ], [ -54.39383, -33.25502 ], [ -54.3926, -33.25694 ], [ -54.39222, -33.2573 ], [ -54.39048, -33.2582 ], [ -54.38966, -33.25937 ], [ -54.38912, -33.2595 ], [ -54.38875, -33.25942 ], [ -54.38792, -33.25892 ], [ -54.38701, -33.25758 ], [ -54.38677, -33.2569 ], [ -54.38645, -33.2566 ], [ -54.38639, -33.2559 ], [ -54.38607, -33.25586 ], [ -54.38418, -33.25626 ], [ -54.38343, -33.2565 ], [ -54.38258, -33.25696 ], [ -54.3824, -33.25735 ], [ -54.38249, -33.25838 ], [ -54.38229, -33.25874 ], [ -54.38185, -33.25923 ], [ -54.38136, -33.25945 ], [ -54.38083, -33.25947 ], [ -54.38029, -33.25922 ], [ -54.38017, -33.25896 ], [ -54.38029, -33.2584 ], [ -54.37414, -33.24809 ], [ -54.37282, -33.24746 ], [ -54.37207, -33.24737 ], [ -54.37144, -33.24711 ], [ -54.37128, -33.24677 ], [ -54.37124, -33.24625 ], [ -54.37162, -33.24566 ], [ -54.37211, -33.24532 ], [ -54.37367, -33.24487 ], [ -54.37451, -33.24404 ], [ -54.37452, -33.2434 ], [ -54.37407, -33.2418 ], [ -54.37275, -33.24017 ], [ -54.37202, -33.23976 ], [ -54.37114, -33.23891 ], [ -54.37119, -33.23867 ], [ -54.37144, -33.23849 ], [ -54.37184, -33.2385 ], [ -54.37148, -33.23829 ], [ -54.37154, -33.23799 ], [ -54.37189, -33.23802 ], [ -54.37379, -33.23885 ], [ -54.37596, -33.2403 ], [ -54.37631, -33.24095 ], [ -54.37622, -33.24225 ], [ -54.37638, -33.2433 ], [ -54.37566, -33.24498 ], [ -54.37552, -33.24523 ], [ -54.3752, -33.24538 ], [ -54.37426, -33.24479 ], [ -54.37412, -33.24485 ], [ -54.37482, -33.24549 ], [ -54.37519, -33.24639 ], [ -54.37614, -33.24653 ], [ -54.37677, -33.24711 ], [ -54.37962, -33.24896 ], [ -54.37959, -33.2492 ], [ -54.3788, -33.25058 ], [ -54.37828, -33.25105 ], [ -54.37793, -33.25163 ], [ -54.37792, -33.25195 ], [ -54.37867, -33.25225 ], [ -54.37934, -33.25159 ], [ -54.38014, -33.2511 ], [ -54.38071, -33.25023 ], [ -54.38082, -33.24963 ], [ -54.3817, -33.24894 ], [ -54.38146, -33.24779 ], [ -54.38165, -33.24692 ], [ -54.38245, -33.24651 ], [ -54.38299, -33.24657 ], [ -54.38402, -33.24579 ], [ -54.38516, -33.24525 ], [ -54.38606, -33.24457 ], [ -54.38663, -33.24405 ], [ -54.38763, -33.24275 ], [ -54.38808, -33.24142 ], [ -54.38868, -33.24097 ], [ -54.38947, -33.24059 ], [ -54.39028, -33.24037 ], [ -54.39199, -33.24024 ], [ -54.39368, -33.24059 ], [ -54.39526, -33.24153 ], [ -54.39533, -33.24139 ], [ -54.39492, -33.24108 ], [ -54.39321, -33.24032 ], [ -54.39229, -33.24016 ], [ -54.39061, -33.24011 ], [ -54.39031, -33.23994 ], [ -54.38984, -33.24002 ], [ -54.38978, -33.23992 ], [ -54.3906, -33.23878 ], [ -54.39194, -33.2381 ], [ -54.3935, -33.23701 ], [ -54.39401, -33.23591 ], [ -54.39488, -33.23612 ], [ -54.39601, -33.237 ], [ -54.39651, -33.23704 ], [ -54.39714, -33.23687 ], [ -54.39821, -33.23693 ], [ -54.39878, -33.23672 ], [ -54.3999, -33.23669 ], [ -54.40058, -33.23649 ], [ -54.40123, -33.23655 ], [ -54.4023, -33.23624 ], [ -54.40279, -33.23561 ], [ -54.40297, -33.23505 ], [ -54.40356, -33.23537 ], [ -54.40477, -33.2352 ], [ -54.40627, -33.23398 ], [ -54.40638, -33.2332 ], [ -54.4061, -33.23252 ], [ -54.40623, -33.23209 ], [ -54.40612, -33.23181 ], [ -54.40655, -33.23127 ], [ -54.40681, -33.23048 ], [ -54.40682, -33.22985 ], [ -54.40649, -33.22925 ], [ -54.40599, -33.2291 ], [ -54.40571, -33.22919 ], [ -54.40404, -33.22916 ], [ -54.40284, -33.2296 ], [ -54.4024, -33.22944 ], [ -54.40211, -33.22914 ], [ -54.40171, -33.22913 ], [ -54.40096, -33.22871 ], [ -54.40063, -33.22877 ], [ -54.40023, -33.229 ], [ -54.39981, -33.22951 ], [ -54.3994, -33.2302 ], [ -54.39936, -33.23051 ], [ -54.39901, -33.23068 ], [ -54.39881, -33.23065 ], [ -54.39868, -33.23015 ], [ -54.39787, -33.22866 ], [ -54.39841, -33.22858 ], [ -54.39852, -33.22825 ], [ -54.39845, -33.22788 ], [ -54.39809, -33.2278 ], [ -54.39775, -33.22798 ], [ -54.39729, -33.22779 ], [ -54.3933, -33.22331 ], [ -54.39402, -33.2236 ], [ -54.3951, -33.2235 ], [ -54.39608, -33.22306 ], [ -54.3966, -33.22268 ], [ -54.39652, -33.22257 ], [ -54.39561, -33.22181 ], [ -54.39397, -33.22122 ], [ -54.39347, -33.22122 ], [ -54.39219, -33.22153 ], [ -54.39209, -33.22169 ], [ -54.3918, -33.22166 ], [ -54.38983, -33.21782 ], [ -54.38998, -33.21744 ], [ -54.39039, -33.21716 ], [ -54.39411, -33.21629 ], [ -54.3941, -33.21617 ], [ -54.39398, -33.2161 ], [ -54.39313, -33.21629 ], [ -54.39079, -33.21699 ], [ -54.39013, -33.21711 ], [ -54.38945, -33.21704 ], [ -54.38932, -33.21619 ], [ -54.38901, -33.21552 ], [ -54.38799, -33.21452 ], [ -54.38792, -33.21407 ], [ -54.38832, -33.21348 ], [ -54.38964, -33.21214 ], [ -54.38963, -33.21135 ], [ -54.38941, -33.21095 ], [ -54.38858, -33.21058 ], [ -54.38772, -33.21046 ], [ -54.38754, -33.21034 ], [ -54.3879, -33.20886 ], [ -54.38792, -33.20824 ], [ -54.38778, -33.20797 ], [ -54.38675, -33.2076 ], [ -54.38467, -33.20734 ], [ -54.38453, -33.2072 ], [ -54.38387, -33.20495 ], [ -54.38529, -33.2049 ], [ -54.38602, -33.2047 ], [ -54.38662, -33.20432 ], [ -54.38745, -33.20402 ], [ -54.38789, -33.20365 ], [ -54.38835, -33.20346 ], [ -54.38981, -33.20208 ], [ -54.39003, -33.20123 ], [ -54.38997, -33.20087 ], [ -54.38938, -33.20022 ], [ -54.38927, -33.19935 ], [ -54.38974, -33.1984 ], [ -54.39032, -33.19824 ], [ -54.39012, -33.19787 ], [ -54.38957, -33.19736 ], [ -54.39108, -33.19657 ], [ -54.39163, -33.19675 ], [ -54.39202, -33.19721 ], [ -54.3929, -33.19774 ], [ -54.39314, -33.19761 ], [ -54.39329, -33.19693 ], [ -54.39353, -33.19655 ], [ -54.39386, -33.19633 ], [ -54.39459, -33.19632 ], [ -54.3953, -33.19655 ], [ -54.39576, -33.19689 ], [ -54.39618, -33.19879 ], [ -54.39642, -33.19927 ], [ -54.39739, -33.20015 ], [ -54.39776, -33.20029 ], [ -54.39839, -33.20114 ], [ -54.39891, -33.20236 ], [ -54.39914, -33.20331 ], [ -54.39892, -33.20479 ], [ -54.39859, -33.20517 ], [ -54.39788, -33.20501 ], [ -54.39689, -33.20416 ], [ -54.39553, -33.20403 ], [ -54.3951, -33.20418 ], [ -54.3948, -33.20454 ], [ -54.39415, -33.20497 ], [ -54.39396, -33.20534 ], [ -54.39403, -33.20591 ], [ -54.39432, -33.20652 ], [ -54.39568, -33.20865 ], [ -54.39588, -33.20918 ], [ -54.39552, -33.20996 ], [ -54.39573, -33.21023 ], [ -54.39613, -33.21033 ], [ -54.39645, -33.21073 ], [ -54.39651, -33.21144 ], [ -54.39613, -33.21159 ], [ -54.39559, -33.21203 ], [ -54.39569, -33.2123 ], [ -54.39622, -33.21267 ], [ -54.39622, -33.21297 ], [ -54.39595, -33.21307 ], [ -54.39485, -33.21304 ], [ -54.39444, -33.21362 ], [ -54.39432, -33.21424 ], [ -54.39468, -33.21463 ], [ -54.39533, -33.2146 ], [ -54.39552, -33.21483 ], [ -54.39479, -33.21619 ], [ -54.39483, -33.2165 ], [ -54.39578, -33.21648 ], [ -54.39585, -33.21694 ], [ -54.39509, -33.21803 ], [ -54.39481, -33.21897 ], [ -54.39406, -33.21889 ], [ -54.39401, -33.21958 ], [ -54.39339, -33.21991 ], [ -54.39337, -33.22012 ], [ -54.39372, -33.2204 ], [ -54.39493, -33.22059 ], [ -54.39719, -33.22124 ], [ -54.39778, -33.22097 ], [ -54.39927, -33.21976 ], [ -54.39994, -33.21943 ], [ -54.40037, -33.2196 ], [ -54.40054, -33.22043 ], [ -54.40132, -33.22042 ], [ -54.40163, -33.22053 ], [ -54.40188, -33.22075 ], [ -54.40212, -33.22152 ], [ -54.40289, -33.22183 ], [ -54.40307, -33.22207 ], [ -54.40285, -33.22275 ], [ -54.40302, -33.22304 ], [ -54.4033, -33.22326 ], [ -54.40425, -33.22339 ], [ -54.40438, -33.2235 ], [ -54.40439, -33.22452 ], [ -54.40798, -33.22865 ], [ -54.40823, -33.22934 ], [ -54.40838, -33.23052 ], [ -54.40816, -33.23116 ], [ -54.40821, -33.23142 ], [ -54.40882, -33.232 ], [ -54.40876, -33.23224 ], [ -54.40786, -33.23281 ], [ -54.40784, -33.23316 ], [ -54.40914, -33.23461 ], [ -54.40916, -33.235 ], [ -54.40801, -33.23609 ], [ -54.40801, -33.23704 ], [ -54.40761, -33.2373 ], [ -54.40704, -33.23803 ], [ -54.40759, -33.2387 ], [ -54.40791, -33.23877 ], [ -54.40812, -33.23871 ], [ -54.40826, -33.23844 ], [ -54.40872, -33.23814 ], [ -54.40912, -33.23809 ], [ -54.40965, -33.23838 ], [ -54.40979, -33.23868 ], [ -54.40967, -33.23926 ], [ -54.40924, -33.2395 ], [ -54.40918, -33.23982 ], [ -54.40967, -33.2409 ], [ -54.40986, -33.24104 ], [ -54.41023, -33.24112 ], [ -54.41173, -33.24058 ], [ -54.41305, -33.24808 ], [ -54.41261, -33.2486 ], [ -54.41225, -33.24947 ], [ -54.41201, -33.25082 ], [ -54.41214, -33.25118 ], [ -54.41202, -33.25151 ], [ -54.41167, -33.25155 ], [ -54.4113, -33.25108 ], [ -54.41066, -33.25079 ], [ -54.41005, -33.25009 ], [ -54.40885, -33.24708 ], [ -54.40832, -33.24648 ], [ -54.40751, -33.24618 ], [ -54.40637, -33.24669 ], [ -54.40601, -33.24726 ], [ -54.40614, -33.24809 ], [ -54.40605, -33.24826 ], [ -54.40386, -33.24481 ], [ -54.40374, -33.24482 ], [ -54.40367, -33.24489 ], [ -54.40596, -33.24852 ], [ -54.40592, -33.24874 ], [ -54.40543, -33.24927 ], [ -54.40478, -33.24957 ] ] ], [ [ [ -54.39261, -33.22305 ], [ -54.39635, -33.22729 ], [ -54.39604, -33.2273 ], [ -54.39507, -33.22683 ], [ -54.39344, -33.22694 ], [ -54.39305, -33.22708 ], [ -54.39232, -33.22652 ], [ -54.39148, -33.22649 ], [ -54.3909, -33.22628 ], [ -54.38935, -33.22625 ], [ -54.38912, -33.22612 ], [ -54.38909, -33.22594 ], [ -54.38942, -33.22582 ], [ -54.38991, -33.22586 ], [ -54.39006, -33.2254 ], [ -54.38949, -33.22504 ], [ -54.38963, -33.22481 ], [ -54.39125, -33.22395 ], [ -54.39261, -33.22305 ] ] ], [ [ [ -54.37067, -33.20938 ], [ -54.37082, -33.20901 ], [ -54.37244, -33.208 ], [ -54.37283, -33.20757 ], [ -54.37409, -33.20705 ], [ -54.37436, -33.20672 ], [ -54.37491, -33.20667 ], [ -54.37541, -33.20644 ], [ -54.37544, -33.2059 ], [ -54.37581, -33.20545 ], [ -54.37658, -33.20522 ], [ -54.37815, -33.20511 ], [ -54.37846, -33.20483 ], [ -54.3788, -33.20418 ], [ -54.38048, -33.20477 ], [ -54.38165, -33.20475 ], [ -54.38196, -33.20465 ], [ -54.38229, -33.20411 ], [ -54.38255, -33.20402 ], [ -54.38329, -33.20419 ], [ -54.38435, -33.2075 ], [ -54.38346, -33.20787 ], [ -54.38289, -33.2083 ], [ -54.38231, -33.20848 ], [ -54.38186, -33.20881 ], [ -54.3811, -33.20837 ], [ -54.38082, -33.20843 ], [ -54.38032, -33.20955 ], [ -54.38025, -33.21004 ], [ -54.38023, -33.21076 ], [ -54.38044, -33.21169 ], [ -54.38028, -33.21167 ], [ -54.38002, -33.21115 ], [ -54.3793, -33.20924 ], [ -54.37898, -33.20891 ], [ -54.37843, -33.20869 ], [ -54.37733, -33.20883 ], [ -54.37672, -33.20908 ], [ -54.37583, -33.20971 ], [ -54.37399, -33.2095 ], [ -54.3734, -33.20952 ], [ -54.37291, -33.20958 ], [ -54.37225, -33.20993 ], [ -54.37177, -33.20978 ], [ -54.37156, -33.20959 ], [ -54.37124, -33.20968 ], [ -54.37067, -33.20938 ] ] ] ] } },
{ "type": "Feature", "properties": { "nombre": "SJ-ITZ_CRI-mar2024_Ro.Santa-Lucía", "curso": "Ao. La Virgen, Ro. Santa Lucía", "fecha_evento": "2024-03-21", "cota_local": 6.2, "cota_oficial": null, "fuentes": "Sistema Nacional de Emergencias (SINAE), Dirección Nacional de Aguas (DINAGUA) - Inundaciones y Drenaje Urbano" }, "geometry": { "type": "Polygon", "coordinates": [ [ [ -56.43408, -34.41688 ], [ -56.4316, -34.41623 ], [ -56.43084, -34.41648 ], [ -56.43002, -34.41704 ], [ -56.42901, -34.4171 ], [ -56.42853, -34.41672 ], [ -56.42845, -34.41591 ], [ -56.42829, -34.41555 ], [ -56.42738, -34.41471 ], [ -56.42631, -34.41426 ], [ -56.42509, -34.41414 ], [ -56.42468, -34.41436 ], [ -56.42451, -34.41476 ], [ -56.42567, -34.41605 ], [ -56.42628, -34.41698 ], [ -56.42655, -34.41709 ], [ -56.42651, -34.41717 ], [ -56.42573, -34.41702 ], [ -56.42658, -34.41725 ], [ -56.42654, -34.41734 ], [ -56.42599, -34.41725 ], [ -56.42651, -34.41745 ], [ -56.42626, -34.41806 ], [ -56.4263, -34.41827 ], [ -56.42604, -34.41827 ], [ -56.42488, -34.41736 ], [ -56.42406, -34.41716 ], [ -56.42221, -34.41746 ], [ -56.42229, -34.41755 ], [ -56.42206, -34.41759 ], [ -56.42171, -34.41808 ], [ -56.42074, -34.41792 ], [ -56.42019, -34.41811 ], [ -56.42006, -34.41857 ], [ -56.42045, -34.41977 ], [ -56.42044, -34.42049 ], [ -56.42056, -34.42031 ], [ -56.4212, -34.42216 ], [ -56.42143, -34.42226 ], [ -56.42123, -34.42234 ], [ -56.4208, -34.42331 ], [ -56.42079, -34.4236 ], [ -56.4206, -34.42365 ], [ -56.42077, -34.42372 ], [ -56.42067, -34.42374 ], [ -56.42071, -34.4248 ], [ -56.41973, -34.42552 ], [ -56.4198, -34.42502 ], [ -56.41931, -34.42389 ], [ -56.41924, -34.42335 ], [ -56.41883, -34.42251 ], [ -56.41748, -34.42055 ], [ -56.41713, -34.42053 ], [ -56.41639, -34.42095 ], [ -56.41595, -34.42105 ], [ -56.41565, -34.42078 ], [ -56.41561, -34.42012 ], [ -56.41506, -34.42014 ], [ -56.4143, -34.42 ], [ -56.41381, -34.42019 ], [ -56.41356, -34.42143 ], [ -56.41287, -34.42172 ], [ -56.41277, -34.42188 ], [ -56.4126, -34.42266 ], [ -56.41267, -34.42308 ], [ -56.41189, -34.42295 ], [ -56.41069, -34.42252 ], [ -56.41013, -34.42346 ], [ -56.40981, -34.4236 ], [ -56.40927, -34.42361 ], [ -56.40829, -34.42411 ], [ -56.40831, -34.42434 ], [ -56.40875, -34.42458 ], [ -56.41133, -34.42503 ], [ -56.4116, -34.42526 ], [ -56.40936, -34.42579 ], [ -56.40863, -34.42626 ], [ -56.40656, -34.42595 ], [ -56.4058, -34.42599 ], [ -56.40517, -34.4263 ], [ -56.40399, -34.42321 ], [ -56.40465, -34.42359 ], [ -56.40518, -34.42346 ], [ -56.40595, -34.42257 ], [ -56.40717, -34.42167 ], [ -56.40858, -34.42101 ], [ -56.40891, -34.42052 ], [ -56.40869, -34.41957 ], [ -56.40889, -34.41886 ], [ -56.40975, -34.41835 ], [ -56.41043, -34.41754 ], [ -56.4108, -34.41757 ], [ -56.41117, -34.41777 ], [ -56.41177, -34.41766 ], [ -56.41214, -34.41766 ], [ -56.41238, -34.41781 ], [ -56.41317, -34.4177 ], [ -56.4134, -34.41787 ], [ -56.41485, -34.41706 ], [ -56.41509, -34.41678 ], [ -56.41517, -34.4164 ], [ -56.41559, -34.41617 ], [ -56.41628, -34.41521 ], [ -56.41656, -34.41523 ], [ -56.4166, -34.41513 ], [ -56.41568, -34.4143 ], [ -56.41606, -34.41365 ], [ -56.41674, -34.4134 ], [ -56.41774, -34.41347 ], [ -56.4187, -34.41317 ], [ -56.41944, -34.41271 ], [ -56.42028, -34.41239 ], [ -56.42063, -34.41243 ], [ -56.42193, -34.41219 ], [ -56.42226, -34.41225 ], [ -56.42288, -34.41199 ], [ -56.42315, -34.41161 ], [ -56.42324, -34.41116 ], [ -56.42307, -34.41072 ], [ -56.42328, -34.40938 ], [ -56.42465, -34.40831 ], [ -56.42485, -34.4083 ], [ -56.42516, -34.40905 ], [ -56.42552, -34.40915 ], [ -56.42617, -34.40902 ], [ -56.42646, -34.40871 ], [ -56.42671, -34.40806 ], [ -56.42676, -34.40739 ], [ -56.42708, -34.40705 ], [ -56.43408, -34.41688 ] ] ] } },
{ "type": "Feature", "properties": { "nombre": "CO-NHA_CRI-mar2024_Ro.Rosario", "curso": "Río Rosario", "fecha_evento": "2024-03-17", "cota_local": null, "cota_oficial": null, "fuentes": "Municipio de Nueva Helvecia - Colonia Suiza, Sistema Nacional de Emergencias (SINAE), Dirección Nacional de Aguas (DINAGUA) - Inundaciones y Drenaje Urbano" }, "geometry": { "type": "Polygon", "coordinates": [ [ [ -57.24396, -34.27838 ], [ -57.2434, -34.27861 ], [ -57.24246, -34.27864 ], [ -57.24184, -34.27887 ], [ -57.24158, -34.27984 ], [ -57.24129, -34.28 ], [ -57.24092, -34.28059 ], [ -57.24062, -34.28079 ], [ -57.24042, -34.28154 ], [ -57.24035, -34.28135 ], [ -57.24042, -34.28117 ], [ -57.24025, -34.28138 ], [ -57.23984, -34.2815 ], [ -57.23976, -34.28139 ], [ -57.23948, -34.2814 ], [ -57.23911, -34.28109 ], [ -57.23924, -34.28119 ], [ -57.23936, -34.28108 ], [ -57.23947, -34.28044 ], [ -57.23927, -34.28028 ], [ -57.23948, -34.28008 ], [ -57.23921, -34.28018 ], [ -57.23933, -34.28011 ], [ -57.23849, -34.27896 ], [ -57.23834, -34.2784 ], [ -57.2384, -34.27806 ], [ -57.23825, -34.27795 ], [ -57.23834, -34.27777 ], [ -57.23802, -34.27709 ], [ -57.23761, -34.27671 ], [ -57.23773, -34.27671 ], [ -57.23709, -34.27645 ], [ -57.23693, -34.27654 ], [ -57.23694, -34.27638 ], [ -57.23572, -34.2759 ], [ -57.23554, -34.27597 ], [ -57.23543, -34.27588 ], [ -57.23531, -34.27598 ], [ -57.23434, -34.27572 ], [ -57.23459, -34.27586 ], [ -57.2345, -34.27595 ], [ -57.23432, -34.27578 ], [ -57.23371, -34.27562 ], [ -57.23328, -34.27556 ], [ -57.23302, -34.27568 ], [ -57.23324, -34.27553 ], [ -57.23315, -34.27553 ], [ -57.23284, -34.27566 ], [ -57.23302, -34.27554 ], [ -57.23212, -34.27543 ], [ -57.23184, -34.27523 ], [ -57.23163, -34.27525 ], [ -57.23162, -34.27517 ], [ -57.23188, -34.27511 ], [ -57.23139, -34.27511 ], [ -57.23147, -34.27505 ], [ -57.23093, -34.27442 ], [ -57.22941, -34.27333 ], [ -57.22885, -34.27318 ], [ -57.22781, -34.27324 ], [ -57.22656, -34.27384 ], [ -57.22544, -34.27485 ], [ -57.22622, -34.27426 ], [ -57.22618, -34.27434 ], [ -57.22569, -34.27467 ], [ -57.22545, -34.27493 ], [ -57.22561, -34.27512 ], [ -57.22535, -34.27498 ], [ -57.22518, -34.27524 ], [ -57.22528, -34.27505 ], [ -57.22517, -34.27516 ], [ -57.22515, -34.27525 ], [ -57.22521, -34.27532 ], [ -57.22533, -34.27521 ], [ -57.22527, -34.27537 ], [ -57.22547, -34.27543 ], [ -57.22522, -34.27587 ], [ -57.22533, -34.27606 ], [ -57.22489, -34.27587 ], [ -57.22481, -34.27596 ], [ -57.22527, -34.27641 ], [ -57.22433, -34.27709 ], [ -57.22513, -34.2766 ], [ -57.22503, -34.27672 ], [ -57.22533, -34.27708 ], [ -57.22526, -34.27737 ], [ -57.225, -34.27748 ], [ -57.22496, -34.27769 ], [ -57.22452, -34.2775 ], [ -57.22428, -34.27754 ], [ -57.22431, -34.27782 ], [ -57.22408, -34.27798 ], [ -57.22386, -34.27843 ], [ -57.22362, -34.27939 ], [ -57.22371, -34.27963 ], [ -57.22308, -34.2802 ], [ -57.22295, -34.28003 ], [ -57.22308, -34.28041 ], [ -57.22317, -34.28041 ], [ -57.22314, -34.28046 ], [ -57.22305, -34.2805 ], [ -57.22258, -34.27963 ], [ -57.22255, -34.27872 ], [ -57.22244, -34.27855 ], [ -57.22231, -34.2786 ], [ -57.22257, -34.27834 ], [ -57.22219, -34.27854 ], [ -57.22165, -34.2779 ], [ -57.22072, -34.27843 ], [ -57.22026, -34.27989 ], [ -57.22054, -34.27973 ], [ -57.22022, -34.27998 ], [ -57.22007, -34.28038 ], [ -57.22019, -34.28051 ], [ -57.21998, -34.28112 ], [ -57.22002, -34.28154 ], [ -57.21975, -34.2815 ], [ -57.21986, -34.28163 ], [ -57.21976, -34.2817 ], [ -57.21953, -34.2815 ], [ -57.21918, -34.28184 ], [ -57.21931, -34.28224 ], [ -57.21912, -34.28311 ], [ -57.21889, -34.28342 ], [ -57.21895, -34.28406 ], [ -57.21873, -34.28424 ], [ -57.21861, -34.28412 ], [ -57.21824, -34.28434 ], [ -57.2046, -34.27223 ], [ -57.2063, -34.2718 ], [ -57.20791, -34.2718 ], [ -57.20888, -34.27224 ], [ -57.20918, -34.27226 ], [ -57.21026, -34.27194 ], [ -57.21085, -34.27196 ], [ -57.21195, -34.27234 ], [ -57.21252, -34.27272 ], [ -57.21308, -34.27273 ], [ -57.21387, -34.2725 ], [ -57.21421, -34.27278 ], [ -57.21423, -34.27342 ], [ -57.21464, -34.27422 ], [ -57.2161, -34.2747 ], [ -57.21735, -34.2747 ], [ -57.21753, -34.27483 ], [ -57.21758, -34.27541 ], [ -57.21808, -34.27562 ], [ -57.21827, -34.27561 ], [ -57.21833, -34.27515 ], [ -57.21853, -34.27503 ], [ -57.21977, -34.2751 ], [ -57.2202, -34.27501 ], [ -57.22042, -34.27523 ], [ -57.22093, -34.27534 ], [ -57.22371, -34.2739 ], [ -57.22411, -34.27351 ], [ -57.22497, -34.27325 ], [ -57.22549, -34.27279 ], [ -57.22702, -34.27187 ], [ -57.22784, -34.27043 ], [ -57.22737, -34.26972 ], [ -57.22735, -34.26915 ], [ -57.2272, -34.26887 ], [ -57.22729, -34.26817 ], [ -57.22705, -34.26773 ], [ -57.22715, -34.26746 ], [ -57.22751, -34.26756 ], [ -57.22816, -34.26724 ], [ -57.22893, -34.26776 ], [ -57.22954, -34.26838 ], [ -57.22978, -34.26838 ], [ -57.23034, -34.26798 ], [ -57.23193, -34.26746 ], [ -57.23264, -34.26701 ], [ -57.23304, -34.26657 ], [ -57.23327, -34.26585 ], [ -57.23365, -34.26547 ], [ -57.23454, -34.26506 ], [ -57.23495, -34.26472 ], [ -57.23575, -34.2645 ], [ -57.23686, -34.26396 ], [ -57.23777, -34.26468 ], [ -57.23942, -34.2654 ], [ -57.2399, -34.26586 ], [ -57.24024, -34.2666 ], [ -57.24024, -34.26717 ], [ -57.23995, -34.26774 ], [ -57.24026, -34.26835 ], [ -57.24106, -34.2685 ], [ -57.2414, -34.26838 ], [ -57.2416, -34.26843 ], [ -57.24209, -34.26889 ], [ -57.24293, -34.26919 ], [ -57.24369, -34.26977 ], [ -57.24399, -34.26986 ], [ -57.24436, -34.26983 ], [ -57.2448, -34.26998 ], [ -57.2453, -34.26974 ], [ -57.24614, -34.26974 ], [ -57.24634, -34.2704 ], [ -57.24664, -34.27071 ], [ -57.24726, -34.27057 ], [ -57.24868, -34.27065 ], [ -57.24396, -34.27838 ] ] ] } },
{ "type": "Feature", "properties": { "nombre": "DU-SDY_CRI-mar2024_Ro.Yi", "curso": "Río Yí", "fecha_evento": "2024-03-22", "cota_local": 6.87, "cota_oficial": 123.7, "fuentes": "Fuerza Aérea Uruguaya - Servicio de Sensores Remotos Aeroespaciales, Dirección Nacional de Aguas (DINAGUA) - Inundaciones y Drenaje Urbano" }, "geometry": { "type": "Polygon", "coordinates": [ [ [ -55.63368, -33.35449 ], [ -55.63203, -33.35587 ], [ -55.63159, -33.3559 ], [ -55.63097, -33.35616 ], [ -55.62984, -33.35602 ], [ -55.62786, -33.35522 ], [ -55.62688, -33.35525 ], [ -55.6268, -33.35495 ], [ -55.6265, -33.3551 ], [ -55.62591, -33.35475 ], [ -55.62477, -33.3544 ], [ -55.62371, -33.35332 ], [ -55.62395, -33.35246 ], [ -55.62312, -33.35191 ], [ -55.62266, -33.35111 ], [ -55.62197, -33.35067 ], [ -55.62092, -33.35053 ], [ -55.61991, -33.35004 ], [ -55.62058, -33.34935 ], [ -55.62057, -33.34891 ], [ -55.62002, -33.34733 ], [ -55.61958, -33.34674 ], [ -55.61933, -33.34615 ], [ -55.61896, -33.34585 ], [ -55.61893, -33.3457 ], [ -55.61917, -33.34557 ], [ -55.61893, -33.345 ], [ -55.61865, -33.34478 ], [ -55.61853, -33.3444 ], [ -55.61748, -33.34308 ], [ -55.61728, -33.34242 ], [ -55.61779, -33.34211 ], [ -55.61782, -33.34155 ], [ -55.61731, -33.34122 ], [ -55.61702, -33.34067 ], [ -55.61659, -33.34045 ], [ -55.61603, -33.34033 ], [ -55.61573, -33.33988 ], [ -55.61473, -33.33979 ], [ -55.61404, -33.33939 ], [ -55.61366, -33.33895 ], [ -55.61358, -33.33861 ], [ -55.61995, -33.3392 ], [ -55.62008, -33.33952 ], [ -55.61993, -33.3394 ], [ -55.6198, -33.33965 ], [ -55.61911, -33.33976 ], [ -55.61834, -33.34007 ], [ -55.61809, -33.34087 ], [ -55.6185, -33.34156 ], [ -55.6183, -33.34162 ], [ -55.61825, -33.34179 ], [ -55.61818, -33.34273 ], [ -55.61861, -33.34296 ], [ -55.61913, -33.34291 ], [ -55.61937, -33.34335 ], [ -55.61898, -33.34392 ], [ -55.61856, -33.3441 ], [ -55.61972, -33.34392 ], [ -55.61977, -33.34406 ], [ -55.6194, -33.3444 ], [ -55.61956, -33.34437 ], [ -55.6196, -33.3445 ], [ -55.61977, -33.34455 ], [ -55.62037, -33.34445 ], [ -55.62102, -33.34423 ], [ -55.62108, -33.34407 ], [ -55.62131, -33.34412 ], [ -55.62132, -33.34403 ], [ -55.62151, -33.34404 ], [ -55.62149, -33.34412 ], [ -55.6219, -33.3443 ], [ -55.62207, -33.34417 ], [ -55.6229, -33.34431 ], [ -55.62309, -33.34423 ], [ -55.62314, -33.34435 ], [ -55.6241, -33.34426 ], [ -55.62372, -33.34452 ], [ -55.62372, -33.34482 ], [ -55.62432, -33.34446 ], [ -55.6244, -33.34444 ], [ -55.62422, -33.34454 ], [ -55.62428, -33.34462 ], [ -55.62392, -33.34474 ], [ -55.62396, -33.34489 ], [ -55.62414, -33.34478 ], [ -55.62388, -33.34505 ], [ -55.62325, -33.34527 ], [ -55.6229, -33.34559 ], [ -55.62259, -33.3456 ], [ -55.62211, -33.34616 ], [ -55.62215, -33.34639 ], [ -55.62202, -33.34632 ], [ -55.62191, -33.34664 ], [ -55.62204, -33.34656 ], [ -55.62198, -33.34678 ], [ -55.62239, -33.34717 ], [ -55.6221, -33.34755 ], [ -55.62213, -33.34821 ], [ -55.62223, -33.34847 ], [ -55.62259, -33.3488 ], [ -55.624, -33.34914 ], [ -55.62466, -33.34901 ], [ -55.62488, -33.34924 ], [ -55.62488, -33.3496 ], [ -55.62376, -33.35013 ], [ -55.62357, -33.35033 ], [ -55.6235, -33.35045 ], [ -55.62376, -33.35078 ], [ -55.6238, -33.35116 ], [ -55.62415, -33.35148 ], [ -55.62445, -33.35151 ], [ -55.62457, -33.35138 ], [ -55.62485, -33.35142 ], [ -55.62524, -33.35128 ], [ -55.62556, -33.35151 ], [ -55.62567, -33.35128 ], [ -55.62593, -33.35188 ], [ -55.62587, -33.35234 ], [ -55.6262, -33.3531 ], [ -55.62647, -33.3533 ], [ -55.62696, -33.35301 ], [ -55.62698, -33.35309 ], [ -55.62708, -33.35305 ], [ -55.62677, -33.35345 ], [ -55.62681, -33.35367 ], [ -55.62724, -33.35352 ], [ -55.62768, -33.35362 ], [ -55.62799, -33.35404 ], [ -55.62864, -33.35422 ], [ -55.62887, -33.35364 ], [ -55.62876, -33.35347 ], [ -55.62903, -33.35346 ], [ -55.62915, -33.35318 ], [ -55.62927, -33.35325 ], [ -55.62949, -33.35296 ], [ -55.62953, -33.35264 ], [ -55.62972, -33.35266 ], [ -55.62991, -33.35249 ], [ -55.63025, -33.35192 ], [ -55.63013, -33.35195 ], [ -55.63022, -33.35187 ], [ -55.63013, -33.35178 ], [ -55.6303, -33.35179 ], [ -55.63026, -33.35155 ], [ -55.63052, -33.35151 ], [ -55.63083, -33.35084 ], [ -55.63125, -33.35087 ], [ -55.63148, -33.35103 ], [ -55.63222, -33.35033 ], [ -55.63226, -33.35037 ], [ -55.63205, -33.35059 ], [ -55.63146, -33.3511 ], [ -55.63199, -33.35085 ], [ -55.63216, -33.35095 ], [ -55.63226, -33.35141 ], [ -55.63241, -33.35151 ], [ -55.63256, -33.35142 ], [ -55.63246, -33.35175 ], [ -55.63261, -33.35214 ], [ -55.63237, -33.35232 ], [ -55.63256, -33.35233 ], [ -55.63256, -33.35255 ], [ -55.63236, -33.35275 ], [ -55.63251, -33.35289 ], [ -55.6327, -33.35278 ], [ -55.63263, -33.35291 ], [ -55.63289, -33.35273 ], [ -55.63263, -33.35303 ], [ -55.63267, -33.3533 ], [ -55.63303, -33.35382 ], [ -55.63334, -33.35386 ], [ -55.63326, -33.35398 ], [ -55.63368, -33.35449 ] ] ] } },
{ "type": "Feature", "properties": { "nombre": "SA-STO_CRI-mar2024_Ro.Uruguay", "curso": "Río Uruguay", "fecha_evento": "2024-03-19", "cota_local": 9.44, "cota_oficial": 10.54, "fuentes": "Dirección Nacional de Aguas (DINAGUA) - Inundaciones y Drenaje Urbano" }, "geometry": { "type": "Polygon", "coordinates": [ [ [ -57.975, -31.31858 ], [ -57.97904, -31.31645 ], [ -57.98135, -31.3195 ], [ -57.98175, -31.32416 ], [ -57.98171, -31.33461 ], [ -57.98269, -31.33789 ], [ -57.98743, -31.34647 ], [ -57.99261, -31.35337 ], [ -57.9912, -31.36512 ], [ -57.98712, -31.37192 ], [ -57.98155, -31.37755 ], [ -57.97865, -31.38337 ], [ -57.97963, -31.38839 ], [ -57.98508, -31.39422 ], [ -58.00104, -31.40506 ], [ -58.02469, -31.41788 ], [ -58.02169, -31.4227 ], [ -58.02028, -31.42176 ], [ -58.01978, -31.42171 ], [ -58.01904, -31.42125 ], [ -58.01728, -31.42096 ], [ -58.01675, -31.42076 ], [ -58.01606, -31.42085 ], [ -58.01541, -31.4219 ], [ -58.01546, -31.42253 ], [ -58.01533, -31.42282 ], [ -58.0157, -31.42375 ], [ -58.01593, -31.42388 ], [ -58.01568, -31.42384 ], [ -58.01538, -31.42351 ], [ -58.01497, -31.42378 ], [ -58.0135, -31.42509 ], [ -58.01257, -31.42573 ], [ -58.01248, -31.42616 ], [ -58.01237, -31.42596 ], [ -58.01237, -31.42578 ], [ -58.01254, -31.42535 ], [ -58.01259, -31.42465 ], [ -58.01284, -31.42415 ], [ -58.01338, -31.42354 ], [ -58.01344, -31.42318 ], [ -58.01326, -31.42273 ], [ -58.01293, -31.42255 ], [ -58.01257, -31.42257 ], [ -58.01279, -31.42243 ], [ -58.01326, -31.42144 ], [ -58.01402, -31.42098 ], [ -58.01431, -31.42058 ], [ -58.01413, -31.41992 ], [ -58.01322, -31.41839 ], [ -58.01037, -31.41677 ], [ -58.00868, -31.4162 ], [ -58.00849, -31.41674 ], [ -58.00855, -31.41699 ], [ -58.00885, -31.41734 ], [ -58.00913, -31.41737 ], [ -58.00843, -31.41771 ], [ -58.00764, -31.41939 ], [ -58.00727, -31.41972 ], [ -58.00724, -31.41959 ], [ -58.00758, -31.41935 ], [ -58.00753, -31.41914 ], [ -58.00789, -31.41844 ], [ -58.00766, -31.4179 ], [ -58.00784, -31.417 ], [ -58.00778, -31.41663 ], [ -58.00798, -31.41629 ], [ -58.00793, -31.41598 ], [ -58.00746, -31.41576 ], [ -58.00741, -31.41551 ], [ -58.00656, -31.41538 ], [ -58.00629, -31.4152 ], [ -58.00643, -31.41486 ], [ -58.00576, -31.41426 ], [ -58.00567, -31.41401 ], [ -58.00579, -31.41381 ], [ -58.0057, -31.41374 ], [ -58.0052, -31.41347 ], [ -58.00349, -31.41299 ], [ -58.00338, -31.41308 ], [ -58.004, -31.4136 ], [ -58.00373, -31.41361 ], [ -58.00314, -31.41336 ], [ -58.00322, -31.413 ], [ -58.00304, -31.41312 ], [ -58.00312, -31.41299 ], [ -58.00283, -31.41293 ], [ -58.00134, -31.41166 ], [ -58.001, -31.41111 ], [ -57.99999, -31.41036 ], [ -57.99894, -31.4091 ], [ -57.99794, -31.40841 ], [ -57.99699, -31.40755 ], [ -57.9968, -31.40756 ], [ -57.99703, -31.40842 ], [ -57.99661, -31.40928 ], [ -57.99601, -31.41008 ], [ -57.99571, -31.41204 ], [ -57.99541, -31.41229 ], [ -57.99568, -31.41258 ], [ -57.99549, -31.4129 ], [ -57.99583, -31.41289 ], [ -57.99634, -31.41312 ], [ -57.99623, -31.41347 ], [ -57.99627, -31.41318 ], [ -57.99599, -31.41301 ], [ -57.99538, -31.41299 ], [ -57.99511, -31.41261 ], [ -57.99514, -31.41243 ], [ -57.99457, -31.4122 ], [ -57.99483, -31.41223 ], [ -57.99497, -31.41198 ], [ -57.99481, -31.41117 ], [ -57.99456, -31.41065 ], [ -57.99434, -31.4104 ], [ -57.99394, -31.41025 ], [ -57.99418, -31.4102 ], [ -57.99503, -31.40925 ], [ -57.99547, -31.40893 ], [ -57.99566, -31.40854 ], [ -57.99565, -31.40807 ], [ -57.99487, -31.40618 ], [ -57.99458, -31.40611 ], [ -57.99429, -31.40628 ], [ -57.99374, -31.40621 ], [ -57.993, -31.40637 ], [ -57.99249, -31.40591 ], [ -57.99252, -31.40577 ], [ -57.99289, -31.4059 ], [ -57.99305, -31.40581 ], [ -57.99344, -31.40522 ], [ -57.99344, -31.40479 ], [ -57.99354, -31.40471 ], [ -57.99372, -31.40475 ], [ -57.99381, -31.40463 ], [ -57.99353, -31.40434 ], [ -57.99295, -31.40304 ], [ -57.99248, -31.40277 ], [ -57.992, -31.40207 ], [ -57.99178, -31.40214 ], [ -57.99147, -31.4017 ], [ -57.99031, -31.4007 ], [ -57.9896, -31.39989 ], [ -57.98917, -31.39978 ], [ -57.98904, -31.39991 ], [ -57.9891, -31.39968 ], [ -57.98884, -31.39914 ], [ -57.98794, -31.39789 ], [ -57.9872, -31.39761 ], [ -57.98682, -31.3972 ], [ -57.98575, -31.39683 ], [ -57.98422, -31.396 ], [ -57.98356, -31.39587 ], [ -57.98295, -31.39559 ], [ -57.98276, -31.39563 ], [ -57.98269, -31.39587 ], [ -57.98243, -31.39538 ], [ -57.98205, -31.39503 ], [ -57.98187, -31.395 ], [ -57.98151, -31.39453 ], [ -57.98095, -31.39429 ], [ -57.98009, -31.39356 ], [ -57.97994, -31.39324 ], [ -57.9794, -31.39273 ], [ -57.97909, -31.39189 ], [ -57.97844, -31.39135 ], [ -57.97793, -31.39061 ], [ -57.97751, -31.38976 ], [ -57.9766, -31.38918 ], [ -57.9766, -31.38891 ], [ -57.97596, -31.38816 ], [ -57.97566, -31.38815 ], [ -57.97593, -31.38823 ], [ -57.9761, -31.38848 ], [ -57.97595, -31.38848 ], [ -57.9761, -31.38882 ], [ -57.97602, -31.38912 ], [ -57.97563, -31.38901 ], [ -57.97525, -31.3881 ], [ -57.97536, -31.38904 ], [ -57.97479, -31.38955 ], [ -57.97519, -31.3898 ], [ -57.97521, -31.39002 ], [ -57.97502, -31.39054 ], [ -57.97514, -31.39099 ], [ -57.97487, -31.39194 ], [ -57.97296, -31.39433 ], [ -57.97275, -31.39444 ], [ -57.97266, -31.39478 ], [ -57.97231, -31.39492 ], [ -57.97249, -31.3951 ], [ -57.97233, -31.39526 ], [ -57.97228, -31.3958 ], [ -57.97239, -31.39618 ], [ -57.97343, -31.39789 ], [ -57.97349, -31.39834 ], [ -57.97387, -31.3984 ], [ -57.97343, -31.39852 ], [ -57.97357, -31.39898 ], [ -57.97331, -31.39867 ], [ -57.97322, -31.39806 ], [ -57.9728, -31.39762 ], [ -57.97174, -31.39739 ], [ -57.97158, -31.39712 ], [ -57.97148, -31.39754 ], [ -57.97135, -31.39738 ], [ -57.97087, -31.39721 ], [ -57.96974, -31.39727 ], [ -57.96927, -31.39741 ], [ -57.96887, -31.39728 ], [ -57.96872, -31.3974 ], [ -57.9685, -31.39669 ], [ -57.96837, -31.39675 ], [ -57.96832, -31.39724 ], [ -57.96696, -31.39789 ], [ -57.96642, -31.39844 ], [ -57.96582, -31.39876 ], [ -57.96574, -31.39902 ], [ -57.96466, -31.39973 ], [ -57.96447, -31.40039 ], [ -57.96407, -31.40073 ], [ -57.96386, -31.40115 ], [ -57.96373, -31.40114 ], [ -57.96357, -31.40043 ], [ -57.9632, -31.40018 ], [ -57.96337, -31.40038 ], [ -57.9635, -31.40129 ], [ -57.96393, -31.40157 ], [ -57.96403, -31.40176 ], [ -57.96355, -31.40141 ], [ -57.96319, -31.4016 ], [ -57.96279, -31.40135 ], [ -57.96206, -31.40118 ], [ -57.96289, -31.40125 ], [ -57.9633, -31.4015 ], [ -57.96326, -31.40098 ], [ -57.96292, -31.40121 ], [ -57.96252, -31.40102 ], [ -57.96256, -31.40074 ], [ -57.96316, -31.40047 ], [ -57.96305, -31.40015 ], [ -57.96265, -31.40031 ], [ -57.96154, -31.40035 ], [ -57.96125, -31.4001 ], [ -57.96134, -31.39965 ], [ -57.96064, -31.39943 ], [ -57.96138, -31.39954 ], [ -57.96143, -31.4001 ], [ -57.9617, -31.40025 ], [ -57.96283, -31.40006 ], [ -57.96303, -31.39959 ], [ -57.9638, -31.39979 ], [ -57.96406, -31.39973 ], [ -57.96528, -31.39802 ], [ -57.96554, -31.39789 ], [ -57.96572, -31.39835 ], [ -57.96599, -31.39835 ], [ -57.96596, -31.39758 ], [ -57.96761, -31.39694 ], [ -57.96826, -31.39635 ], [ -57.96834, -31.39649 ], [ -57.96847, -31.39646 ], [ -57.96862, -31.39587 ], [ -57.96902, -31.39546 ], [ -57.97211, -31.39505 ], [ -57.97203, -31.39491 ], [ -57.97151, -31.39492 ], [ -57.97128, -31.39481 ], [ -57.9715, -31.39398 ], [ -57.97138, -31.39389 ], [ -57.97154, -31.39375 ], [ -57.97098, -31.3933 ], [ -57.97091, -31.39306 ], [ -57.97115, -31.39278 ], [ -57.97096, -31.39249 ], [ -57.97063, -31.39236 ], [ -57.97079, -31.39195 ], [ -57.97097, -31.39191 ], [ -57.97106, -31.39207 ], [ -57.9715, -31.39227 ], [ -57.97182, -31.39226 ], [ -57.97321, -31.39162 ], [ -57.97345, -31.39089 ], [ -57.97341, -31.39031 ], [ -57.97316, -31.39036 ], [ -57.97314, -31.3907 ], [ -57.97314, -31.39033 ], [ -57.97364, -31.39015 ], [ -57.97366, -31.38951 ], [ -57.9745, -31.38954 ], [ -57.97465, -31.38937 ], [ -57.97344, -31.38891 ], [ -57.97326, -31.38853 ], [ -57.9733, -31.3881 ], [ -57.97445, -31.38759 ], [ -57.9749, -31.3876 ], [ -57.97525, -31.38781 ], [ -57.97524, -31.38766 ], [ -57.97495, -31.38739 ], [ -57.97393, -31.38756 ], [ -57.97372, -31.3874 ], [ -57.97397, -31.38705 ], [ -57.97453, -31.3868 ], [ -57.97482, -31.38624 ], [ -57.97518, -31.3861 ], [ -57.97527, -31.38529 ], [ -57.97654, -31.38555 ], [ -57.97672, -31.38548 ], [ -57.97694, -31.38658 ], [ -57.97707, -31.38658 ], [ -57.97683, -31.38539 ], [ -57.97582, -31.38523 ], [ -57.97565, -31.38456 ], [ -57.97511, -31.38462 ], [ -57.97479, -31.38425 ], [ -57.97479, -31.38413 ], [ -57.97551, -31.384 ], [ -57.97552, -31.38391 ], [ -57.97493, -31.38396 ], [ -57.97436, -31.38385 ], [ -57.97459, -31.38294 ], [ -57.9743, -31.38302 ], [ -57.97414, -31.38351 ], [ -57.97384, -31.38391 ], [ -57.97048, -31.3844 ], [ -57.97042, -31.38423 ], [ -57.97139, -31.38406 ], [ -57.97199, -31.38355 ], [ -57.97338, -31.38325 ], [ -57.97432, -31.38278 ], [ -57.97469, -31.38278 ], [ -57.97514, -31.38252 ], [ -57.97548, -31.3825 ], [ -57.97595, -31.382 ], [ -57.97603, -31.3816 ], [ -57.97591, -31.38131 ], [ -57.97599, -31.38052 ], [ -57.9759, -31.38018 ], [ -57.97639, -31.37926 ], [ -57.97634, -31.37892 ], [ -57.97705, -31.37821 ], [ -57.97693, -31.37817 ], [ -57.97602, -31.37891 ], [ -57.97577, -31.37899 ], [ -57.97575, -31.37874 ], [ -57.97554, -31.37863 ], [ -57.97568, -31.3784 ], [ -57.97564, -31.37775 ], [ -57.97582, -31.37729 ], [ -57.9751, -31.37674 ], [ -57.97499, -31.37609 ], [ -57.97533, -31.3757 ], [ -57.9762, -31.37555 ], [ -57.97706, -31.37562 ], [ -57.97722, -31.37545 ], [ -57.97811, -31.3753 ], [ -57.97913, -31.37496 ], [ -57.97833, -31.37592 ], [ -57.97996, -31.37456 ], [ -57.98142, -31.37304 ], [ -57.98271, -31.37001 ], [ -57.98301, -31.36845 ], [ -57.98389, -31.36691 ], [ -57.98436, -31.36519 ], [ -57.98429, -31.36494 ], [ -57.98441, -31.36487 ], [ -57.98431, -31.36481 ], [ -57.98455, -31.3646 ], [ -57.98484, -31.3629 ], [ -57.98515, -31.362 ], [ -57.98538, -31.36168 ], [ -57.98554, -31.3611 ], [ -57.98504, -31.36042 ], [ -57.98501, -31.36018 ], [ -57.98513, -31.36001 ], [ -57.98516, -31.3602 ], [ -57.98577, -31.35994 ], [ -57.98596, -31.35972 ], [ -57.98593, -31.35929 ], [ -57.98461, -31.35632 ], [ -57.98436, -31.35614 ], [ -57.98382, -31.35509 ], [ -57.98365, -31.35509 ], [ -57.98385, -31.35576 ], [ -57.98344, -31.35505 ], [ -57.98335, -31.35419 ], [ -57.98358, -31.35453 ], [ -57.9836, -31.35485 ], [ -57.98371, -31.3547 ], [ -57.98369, -31.35459 ], [ -57.98279, -31.35189 ], [ -57.98269, -31.35077 ], [ -57.98243, -31.35056 ], [ -57.98224, -31.35088 ], [ -57.98241, -31.35168 ], [ -57.98201, -31.35074 ], [ -57.98183, -31.35092 ], [ -57.98138, -31.35092 ], [ -57.98106, -31.35125 ], [ -57.981, -31.35297 ], [ -57.98081, -31.35351 ], [ -57.98016, -31.3539 ], [ -57.97937, -31.35484 ], [ -57.97908, -31.35485 ], [ -57.97845, -31.35463 ], [ -57.97816, -31.3547 ], [ -57.97757, -31.35581 ], [ -57.97702, -31.35639 ], [ -57.9766, -31.35635 ], [ -57.9765, -31.35648 ], [ -57.97647, -31.35628 ], [ -57.97597, -31.35609 ], [ -57.97588, -31.35517 ], [ -57.97577, -31.35506 ], [ -57.97549, -31.35523 ], [ -57.97543, -31.35506 ], [ -57.97528, -31.35518 ], [ -57.97449, -31.35525 ], [ -57.97404, -31.3551 ], [ -57.97375, -31.35486 ], [ -57.97335, -31.35485 ], [ -57.97301, -31.35497 ], [ -57.97257, -31.35543 ], [ -57.97255, -31.35508 ], [ -57.97206, -31.35431 ], [ -57.97134, -31.35376 ], [ -57.97091, -31.35322 ], [ -57.9699, -31.3526 ], [ -57.96902, -31.35182 ], [ -57.9697, -31.34971 ], [ -57.96917, -31.34883 ], [ -57.96918, -31.34866 ], [ -57.97006, -31.348 ], [ -57.97007, -31.34773 ], [ -57.96989, -31.34746 ], [ -57.96946, -31.34723 ], [ -57.96859, -31.34701 ], [ -57.96799, -31.3471 ], [ -57.96744, -31.34733 ], [ -57.96636, -31.34729 ], [ -57.96597, -31.34744 ], [ -57.96473, -31.34732 ], [ -57.96455, -31.34703 ], [ -57.96421, -31.34727 ], [ -57.96465, -31.34665 ], [ -57.96504, -31.34658 ], [ -57.96515, -31.34645 ], [ -57.96546, -31.3465 ], [ -57.96611, -31.34631 ], [ -57.96829, -31.34512 ], [ -57.96835, -31.34494 ], [ -57.96817, -31.34452 ], [ -57.96827, -31.34359 ], [ -57.96785, -31.34289 ], [ -57.96765, -31.34217 ], [ -57.96786, -31.34186 ], [ -57.96865, -31.34142 ], [ -57.96876, -31.34097 ], [ -57.96869, -31.34043 ], [ -57.96786, -31.33992 ], [ -57.96589, -31.33997 ], [ -57.96553, -31.3401 ], [ -57.96539, -31.33975 ], [ -57.96454, -31.33938 ], [ -57.96324, -31.3383 ], [ -57.96302, -31.33767 ], [ -57.9625, -31.33696 ], [ -57.96254, -31.33642 ], [ -57.96197, -31.33638 ], [ -57.96197, -31.33624 ], [ -57.96231, -31.33622 ], [ -57.96238, -31.33603 ], [ -57.96149, -31.3359 ], [ -57.9611, -31.33601 ], [ -57.96144, -31.33586 ], [ -57.96139, -31.33554 ], [ -57.9617, -31.33535 ], [ -57.9614, -31.33502 ], [ -57.9603, -31.3346 ], [ -57.95935, -31.33445 ], [ -57.9589, -31.33422 ], [ -57.9584, -31.3342 ], [ -57.95817, -31.33462 ], [ -57.95798, -31.33457 ], [ -57.95777, -31.33468 ], [ -57.95696, -31.33447 ], [ -57.95651, -31.33411 ], [ -57.95519, -31.33389 ], [ -57.95453, -31.33349 ], [ -57.9541, -31.33368 ], [ -57.95445, -31.33336 ], [ -57.95204, -31.33083 ], [ -57.951, -31.33027 ], [ -57.9509, -31.33039 ], [ -57.95094, -31.33073 ], [ -57.95071, -31.33064 ], [ -57.95064, -31.3305 ], [ -57.95084, -31.33057 ], [ -57.95087, -31.33016 ], [ -57.95036, -31.32962 ], [ -57.95015, -31.32967 ], [ -57.94988, -31.32943 ], [ -57.94915, -31.32851 ], [ -57.94851, -31.32844 ], [ -57.9483, -31.32831 ], [ -57.94822, -31.32782 ], [ -57.94832, -31.32761 ], [ -57.94813, -31.32725 ], [ -57.94842, -31.32669 ], [ -57.94918, -31.32633 ], [ -57.94996, -31.32575 ], [ -57.94953, -31.32475 ], [ -57.9497, -31.32499 ], [ -57.95002, -31.32575 ], [ -57.94931, -31.3264 ], [ -57.94846, -31.32675 ], [ -57.94828, -31.32725 ], [ -57.94837, -31.32759 ], [ -57.94835, -31.32811 ], [ -57.94854, -31.32832 ], [ -57.94936, -31.32854 ], [ -57.9501, -31.32952 ], [ -57.95039, -31.32956 ], [ -57.95092, -31.33006 ], [ -57.95224, -31.33068 ], [ -57.95277, -31.33135 ], [ -57.95484, -31.33339 ], [ -57.95579, -31.33376 ], [ -57.95629, -31.33378 ], [ -57.95637, -31.33368 ], [ -57.9565, -31.33384 ], [ -57.95745, -31.33422 ], [ -57.95777, -31.33423 ], [ -57.95829, -31.33388 ], [ -57.95832, -31.33397 ], [ -57.95853, -31.33387 ], [ -57.96032, -31.33406 ], [ -57.96081, -31.33397 ], [ -57.96271, -31.33461 ], [ -57.96352, -31.33533 ], [ -57.9649, -31.33784 ], [ -57.96538, -31.33825 ], [ -57.96661, -31.33807 ], [ -57.96712, -31.3376 ], [ -57.96715, -31.33735 ], [ -57.96688, -31.3369 ], [ -57.96656, -31.33584 ], [ -57.96718, -31.33591 ], [ -57.96727, -31.33606 ], [ -57.96774, -31.33622 ], [ -57.96904, -31.33709 ], [ -57.97052, -31.33764 ], [ -57.9708, -31.33868 ], [ -57.97074, -31.34005 ], [ -57.97124, -31.34145 ], [ -57.97143, -31.34158 ], [ -57.97219, -31.34112 ], [ -57.97205, -31.34151 ], [ -57.97227, -31.34194 ], [ -57.97313, -31.34222 ], [ -57.97306, -31.34229 ], [ -57.97316, -31.34236 ], [ -57.97149, -31.34268 ], [ -57.97116, -31.34303 ], [ -57.97132, -31.34392 ], [ -57.97271, -31.34529 ], [ -57.97301, -31.34543 ], [ -57.97323, -31.34572 ], [ -57.9736, -31.34581 ], [ -57.97347, -31.34644 ], [ -57.97311, -31.34707 ], [ -57.97318, -31.34815 ], [ -57.97278, -31.34883 ], [ -57.9727, -31.34978 ], [ -57.9729, -31.35023 ], [ -57.97355, -31.35077 ], [ -57.97377, -31.35153 ], [ -57.97406, -31.35189 ], [ -57.97422, -31.35192 ], [ -57.97446, -31.35166 ], [ -57.97463, -31.35167 ], [ -57.9749, -31.35221 ], [ -57.97517, -31.35231 ], [ -57.97546, -31.35265 ], [ -57.97575, -31.35238 ], [ -57.97565, -31.35432 ], [ -57.97587, -31.35438 ], [ -57.97616, -31.35221 ], [ -57.97676, -31.3516 ], [ -57.97722, -31.35133 ], [ -57.97776, -31.35119 ], [ -57.97831, -31.35082 ], [ -57.9787, -31.35019 ], [ -57.97866, -31.3498 ], [ -57.9806, -31.34938 ], [ -57.98092, -31.34941 ], [ -57.98112, -31.34963 ], [ -57.98194, -31.34953 ], [ -57.98177, -31.3491 ], [ -57.98108, -31.34884 ], [ -57.98066, -31.34828 ], [ -57.98028, -31.34738 ], [ -57.9813, -31.34783 ], [ -57.98209, -31.34785 ], [ -57.98265, -31.34682 ], [ -57.9828, -31.34583 ], [ -57.98268, -31.34556 ], [ -57.98295, -31.34517 ], [ -57.98294, -31.34474 ], [ -57.98273, -31.34418 ], [ -57.98278, -31.34375 ], [ -57.98206, -31.34309 ], [ -57.98205, -31.34254 ], [ -57.9816, -31.34229 ], [ -57.98124, -31.34106 ], [ -57.98059, -31.3405 ], [ -57.98035, -31.33989 ], [ -57.98, -31.33947 ], [ -57.97976, -31.33945 ], [ -57.9799, -31.33879 ], [ -57.97976, -31.33829 ], [ -57.97925, -31.33806 ], [ -57.97858, -31.33702 ], [ -57.97802, -31.33657 ], [ -57.9777, -31.33529 ], [ -57.97793, -31.33524 ], [ -57.97814, -31.3354 ], [ -57.97809, -31.33474 ], [ -57.97802, -31.33467 ], [ -57.97762, -31.33501 ], [ -57.97704, -31.33486 ], [ -57.97667, -31.33459 ], [ -57.97671, -31.33419 ], [ -57.97732, -31.33433 ], [ -57.97753, -31.33383 ], [ -57.97737, -31.32938 ], [ -57.97747, -31.32881 ], [ -57.97723, -31.32791 ], [ -57.97748, -31.32704 ], [ -57.97774, -31.32678 ], [ -57.97776, -31.3262 ], [ -57.9779, -31.32601 ], [ -57.97706, -31.32507 ], [ -57.97689, -31.32449 ], [ -57.97664, -31.32425 ], [ -57.9763, -31.32432 ], [ -57.97564, -31.32495 ], [ -57.97489, -31.32527 ], [ -57.97476, -31.32577 ], [ -57.97512, -31.32694 ], [ -57.97496, -31.32766 ], [ -57.97521, -31.3281 ], [ -57.9749, -31.32768 ], [ -57.97505, -31.32694 ], [ -57.97471, -31.3257 ], [ -57.97485, -31.32525 ], [ -57.97557, -31.32494 ], [ -57.97624, -31.32429 ], [ -57.97653, -31.3242 ], [ -57.97669, -31.32422 ], [ -57.97692, -31.32444 ], [ -57.97709, -31.32503 ], [ -57.97743, -31.32523 ], [ -57.97787, -31.32581 ], [ -57.97807, -31.32579 ], [ -57.97813, -31.32552 ], [ -57.97759, -31.32313 ], [ -57.97725, -31.32234 ], [ -57.97677, -31.32143 ], [ -57.9758, -31.3201 ], [ -57.97574, -31.3196 ], [ -57.97554, -31.31924 ], [ -57.975, -31.31858 ] ] ] } },
{ "type": "Feature", "properties": { "nombre": "AR-BUN_CRI-jun2025_Ro.Uruguay", "curso": "Río Uruguay", "fecha_evento": "2025-06-25", "cota_local": 7.86, "cota_oficial": 40.52, "fuentes": "Comisión Técnica Mixta de Salto Grande;Dirección Nacional de Aguas (DINAGUA) - Inundaciones y Drenaje Urbano" }, "geometry": { "type": "Polygon", "coordinates": [ [ [ -57.61383, -30.26789 ], [ -57.60459, -30.26532 ], [ -57.60541, -30.26531 ], [ -57.60588, -30.26514 ], [ -57.60611, -30.26524 ], [ -57.60629, -30.26485 ], [ -57.60645, -30.26498 ], [ -57.60655, -30.26491 ], [ -57.60646, -30.26477 ], [ -57.60667, -30.26469 ], [ -57.6067, -30.26435 ], [ -57.60692, -30.26428 ], [ -57.60694, -30.26418 ], [ -57.60675, -30.26413 ], [ -57.60694, -30.26375 ], [ -57.60734, -30.2634 ], [ -57.60769, -30.26328 ], [ -57.60781, -30.26335 ], [ -57.60774, -30.26311 ], [ -57.60811, -30.26302 ], [ -57.60813, -30.26314 ], [ -57.60859, -30.26325 ], [ -57.60903, -30.26312 ], [ -57.60895, -30.26278 ], [ -57.6101, -30.263 ], [ -57.61058, -30.26282 ], [ -57.61091, -30.26284 ], [ -57.61115, -30.26245 ], [ -57.61143, -30.26231 ], [ -57.61139, -30.26204 ], [ -57.61183, -30.26141 ], [ -57.61122, -30.26112 ], [ -57.61112, -30.26087 ], [ -57.61053, -30.26054 ], [ -57.61056, -30.26042 ], [ -57.61013, -30.26033 ], [ -57.60995, -30.26047 ], [ -57.60954, -30.26011 ], [ -57.60941, -30.25986 ], [ -57.60955, -30.25976 ], [ -57.60925, -30.25963 ], [ -57.60958, -30.25937 ], [ -57.60928, -30.25929 ], [ -57.60898, -30.25876 ], [ -57.60864, -30.25855 ], [ -57.60876, -30.2585 ], [ -57.60872, -30.25794 ], [ -57.60852, -30.258 ], [ -57.60826, -30.2575 ], [ -57.60795, -30.25741 ], [ -57.60806, -30.25736 ], [ -57.60796, -30.25711 ], [ -57.60751, -30.25671 ], [ -57.61631, -30.25906 ], [ -57.61383, -30.26789 ] ] ] } },
{ "type": "Feature", "properties": { "nombre": "PA-PSD_CRI-jul2025_Ro.Uruguay", "curso": "Río Uruguay", "fecha_evento": "2025-07-03", "cota_local": 6.58, "cota_oficial": 6.69, "fuentes": "Comisión Técnica Mixta de Salto Grande;Dirección Nacional de Aguas (DINAGUA) - Inundaciones y Drenaje Urbano" }, "geometry": { "type": "Polygon", "coordinates": [ [ [ -58.12347, -32.34014 ], [ -58.12068, -32.34282 ], [ -58.11733, -32.34704 ], [ -58.11717, -32.34687 ], [ -58.117, -32.34695 ], [ -58.11723, -32.34684 ], [ -58.11731, -32.34656 ], [ -58.11725, -32.34625 ], [ -58.11737, -32.34613 ], [ -58.11727, -32.346 ], [ -58.11741, -32.34567 ], [ -58.11726, -32.34555 ], [ -58.11732, -32.34546 ], [ -58.11669, -32.3451 ], [ -58.11604, -32.3445 ], [ -58.1153, -32.34411 ], [ -58.11501, -32.34359 ], [ -58.11471, -32.34357 ], [ -58.11473, -32.34333 ], [ -58.11382, -32.34284 ], [ -58.11178, -32.34097 ], [ -58.11145, -32.341 ], [ -58.11167, -32.34078 ], [ -58.11121, -32.34031 ], [ -58.11097, -32.33973 ], [ -58.1107, -32.33957 ], [ -58.11016, -32.33955 ], [ -58.10991, -32.33967 ], [ -58.10981, -32.33988 ], [ -58.10956, -32.33985 ], [ -58.10951, -32.34004 ], [ -58.10927, -32.34 ], [ -58.10918, -32.34035 ], [ -58.10931, -32.34063 ], [ -58.10903, -32.3407 ], [ -58.10926, -32.34084 ], [ -58.10909, -32.3409 ], [ -58.10937, -32.34119 ], [ -58.10932, -32.34139 ], [ -58.10944, -32.34133 ], [ -58.10932, -32.34168 ], [ -58.10957, -32.34197 ], [ -58.10915, -32.34191 ], [ -58.10907, -32.34174 ], [ -58.10885, -32.34179 ], [ -58.10872, -32.34211 ], [ -58.10851, -32.34197 ], [ -58.10849, -32.34214 ], [ -58.10796, -32.34239 ], [ -58.10792, -32.34261 ], [ -58.10802, -32.34266 ], [ -58.10799, -32.34289 ], [ -58.10819, -32.34283 ], [ -58.10822, -32.34291 ], [ -58.1083, -32.3428 ], [ -58.10832, -32.343 ], [ -58.10849, -32.34292 ], [ -58.1084, -32.34346 ], [ -58.10875, -32.34343 ], [ -58.10881, -32.34354 ], [ -58.10857, -32.34366 ], [ -58.10861, -32.34375 ], [ -58.10893, -32.344 ], [ -58.10932, -32.34407 ], [ -58.10937, -32.34423 ], [ -58.10954, -32.34423 ], [ -58.10988, -32.3445 ], [ -58.11011, -32.34516 ], [ -58.11008, -32.34582 ], [ -58.11024, -32.34596 ], [ -58.11014, -32.346 ], [ -58.1103, -32.346 ], [ -58.11015, -32.34618 ], [ -58.11031, -32.34629 ], [ -58.11011, -32.34637 ], [ -58.11027, -32.34646 ], [ -58.1101, -32.34656 ], [ -58.1103, -32.34677 ], [ -58.11052, -32.34673 ], [ -58.11068, -32.34691 ], [ -58.11079, -32.34726 ], [ -58.11062, -32.34721 ], [ -58.11054, -32.34742 ], [ -58.11065, -32.34772 ], [ -58.11041, -32.3474 ], [ -58.11056, -32.34731 ], [ -58.11054, -32.34716 ], [ -58.11047, -32.34731 ], [ -58.11016, -32.34714 ], [ -58.10968, -32.34723 ], [ -58.10935, -32.3469 ], [ -58.10923, -32.347 ], [ -58.10849, -32.3466 ], [ -58.10829, -32.34599 ], [ -58.108, -32.3458 ], [ -58.10817, -32.34572 ], [ -58.10805, -32.34559 ], [ -58.10796, -32.34568 ], [ -58.10785, -32.34559 ], [ -58.10795, -32.3455 ], [ -58.10769, -32.34565 ], [ -58.10757, -32.3455 ], [ -58.1075, -32.34576 ], [ -58.10735, -32.34578 ], [ -58.10747, -32.34584 ], [ -58.1071, -32.34594 ], [ -58.10712, -32.34622 ], [ -58.10692, -32.34662 ], [ -58.10577, -32.34562 ], [ -58.10571, -32.34531 ], [ -58.10556, -32.34527 ], [ -58.10567, -32.34514 ], [ -58.10543, -32.34518 ], [ -58.10542, -32.34506 ], [ -58.10442, -32.34451 ], [ -58.10528, -32.3455 ], [ -58.10466, -32.34499 ], [ -58.10444, -32.34527 ], [ -58.10443, -32.34558 ], [ -58.10429, -32.34564 ], [ -58.10423, -32.34591 ], [ -58.10365, -32.34609 ], [ -58.10343, -32.34578 ], [ -58.10329, -32.34595 ], [ -58.10338, -32.34573 ], [ -58.10312, -32.34575 ], [ -58.10286, -32.34552 ], [ -58.10288, -32.34511 ], [ -58.10242, -32.34476 ], [ -58.10253, -32.34463 ], [ -58.10197, -32.3452 ], [ -58.10191, -32.3458 ], [ -58.10188, -32.34535 ], [ -58.10194, -32.34516 ], [ -58.10247, -32.34457 ], [ -58.10175, -32.34493 ], [ -58.1015, -32.34475 ], [ -58.10156, -32.34456 ], [ -58.1017, -32.34455 ], [ -58.10162, -32.3444 ], [ -58.10184, -32.34438 ], [ -58.10188, -32.3442 ], [ -58.10213, -32.34412 ], [ -58.10219, -32.34396 ], [ -58.10234, -32.34399 ], [ -58.10261, -32.34369 ], [ -58.1028, -32.34373 ], [ -58.10297, -32.34356 ], [ -58.10285, -32.34344 ], [ -58.10289, -32.34327 ], [ -58.10366, -32.34383 ], [ -58.10308, -32.34322 ], [ -58.10347, -32.34307 ], [ -58.10332, -32.34277 ], [ -58.10344, -32.3428 ], [ -58.10348, -32.34269 ], [ -58.10321, -32.3425 ], [ -58.10352, -32.34248 ], [ -58.10361, -32.34232 ], [ -58.10338, -32.34214 ], [ -58.10335, -32.3419 ], [ -58.10301, -32.34166 ], [ -58.10287, -32.34141 ], [ -58.10295, -32.34135 ], [ -58.10216, -32.34135 ], [ -58.10173, -32.3416 ], [ -58.10181, -32.3417 ], [ -58.10169, -32.34168 ], [ -58.10169, -32.34157 ], [ -58.10162, -32.34158 ], [ -58.10159, -32.34177 ], [ -58.10133, -32.34132 ], [ -58.10107, -32.34131 ], [ -58.10115, -32.34099 ], [ -58.10098, -32.34099 ], [ -58.10082, -32.34082 ], [ -58.10056, -32.34108 ], [ -58.10003, -32.34078 ], [ -58.10029, -32.34108 ], [ -58.09824, -32.34153 ], [ -58.09799, -32.34193 ], [ -58.09771, -32.3421 ], [ -58.09763, -32.34197 ], [ -58.09792, -32.3419 ], [ -58.09784, -32.34182 ], [ -58.09762, -32.34192 ], [ -58.0975, -32.34158 ], [ -58.0976, -32.3415 ], [ -58.09745, -32.34151 ], [ -58.0978, -32.34076 ], [ -58.09875, -32.34022 ], [ -58.09879, -32.34006 ], [ -58.09945, -32.34037 ], [ -58.09891, -32.33988 ], [ -58.09912, -32.33986 ], [ -58.0992, -32.33963 ], [ -58.09932, -32.33968 ], [ -58.09941, -32.33957 ], [ -58.09868, -32.33837 ], [ -58.09719, -32.3381 ], [ -58.097, -32.33779 ], [ -58.09622, -32.33735 ], [ -58.09708, -32.3374 ], [ -58.09731, -32.33725 ], [ -58.09701, -32.3369 ], [ -58.09673, -32.33623 ], [ -58.09747, -32.33501 ], [ -58.09727, -32.33424 ], [ -58.09746, -32.33393 ], [ -58.0972, -32.3341 ], [ -58.09742, -32.33379 ], [ -58.09747, -32.33311 ], [ -58.09692, -32.33262 ], [ -58.09675, -32.33256 ], [ -58.09679, -32.33274 ], [ -58.09668, -32.33255 ], [ -58.09587, -32.3325 ], [ -58.09554, -32.33282 ], [ -58.09573, -32.33334 ], [ -58.09553, -32.33335 ], [ -58.09548, -32.3335 ], [ -58.09511, -32.33339 ], [ -58.09436, -32.33363 ], [ -58.09458, -32.33368 ], [ -58.09471, -32.33386 ], [ -58.0941, -32.33408 ], [ -58.09392, -32.33397 ], [ -58.09355, -32.33443 ], [ -58.09324, -32.33456 ], [ -58.093, -32.33314 ], [ -58.09282, -32.3332 ], [ -58.09299, -32.33427 ], [ -58.09249, -32.33461 ], [ -58.0924, -32.3344 ], [ -58.09194, -32.33435 ], [ -58.09161, -32.33405 ], [ -58.09154, -32.33385 ], [ -58.09173, -32.33353 ], [ -58.09116, -32.33366 ], [ -58.09092, -32.33358 ], [ -58.09048, -32.33369 ], [ -58.09045, -32.33382 ], [ -58.09024, -32.33374 ], [ -58.08991, -32.33399 ], [ -58.08978, -32.33364 ], [ -58.0895, -32.33346 ], [ -58.0895, -32.33312 ], [ -58.08969, -32.33293 ], [ -58.09027, -32.33285 ], [ -58.09059, -32.33292 ], [ -58.09197, -32.33216 ], [ -58.09254, -32.3322 ], [ -58.0927, -32.33271 ], [ -58.0929, -32.33259 ], [ -58.09302, -32.33269 ], [ -58.09336, -32.33265 ], [ -58.0938, -32.33237 ], [ -58.09385, -32.33165 ], [ -58.09421, -32.33138 ], [ -58.09419, -32.33126 ], [ -58.09449, -32.33131 ], [ -58.09451, -32.33119 ], [ -58.09487, -32.33111 ], [ -58.09512, -32.33072 ], [ -58.09548, -32.33077 ], [ -58.09597, -32.33062 ], [ -58.09631, -32.33068 ], [ -58.09606, -32.33046 ], [ -58.09628, -32.33015 ], [ -58.09636, -32.32971 ], [ -58.09678, -32.33029 ], [ -58.09729, -32.3303 ], [ -58.09781, -32.33054 ], [ -58.09799, -32.33033 ], [ -58.09868, -32.33024 ], [ -58.0985, -32.33001 ], [ -58.09876, -32.32971 ], [ -58.09906, -32.32977 ], [ -58.09946, -32.33016 ], [ -58.09947, -32.33086 ], [ -58.10004, -32.33107 ], [ -58.10001, -32.33134 ], [ -58.10025, -32.3314 ], [ -58.10044, -32.3317 ], [ -58.1006, -32.33169 ], [ -58.10085, -32.33197 ], [ -58.10085, -32.3322 ], [ -58.10138, -32.3327 ], [ -58.10156, -32.33339 ], [ -58.1019, -32.33359 ], [ -58.10199, -32.33351 ], [ -58.10232, -32.33365 ], [ -58.10257, -32.33425 ], [ -58.10305, -32.33467 ], [ -58.10306, -32.33483 ], [ -58.10296, -32.33474 ], [ -58.10278, -32.33484 ], [ -58.10269, -32.33494 ], [ -58.1028, -32.3351 ], [ -58.10257, -32.33523 ], [ -58.10277, -32.3359 ], [ -58.103, -32.33606 ], [ -58.10351, -32.33574 ], [ -58.10369, -32.33576 ], [ -58.1041, -32.33542 ], [ -58.1041, -32.33524 ], [ -58.10398, -32.33533 ], [ -58.10401, -32.33522 ], [ -58.1038, -32.3352 ], [ -58.10374, -32.33504 ], [ -58.10393, -32.33514 ], [ -58.10401, -32.33503 ], [ -58.10407, -32.33522 ], [ -58.10412, -32.33516 ], [ -58.10427, -32.33474 ], [ -58.10411, -32.33459 ], [ -58.10449, -32.33398 ], [ -58.10435, -32.33372 ], [ -58.10471, -32.33342 ], [ -58.10434, -32.33308 ], [ -58.10406, -32.33163 ], [ -58.10326, -32.33077 ], [ -58.10289, -32.33017 ], [ -58.10292, -32.32982 ], [ -58.10238, -32.3297 ], [ -58.10247, -32.32951 ], [ -58.10238, -32.32945 ], [ -58.10211, -32.32948 ], [ -58.10165, -32.32934 ], [ -58.10117, -32.32944 ], [ -58.10134, -32.32935 ], [ -58.10116, -32.32922 ], [ -58.10125, -32.32905 ], [ -58.10147, -32.3288 ], [ -58.10165, -32.32882 ], [ -58.10175, -32.32854 ], [ -58.10147, -32.32801 ], [ -58.10131, -32.32798 ], [ -58.10142, -32.32763 ], [ -58.10072, -32.32734 ], [ -58.10125, -32.32735 ], [ -58.1011, -32.32711 ], [ -58.10077, -32.32704 ], [ -58.10101, -32.32699 ], [ -58.10102, -32.32681 ], [ -58.10081, -32.32609 ], [ -58.10055, -32.3258 ], [ -58.10073, -32.3257 ], [ -58.10056, -32.32566 ], [ -58.10069, -32.32556 ], [ -58.10047, -32.32494 ], [ -58.10055, -32.32424 ], [ -58.10065, -32.32417 ], [ -58.10094, -32.32426 ], [ -58.10104, -32.32417 ], [ -58.10082, -32.3239 ], [ -58.10054, -32.32387 ], [ -58.10061, -32.32376 ], [ -58.10038, -32.3236 ], [ -58.10036, -32.32336 ], [ -58.10069, -32.32225 ], [ -58.10033, -32.32215 ], [ -58.10063, -32.32214 ], [ -58.10082, -32.32166 ], [ -58.10055, -32.32103 ], [ -58.10069, -32.32076 ], [ -58.10091, -32.3207 ], [ -58.10072, -32.32051 ], [ -58.1009, -32.32027 ], [ -58.10078, -32.32012 ], [ -58.10112, -32.31988 ], [ -58.10109, -32.31976 ], [ -58.10136, -32.31951 ], [ -58.10106, -32.31948 ], [ -58.10109, -32.31933 ], [ -58.10143, -32.31906 ], [ -58.10141, -32.31878 ], [ -58.10154, -32.31894 ], [ -58.10168, -32.31888 ], [ -58.10171, -32.31864 ], [ -58.1015, -32.31858 ], [ -58.10191, -32.31843 ], [ -58.10207, -32.31783 ], [ -58.10218, -32.31782 ], [ -58.10227, -32.31811 ], [ -58.1027, -32.31802 ], [ -58.10263, -32.3177 ], [ -58.1023, -32.31765 ], [ -58.10226, -32.31693 ], [ -58.10304, -32.31682 ], [ -58.10287, -32.31654 ], [ -58.10301, -32.31645 ], [ -58.10309, -32.3166 ], [ -58.10309, -32.31643 ], [ -58.10314, -32.31649 ], [ -58.10309, -32.31609 ], [ -58.10335, -32.31628 ], [ -58.10346, -32.31607 ], [ -58.1036, -32.31612 ], [ -58.10351, -32.31576 ], [ -58.10334, -32.31587 ], [ -58.103, -32.31582 ], [ -58.10287, -32.31594 ], [ -58.10278, -32.31584 ], [ -58.10224, -32.31588 ], [ -58.10278, -32.31573 ], [ -58.10285, -32.31537 ], [ -58.10293, -32.31569 ], [ -58.1035, -32.31566 ], [ -58.10332, -32.31485 ], [ -58.103, -32.31488 ], [ -58.10286, -32.31501 ], [ -58.10282, -32.31489 ], [ -58.10271, -32.31527 ], [ -58.10261, -32.31495 ], [ -58.10209, -32.31497 ], [ -58.10259, -32.31486 ], [ -58.10233, -32.31479 ], [ -58.10259, -32.3147 ], [ -58.10254, -32.31437 ], [ -58.10278, -32.31475 ], [ -58.10295, -32.31466 ], [ -58.10293, -32.31455 ], [ -58.10306, -32.3146 ], [ -58.10321, -32.31449 ], [ -58.10322, -32.31438 ], [ -58.10327, -32.31461 ], [ -58.10341, -32.31449 ], [ -58.10354, -32.31464 ], [ -58.10351, -32.31432 ], [ -58.10304, -32.31431 ], [ -58.10303, -32.31417 ], [ -58.10321, -32.31415 ], [ -58.1031, -32.31378 ], [ -58.10269, -32.31383 ], [ -58.10251, -32.31423 ], [ -58.10241, -32.3139 ], [ -58.10157, -32.31395 ], [ -58.10157, -32.31427 ], [ -58.10145, -32.31399 ], [ -58.10129, -32.31397 ], [ -58.10136, -32.31391 ], [ -58.10083, -32.31397 ], [ -58.10082, -32.31421 ], [ -58.10056, -32.31362 ], [ -58.09946, -32.3137 ], [ -58.09991, -32.31359 ], [ -58.09985, -32.31329 ], [ -58.09955, -32.31331 ], [ -58.09955, -32.31357 ], [ -58.09926, -32.31356 ], [ -58.09925, -32.31346 ], [ -58.09876, -32.3136 ], [ -58.09847, -32.31315 ], [ -58.09828, -32.312 ], [ -58.0981, -32.31184 ], [ -58.09794, -32.31189 ], [ -58.09794, -32.31163 ], [ -58.09748, -32.31154 ], [ -58.09758, -32.31134 ], [ -58.09763, -32.31149 ], [ -58.09775, -32.3114 ], [ -58.09778, -32.31151 ], [ -58.09785, -32.31137 ], [ -58.09825, -32.31133 ], [ -58.09735, -32.31118 ], [ -58.09749, -32.31105 ], [ -58.09732, -32.31092 ], [ -58.09753, -32.31087 ], [ -58.0975, -32.31074 ], [ -58.09714, -32.31075 ], [ -58.09699, -32.31064 ], [ -58.09713, -32.31054 ], [ -58.09689, -32.31063 ], [ -58.09686, -32.31028 ], [ -58.09661, -32.31054 ], [ -58.09661, -32.30996 ], [ -58.09551, -32.30977 ], [ -58.09573, -32.30969 ], [ -58.09571, -32.30959 ], [ -58.09527, -32.30939 ], [ -58.09515, -32.30918 ], [ -58.09394, -32.30915 ], [ -58.09506, -32.30889 ], [ -58.0948, -32.30878 ], [ -58.09445, -32.30831 ], [ -58.09424, -32.30823 ], [ -58.09389, -32.30754 ], [ -58.09361, -32.30749 ], [ -58.09515, -32.30725 ], [ -58.09441, -32.30692 ], [ -58.09464, -32.30681 ], [ -58.09453, -32.30627 ], [ -58.09385, -32.3062 ], [ -58.09386, -32.3061 ], [ -58.09366, -32.30607 ], [ -58.09385, -32.30602 ], [ -58.0935, -32.3057 ], [ -58.09316, -32.30499 ], [ -58.0934, -32.30442 ], [ -58.0936, -32.30437 ], [ -58.09357, -32.30419 ], [ -58.09344, -32.30411 ], [ -58.09278, -32.30421 ], [ -58.09348, -32.30402 ], [ -58.09345, -32.30367 ], [ -58.09325, -32.30349 ], [ -58.09331, -32.30312 ], [ -58.0932, -32.30306 ], [ -58.09314, -32.30268 ], [ -58.09208, -32.30281 ], [ -58.09347, -32.30248 ], [ -58.09347, -32.30215 ], [ -58.09329, -32.30194 ], [ -58.09313, -32.30193 ], [ -58.09299, -32.30148 ], [ -58.09316, -32.30137 ], [ -58.09322, -32.30094 ], [ -58.09273, -32.30067 ], [ -58.09122, -32.30081 ], [ -58.0921, -32.30067 ], [ -58.09209, -32.30055 ], [ -58.09229, -32.30063 ], [ -58.09211, -32.30052 ], [ -58.09183, -32.30054 ], [ -58.09177, -32.30017 ], [ -58.09149, -32.30037 ], [ -58.09149, -32.29986 ], [ -58.09133, -32.29996 ], [ -58.0912, -32.29971 ], [ -58.09144, -32.29959 ], [ -58.0913, -32.29888 ], [ -58.09148, -32.29913 ], [ -58.0915, -32.2988 ], [ -58.09164, -32.29911 ], [ -58.09163, -32.29893 ], [ -58.09198, -32.29868 ], [ -58.09202, -32.29844 ], [ -58.09121, -32.29739 ], [ -58.09103, -32.29666 ], [ -58.09116, -32.29619 ], [ -58.09076, -32.29525 ], [ -58.09096, -32.29476 ], [ -58.09086, -32.29455 ], [ -58.09087, -32.29429 ], [ -58.09098, -32.29428 ], [ -58.09089, -32.29418 ], [ -58.09087, -32.2931 ], [ -58.09103, -32.29303 ], [ -58.09098, -32.29282 ], [ -58.09081, -32.29284 ], [ -58.09071, -32.29254 ], [ -58.09055, -32.29191 ], [ -58.09065, -32.29144 ], [ -58.09034, -32.29113 ], [ -58.08943, -32.28739 ], [ -58.08923, -32.28739 ], [ -58.08914, -32.28703 ], [ -58.08886, -32.28707 ], [ -58.08916, -32.28688 ], [ -58.08905, -32.28671 ], [ -58.0889, -32.28674 ], [ -58.08877, -32.2866 ], [ -58.08899, -32.28646 ], [ -58.08889, -32.28629 ], [ -58.08897, -32.28593 ], [ -58.08886, -32.2858 ], [ -58.08821, -32.28582 ], [ -58.08856, -32.28562 ], [ -58.08889, -32.28559 ], [ -58.08891, -32.28441 ], [ -58.08782, -32.28455 ], [ -58.08763, -32.28446 ], [ -58.08898, -32.28419 ], [ -58.08907, -32.28381 ], [ -58.08883, -32.2829 ], [ -58.08897, -32.28213 ], [ -58.08884, -32.2816 ], [ -58.0886, -32.28178 ], [ -58.08812, -32.28162 ], [ -58.08826, -32.28182 ], [ -58.08795, -32.28211 ], [ -58.08762, -32.28214 ], [ -58.08715, -32.28241 ], [ -58.08708, -32.2821 ], [ -58.08694, -32.28219 ], [ -58.08698, -32.28193 ], [ -58.08679, -32.28183 ], [ -58.08679, -32.28166 ], [ -58.08668, -32.28216 ], [ -58.08597, -32.28208 ], [ -58.08545, -32.28263 ], [ -58.08521, -32.28384 ], [ -58.08509, -32.28388 ], [ -58.08521, -32.28393 ], [ -58.0851, -32.28441 ], [ -58.08482, -32.28458 ], [ -58.08464, -32.28452 ], [ -58.08438, -32.28472 ], [ -58.08408, -32.2847 ], [ -58.08404, -32.28457 ], [ -58.0839, -32.28455 ], [ -58.0836, -32.28503 ], [ -58.08473, -32.28496 ], [ -58.08358, -32.28508 ], [ -58.08355, -32.28479 ], [ -58.08338, -32.28495 ], [ -58.08349, -32.28509 ], [ -58.0833, -32.2855 ], [ -58.08303, -32.2857 ], [ -58.08265, -32.28571 ], [ -58.08272, -32.28547 ], [ -58.08254, -32.28536 ], [ -58.08241, -32.28552 ], [ -58.08267, -32.28546 ], [ -58.08267, -32.28558 ], [ -58.08257, -32.28556 ], [ -58.08255, -32.28569 ], [ -58.08245, -32.28557 ], [ -58.08224, -32.28579 ], [ -58.08224, -32.28556 ], [ -58.08246, -32.28535 ], [ -58.0822, -32.28547 ], [ -58.08209, -32.28575 ], [ -58.082, -32.28572 ], [ -58.08216, -32.28547 ], [ -58.08179, -32.28562 ], [ -58.08187, -32.28556 ], [ -58.08166, -32.2855 ], [ -58.08169, -32.2854 ], [ -58.08209, -32.28535 ], [ -58.08169, -32.28536 ], [ -58.08166, -32.28527 ], [ -58.08148, -32.28534 ], [ -58.08143, -32.28516 ], [ -58.08163, -32.28476 ], [ -58.08211, -32.28447 ], [ -58.08296, -32.28336 ], [ -58.08284, -32.28203 ], [ -58.08299, -32.28191 ], [ -58.08281, -32.28176 ], [ -58.08273, -32.28073 ], [ -58.08285, -32.28042 ], [ -58.0827, -32.28042 ], [ -58.08264, -32.28021 ], [ -58.08217, -32.28007 ], [ -58.08144, -32.27913 ], [ -58.08107, -32.27908 ], [ -58.0812, -32.28012 ], [ -58.08098, -32.27904 ], [ -58.08046, -32.27898 ], [ -58.07976, -32.2792 ], [ -58.07923, -32.27905 ], [ -58.07907, -32.27922 ], [ -58.07887, -32.27895 ], [ -58.07914, -32.2788 ], [ -58.07913, -32.2787 ], [ -58.07888, -32.27868 ], [ -58.07903, -32.27838 ], [ -58.07925, -32.27833 ], [ -58.07959, -32.27781 ], [ -58.08011, -32.27786 ], [ -58.08059, -32.27776 ], [ -58.08071, -32.27793 ], [ -58.08098, -32.27768 ], [ -58.08134, -32.27773 ], [ -58.08164, -32.27801 ], [ -58.08255, -32.27806 ], [ -58.08305, -32.2785 ], [ -58.08386, -32.27873 ], [ -58.08419, -32.27923 ], [ -58.08455, -32.2791 ], [ -58.08506, -32.27861 ], [ -58.08551, -32.27845 ], [ -58.08566, -32.27824 ], [ -58.08477, -32.27781 ], [ -58.08439, -32.27741 ], [ -58.08466, -32.27733 ], [ -58.0848, -32.27697 ], [ -58.08504, -32.27705 ], [ -58.08553, -32.27693 ], [ -58.0858, -32.27599 ], [ -58.08604, -32.2758 ], [ -58.08665, -32.2758 ], [ -58.0867, -32.27501 ], [ -58.0869, -32.27482 ], [ -58.08741, -32.27469 ], [ -58.08757, -32.27432 ], [ -58.08753, -32.27416 ], [ -58.08735, -32.27412 ], [ -58.08742, -32.27406 ], [ -58.08727, -32.27406 ], [ -58.08744, -32.274 ], [ -58.08632, -32.27376 ], [ -58.08647, -32.27332 ], [ -58.08638, -32.27322 ], [ -58.0865, -32.27328 ], [ -58.08692, -32.27305 ], [ -58.08766, -32.27314 ], [ -58.08815, -32.27299 ], [ -58.089, -32.272 ], [ -58.08894, -32.27089 ], [ -58.08907, -32.27143 ], [ -58.08921, -32.27124 ], [ -58.08911, -32.27089 ], [ -58.08925, -32.27041 ], [ -58.08987, -32.27002 ], [ -58.09044, -32.27005 ], [ -58.09045, -32.26984 ], [ -58.09049, -32.27006 ], [ -58.09068, -32.27009 ], [ -58.09081, -32.27036 ], [ -58.09188, -32.26955 ], [ -58.09206, -32.26928 ], [ -58.09193, -32.2682 ], [ -58.09142, -32.26818 ], [ -58.09134, -32.26795 ], [ -58.09139, -32.26782 ], [ -58.09209, -32.26768 ], [ -58.09201, -32.26709 ], [ -58.09221, -32.2671 ], [ -58.09258, -32.26827 ], [ -58.09266, -32.26757 ], [ -58.09415, -32.26704 ], [ -58.09413, -32.26671 ], [ -58.09428, -32.26645 ], [ -58.09481, -32.26619 ], [ -58.09532, -32.26575 ], [ -58.09548, -32.26535 ], [ -58.09539, -32.2648 ], [ -58.09508, -32.26438 ], [ -58.09419, -32.26414 ], [ -58.09276, -32.26432 ], [ -58.09278, -32.26406 ], [ -58.09224, -32.26437 ], [ -58.09181, -32.26436 ], [ -58.09134, -32.26458 ], [ -58.09022, -32.2648 ], [ -58.08796, -32.26496 ], [ -58.0869, -32.26515 ], [ -58.087, -32.26502 ], [ -58.08925, -32.26474 ], [ -58.09, -32.26442 ], [ -58.09036, -32.26413 ], [ -58.09044, -32.26385 ], [ -58.09062, -32.26399 ], [ -58.09081, -32.26378 ], [ -58.09082, -32.2639 ], [ -58.09094, -32.26388 ], [ -58.09089, -32.26362 ], [ -58.09117, -32.26351 ], [ -58.09126, -32.26335 ], [ -58.09114, -32.26331 ], [ -58.09132, -32.26327 ], [ -58.09146, -32.263 ], [ -58.09171, -32.26298 ], [ -58.0918, -32.26276 ], [ -58.092, -32.26269 ], [ -58.09199, -32.26256 ], [ -58.09221, -32.26273 ], [ -58.09265, -32.26266 ], [ -58.09272, -32.26228 ], [ -58.09262, -32.2623 ], [ -58.09331, -32.26201 ], [ -58.09262, -32.26222 ], [ -58.09316, -32.26195 ], [ -58.0931, -32.26184 ], [ -58.09415, -32.26158 ], [ -58.09396, -32.26151 ], [ -58.09396, -32.26135 ], [ -58.09368, -32.26152 ], [ -58.09318, -32.26145 ], [ -58.09337, -32.26131 ], [ -58.09398, -32.26121 ], [ -58.09399, -32.26079 ], [ -58.0925, -32.26095 ], [ -58.09301, -32.26076 ], [ -58.0929, -32.26072 ], [ -58.09298, -32.26041 ], [ -58.09999, -32.25927 ], [ -58.10018, -32.25982 ], [ -58.09898, -32.27237 ], [ -58.0986, -32.28461 ], [ -58.10032, -32.30137 ], [ -58.10328, -32.30982 ], [ -58.12048, -32.33619 ], [ -58.12347, -32.34014 ] ] ] } },
{ "type": "Feature", "properties": { "nombre": "CA-SLA_CRI-mar2024_Ro.Santa-Lucía", "curso": "Río Santa Lucía", "fecha_evento": "2024-03-22", "cota_local": 12.2, "cota_oficial": 13.56, "fuentes": "Centro Coordinador de Emergencias Departamentales (CECOED) - Canelones, Fuerza Aérea Uruguaya - Servicio de Sensores Remotos Aeroespaciales, Dirección Nacional de Aguas (DINAGUA) - Inundaciones y Drenaje Urbano" }, "geometry": { "type": "Polygon", "coordinates": [ [ [ -56.3983, -34.46308 ], [ -56.40011, -34.46063 ], [ -56.39908, -34.46178 ], [ -56.399, -34.46158 ], [ -56.39916, -34.46149 ], [ -56.39912, -34.46125 ], [ -56.39897, -34.46124 ], [ -56.39975, -34.46055 ], [ -56.39899, -34.46102 ], [ -56.3992, -34.46077 ], [ -56.39897, -34.4608 ], [ -56.39951, -34.46045 ], [ -56.39941, -34.46021 ], [ -56.3995, -34.46003 ], [ -56.39928, -34.46007 ], [ -56.39952, -34.45986 ], [ -56.39939, -34.45992 ], [ -56.39936, -34.45986 ], [ -56.39947, -34.45969 ], [ -56.39924, -34.45954 ], [ -56.3993, -34.4595 ], [ -56.39946, -34.45962 ], [ -56.39927, -34.45941 ], [ -56.39951, -34.45919 ], [ -56.39943, -34.45903 ], [ -56.39965, -34.45885 ], [ -56.39978, -34.45848 ], [ -56.3997, -34.45822 ], [ -56.39999, -34.458 ], [ -56.39994, -34.45784 ], [ -56.39978, -34.4578 ], [ -56.40001, -34.45757 ], [ -56.39997, -34.45714 ], [ -56.39979, -34.45691 ], [ -56.40003, -34.45687 ], [ -56.39993, -34.45647 ], [ -56.40014, -34.45622 ], [ -56.4, -34.45567 ], [ -56.40019, -34.45545 ], [ -56.40004, -34.45522 ], [ -56.40024, -34.45517 ], [ -56.4001, -34.45513 ], [ -56.4002, -34.45501 ], [ -56.40005, -34.45508 ], [ -56.40002, -34.45498 ], [ -56.40017, -34.45495 ], [ -56.40015, -34.45476 ], [ -56.40032, -34.4547 ], [ -56.40018, -34.4545 ], [ -56.40006, -34.45458 ], [ -56.4001, -34.45442 ], [ -56.39995, -34.45426 ], [ -56.40008, -34.45429 ], [ -56.40011, -34.45407 ], [ -56.40032, -34.45396 ], [ -56.40012, -34.45379 ], [ -56.39994, -34.4539 ], [ -56.40022, -34.45355 ], [ -56.40011, -34.45357 ], [ -56.39997, -34.45336 ], [ -56.40012, -34.45308 ], [ -56.40003, -34.453 ], [ -56.39976, -34.45316 ], [ -56.39983, -34.453 ], [ -56.39966, -34.45299 ], [ -56.39966, -34.45287 ], [ -56.39911, -34.45311 ], [ -56.39963, -34.45268 ], [ -56.39954, -34.45256 ], [ -56.39945, -34.45262 ], [ -56.39946, -34.4525 ], [ -56.39918, -34.45255 ], [ -56.39913, -34.45239 ], [ -56.39933, -34.45239 ], [ -56.39894, -34.45199 ], [ -56.39851, -34.45213 ], [ -56.39846, -34.45189 ], [ -56.39819, -34.45166 ], [ -56.39778, -34.45164 ], [ -56.39774, -34.45151 ], [ -56.39744, -34.45151 ], [ -56.39702, -34.45128 ], [ -56.39685, -34.45143 ], [ -56.39623, -34.45128 ], [ -56.39613, -34.45099 ], [ -56.39567, -34.4506 ], [ -56.3952, -34.45061 ], [ -56.39524, -34.45042 ], [ -56.39471, -34.45028 ], [ -56.39477, -34.44994 ], [ -56.39462, -34.44985 ], [ -56.39422, -34.45007 ], [ -56.39446, -34.44973 ], [ -56.39419, -34.44948 ], [ -56.39394, -34.44956 ], [ -56.39394, -34.4494 ], [ -56.39379, -34.44948 ], [ -56.39368, -34.4493 ], [ -56.39318, -34.44954 ], [ -56.39334, -34.44938 ], [ -56.39328, -34.44926 ], [ -56.39275, -34.44897 ], [ -56.39283, -34.4491 ], [ -56.39267, -34.44904 ], [ -56.39256, -34.44884 ], [ -56.39242, -34.449 ], [ -56.39221, -34.44896 ], [ -56.39221, -34.44877 ], [ -56.39157, -34.44826 ], [ -56.39143, -34.44832 ], [ -56.39143, -34.44811 ], [ -56.3911, -34.44786 ], [ -56.39086, -34.44805 ], [ -56.39093, -34.44779 ], [ -56.39088, -34.44771 ], [ -56.39076, -34.44781 ], [ -56.39077, -34.44756 ], [ -56.39032, -34.44787 ], [ -56.39055, -34.44752 ], [ -56.38999, -34.44767 ], [ -56.39, -34.44766 ], [ -56.39021, -34.44755 ], [ -56.39036, -34.44744 ], [ -56.3898, -34.44758 ], [ -56.39007, -34.44746 ], [ -56.39007, -34.44733 ], [ -56.38975, -34.44712 ], [ -56.38971, -34.44681 ], [ -56.38949, -34.44675 ], [ -56.38943, -34.44687 ], [ -56.38924, -34.44676 ], [ -56.38916, -34.4469 ], [ -56.38869, -34.44693 ], [ -56.38853, -34.44706 ], [ -56.38811, -34.44624 ], [ -56.39062, -34.44562 ], [ -56.39115, -34.44515 ], [ -56.39155, -34.44514 ], [ -56.39231, -34.44535 ], [ -56.39297, -34.44456 ], [ -56.39355, -34.44423 ], [ -56.39378, -34.44347 ], [ -56.39402, -34.44316 ], [ -56.39477, -34.44302 ], [ -56.39508, -34.44317 ], [ -56.39576, -34.44292 ], [ -56.39602, -34.44188 ], [ -56.39683, -34.44162 ], [ -56.39686, -34.44126 ], [ -56.39719, -34.44118 ], [ -56.39721, -34.44086 ], [ -56.39791, -34.44095 ], [ -56.39776, -34.44125 ], [ -56.39799, -34.44195 ], [ -56.39827, -34.44196 ], [ -56.39862, -34.44216 ], [ -56.3987, -34.44243 ], [ -56.39919, -34.44295 ], [ -56.40029, -34.44282 ], [ -56.40062, -34.44242 ], [ -56.40081, -34.44244 ], [ -56.40111, -34.44269 ], [ -56.40137, -34.44378 ], [ -56.40062, -34.44491 ], [ -56.40052, -34.4455 ], [ -56.40055, -34.44692 ], [ -56.40075, -34.44771 ], [ -56.40192, -34.44887 ], [ -56.40279, -34.45003 ], [ -56.40403, -34.45133 ], [ -56.40459, -34.45237 ], [ -56.40571, -34.4534 ], [ -56.40637, -34.45365 ], [ -56.40679, -34.45409 ], [ -56.40727, -34.45435 ], [ -56.4083, -34.45555 ], [ -56.40895, -34.45572 ], [ -56.40948, -34.45604 ], [ -56.41071, -34.45632 ], [ -56.40489, -34.463 ], [ -56.40474, -34.46265 ], [ -56.40475, -34.46238 ], [ -56.40501, -34.46198 ], [ -56.40491, -34.46182 ], [ -56.40468, -34.46182 ], [ -56.40411, -34.46217 ], [ -56.40347, -34.46207 ], [ -56.40335, -34.46189 ], [ -56.40245, -34.46218 ], [ -56.40206, -34.4622 ], [ -56.40146, -34.46292 ], [ -56.40075, -34.46318 ], [ -56.40039, -34.46361 ], [ -56.40052, -34.46407 ], [ -56.40016, -34.46436 ], [ -56.3983, -34.46308 ] ] ] } },
{ "type": "Feature", "properties": { "nombre": "CA-SRN_CRI-mar2024_Ro.Santa-Lucía", "curso": "Río Santa Lucía", "fecha_evento": "2024-04-21", "cota_local": 9.64, "cota_oficial": null, "fuentes": "Centro Coordinador de Emergencias Departamentales (CECOED) - Canelones" }, "geometry": { "type": "Polygon", "coordinates": [ [ [ -55.96123, -34.28277 ], [ -55.9609, -34.28315 ], [ -55.95826, -34.28332 ], [ -55.95691, -34.2832 ], [ -55.95617, -34.2836 ], [ -55.95489, -34.28389 ], [ -55.95436, -34.2847 ], [ -55.95485, -34.28566 ], [ -55.95465, -34.28588 ], [ -55.95497, -34.2866 ], [ -55.95536, -34.28671 ], [ -55.95596, -34.2877 ], [ -55.95568, -34.28899 ], [ -55.95576, -34.28936 ], [ -55.95554, -34.28949 ], [ -55.9552, -34.28955 ], [ -55.95499, -34.28976 ], [ -55.95448, -34.28993 ], [ -55.95409, -34.28967 ], [ -55.95394, -34.28898 ], [ -55.95373, -34.28864 ], [ -55.95345, -34.28847 ], [ -55.95256, -34.28841 ], [ -55.95197, -34.28807 ], [ -55.95084, -34.28767 ], [ -55.95045, -34.28727 ], [ -55.95001, -34.28712 ], [ -55.94918, -34.28713 ], [ -55.94817, -34.2881 ], [ -55.94702, -34.28993 ], [ -55.94512, -34.29145 ], [ -55.94307, -34.28616 ], [ -55.94377, -34.28619 ], [ -55.94402, -34.28606 ], [ -55.94485, -34.28477 ], [ -55.94529, -34.28465 ], [ -55.94823, -34.28457 ], [ -55.94886, -34.28433 ], [ -55.94994, -34.28416 ], [ -55.95055, -34.2837 ], [ -55.95234, -34.2829 ], [ -55.95306, -34.28223 ], [ -55.95429, -34.28136 ], [ -55.95567, -34.28111 ], [ -55.95664, -34.28112 ], [ -55.95784, -34.28058 ], [ -55.95848, -34.28009 ], [ -55.95888, -34.27932 ], [ -55.95941, -34.27871 ], [ -55.96123, -34.28277 ] ] ] } }
]
}
