{
"type": "FeatureCollection",
"name": "red_nombres",
"xy_coordinate_resolution": 1e-05,
"features": [
{ "type": "Feature", "properties": { "nombre": "Ao. Algarrobos", "DIS_AV_CMS": 2.895 }, "geometry": { "type": "LineString", "coordinates": [ [ -57.27292, -32.93125 ], [ -57.30208, -32.90208 ] ] } },
{ "type": "Feature", "properties": { "nombre": "Ao. Amarillo", "DIS_AV_CMS": 40.872 }, "geometry": { "type": "MultiLineString", "coordinates": [ [ [ -57.43542, -32.08542 ], [ -57.46042, -32.11458 ] ], [ [ -55.09792, -31.67708 ], [ -55.10182, -31.70156 ], [ -55.07786, -31.7224 ], [ -55.08125, -31.73542 ] ], [ [ -54.03958, -32.55208 ], [ -54.03125, -32.55625 ] ] ] } },
{ "type": "Feature", "properties": { "nombre": "Ao. Antonio Herrera", "DIS_AV_CMS": 10.199 }, "geometry": { "type": "MultiLineString", "coordinates": [ [ [ -55.82292, -33.26875 ], [ -55.81589, -33.34766 ], [ -55.83125, -33.36563 ], [ -55.81615, -33.39375 ], [ -55.82708, -33.41042 ] ], [ [ -55.77292, -33.18125 ], [ -55.77813, -33.21927 ], [ -55.79635, -33.22969 ], [ -55.80208, -33.25208 ] ] ] } },
{ "type": "Feature", "properties": { "nombre": "Ao. Araújo", "DIS_AV_CMS": 2.923 }, "geometry": { "type": "LineString", "coordinates": [ [ -57.78125, -32.05208 ], [ -57.80599, -32.08594 ], [ -57.80208, -32.09792 ] ] } },
{ "type": "Feature", "properties": { "nombre": "Ao. Arenal Chico", "DIS_AV_CMS": 3.559 }, "geometry": { "type": "LineString", "coordinates": [ [ -58.33958, -33.66458 ], [ -58.36901, -33.63594 ], [ -58.41875, -33.61875 ] ] } },
{ "type": "Feature", "properties": { "nombre": "Ao. Arenal Grande", "DIS_AV_CMS": 1.849 }, "geometry": { "type": "LineString", "coordinates": [ [ -58.19375, -33.76875 ], [ -58.2401, -33.7638 ], [ -58.32188, -33.70313 ], [ -58.33958, -33.66458 ] ] } },
{ "type": "Feature", "properties": { "nombre": "Ao. Arerunguá", "DIS_AV_CMS": 48.555 }, "geometry": { "type": "MultiLineString", "coordinates": [ [ [ -57.07708, -31.28125 ], [ -57.06563, -31.2474 ], [ -57.08542, -31.23542 ] ], [ [ -56.91875, -31.36458 ], [ -56.96615, -31.35885 ], [ -57.00625, -31.33125 ] ], [ [ -56.92708, -31.39375 ], [ -56.92292, -31.36875 ] ], [ [ -56.83542, -31.45625 ], [ -56.86458, -31.43542 ] ], [ [ -56.79792, -31.49792 ], [ -56.81042, -31.47708 ] ], [ [ -56.68125, -31.63125 ], [ -56.72969, -31.58698 ], [ -56.74792, -31.53542 ] ], [ [ -56.46042, -31.68125 ], [ -56.54375, -31.68958 ], [ -56.66042, -31.63542 ] ] ] } },
{ "type": "Feature", "properties": { "nombre": "Ao. Arrayán", "DIS_AV_CMS": 3.874 }, "geometry": { "type": "LineString", "coordinates": [ [ -55.46875, -33.71458 ], [ -55.48385, -33.71198 ], [ -55.48958, -33.69375 ], [ -55.45208, -33.66875 ] ] } },
{ "type": "Feature", "properties": { "nombre": "Ao. Arroyito Las Islas", "DIS_AV_CMS": 7.142 }, "geometry": { "type": "LineString", "coordinates": [ [ -54.45208, -33.05208 ], [ -54.42943, -33.07161 ], [ -54.42708, -33.08958 ] ] } },
{ "type": "Feature", "properties": { "nombre": "Ao. Ataques", "DIS_AV_CMS": 2.546 }, "geometry": { "type": "LineString", "coordinates": [ [ -55.43958, -31.23542 ], [ -55.45625, -31.23542 ] ] } },
{ "type": "Feature", "properties": { "nombre": "Ao. Averías", "DIS_AV_CMS": 12.327 }, "geometry": { "type": "LineString", "coordinates": [ [ -53.72708, -33.83125 ], [ -53.70625, -33.83958 ] ] } },
{ "type": "Feature", "properties": { "nombre": "Ao. Averías Grande", "DIS_AV_CMS": 13.334 }, "geometry": { "type": "MultiLineString", "coordinates": [ [ [ -57.20625, -32.68958 ], [ -57.25208, -32.66875 ] ], [ [ -57.16875, -32.67292 ], [ -57.18958, -32.68125 ] ], [ [ -57.08958, -32.66875 ], [ -57.12708, -32.66042 ] ], [ [ -57.06458, -32.64792 ], [ -57.06875, -32.65208 ] ], [ [ -56.96875, -32.57708 ], [ -57.01042, -32.63125 ] ], [ [ -56.93958, -32.54375 ], [ -56.94792, -32.54792 ] ], [ [ -56.90208, -32.51042 ], [ -56.91875, -32.51875 ] ] ] } },
{ "type": "Feature", "properties": { "nombre": "Ao. Avestruz Chico", "DIS_AV_CMS": 4.816 }, "geometry": { "type": "LineString", "coordinates": [ [ -54.65208, -33.06458 ], [ -54.66771, -33.10156 ], [ -54.66875, -33.16458 ] ] } },
{ "type": "Feature", "properties": { "nombre": "Ao. Avestruz Grande", "DIS_AV_CMS": 25.474 }, "geometry": { "type": "MultiLineString", "coordinates": [ [ [ -54.69792, -32.97708 ], [ -54.69948, -32.99948 ], [ -54.72969, -33.00964 ], [ -54.73333, -33.04063 ], [ -54.71875, -33.05208 ], [ -54.72135, -33.09531 ], [ -54.70365, -33.10052 ], [ -54.69922, -33.13724 ], [ -54.66875, -33.16458 ], [ -54.67031, -33.1987 ], [ -54.68958, -33.21042 ] ], [ [ -54.69375, -32.88542 ], [ -54.67708, -32.91458 ] ] ] } },
{ "type": "Feature", "properties": { "nombre": "Ao. Bacacuá Grande", "DIS_AV_CMS": 5.329 }, "geometry": { "type": "LineString", "coordinates": [ [ -57.61458, -32.31042 ], [ -57.64401, -32.2776 ], [ -57.70365, -32.25885 ], [ -57.70286, -32.24323 ], [ -57.72214, -32.22474 ], [ -57.72031, -32.19219 ], [ -57.74349, -32.19323 ], [ -57.76458, -32.16875 ] ] } },
{ "type": "Feature", "properties": { "nombre": "Ao. Barriga Negra", "DIS_AV_CMS": 17.32 }, "geometry": { "type": "MultiLineString", "coordinates": [ [ [ -55.10208, -33.86875 ], [ -55.08177, -33.87266 ], [ -55.06979, -33.86042 ], [ -55.05208, -33.86875 ] ], [ [ -55.03542, -34.02292 ], [ -55.05625, -33.99375 ] ], [ [ -55.05625, -33.92292 ], [ -55.06458, -33.90781 ], [ -55.05208, -33.86875 ] ], [ [ -55.05208, -33.86875 ], [ -55.03542, -33.84792 ] ], [ [ -54.96875, -33.79792 ], [ -54.95469, -33.77292 ], [ -54.94323, -33.78516 ], [ -54.91042, -33.78542 ] ] ] } },
{ "type": "Feature", "properties": { "nombre": "Ao. Batoví", "DIS_AV_CMS": 9.881 }, "geometry": { "type": "MultiLineString", "coordinates": [ [ [ -55.92708, -31.92292 ], [ -55.91042, -31.91042 ] ], [ [ -55.81042, -31.91875 ], [ -55.77552, -31.92031 ], [ -55.75885, -31.94375 ], [ -55.7401, -31.93151 ], [ -55.71875, -31.94792 ] ], [ [ -55.41042, -31.11042 ], [ -55.44219, -31.12188 ], [ -55.45208, -31.17292 ] ], [ [ -54.53958, -32.91875 ], [ -54.52292, -32.95208 ] ] ] } },
{ "type": "Feature", "properties": { "nombre": "Ao. Batoví Chico", "DIS_AV_CMS": 1.975 }, "geometry": { "type": "LineString", "coordinates": [ [ -56.06042, -31.94792 ], [ -56.05208, -31.95208 ] ] } },
{ "type": "Feature", "properties": { "nombre": "Ao. Bañado De Medina", "DIS_AV_CMS": 8.308 }, "geometry": { "type": "LineString", "coordinates": [ [ -54.28542, -32.45208 ], [ -54.26875, -32.44375 ] ] } },
{ "type": "Feature", "properties": { "nombre": "Ao. Bañados De Aceguá", "DIS_AV_CMS": 14.698 }, "geometry": { "type": "MultiLineString", "coordinates": [ [ [ -54.47292, -32.00625 ], [ -54.55625, -32.03958 ] ], [ [ -54.36458, -31.99375 ], [ -54.46042, -31.99792 ] ], [ [ -54.30625, -31.98542 ], [ -54.33542, -31.99375 ] ], [ [ -54.23958, -31.99375 ], [ -54.28542, -31.98542 ] ], [ [ -54.18125, -31.98958 ], [ -54.21875, -31.98542 ] ] ] } },
{ "type": "Feature", "properties": { "nombre": "Ao. Bellaco", "DIS_AV_CMS": 3.844 }, "geometry": { "type": "LineString", "coordinates": [ [ -58.00208, -32.64792 ], [ -58.01719, -32.61615 ], [ -58.08802, -32.57839 ], [ -58.12031, -32.52578 ], [ -58.14557, -32.50755 ], [ -58.15208, -32.47292 ] ] } },
{ "type": "Feature", "properties": { "nombre": "Ao. Bequeló", "DIS_AV_CMS": 18.97 }, "geometry": { "type": "MultiLineString", "coordinates": [ [ [ -57.97708, -33.23125 ], [ -57.9849, -33.21146 ], [ -58.01458, -33.22708 ] ], [ [ -57.91042, -33.28542 ], [ -57.93125, -33.27292 ], [ -57.94271, -33.23229 ], [ -57.96042, -33.23125 ] ], [ [ -57.78125, -33.37292 ], [ -57.79063, -33.32188 ], [ -57.80625, -33.30625 ], [ -57.87031, -33.29635 ], [ -57.87708, -33.27708 ] ], [ [ -57.71458, -33.34792 ], [ -57.77708, -33.30625 ] ], [ [ -57.68125, -33.36875 ], [ -57.69375, -33.36458 ] ] ] } },
{ "type": "Feature", "properties": { "nombre": "Ao. Berachi", "DIS_AV_CMS": 2.167 }, "geometry": { "type": "LineString", "coordinates": [ [ -53.88542, -32.08958 ], [ -53.87708, -32.06875 ] ] } },
{ "type": "Feature", "properties": { "nombre": "Ao. Bizcocho", "DIS_AV_CMS": 4.52 }, "geometry": { "type": "LineString", "coordinates": [ [ -57.98542, -33.46458 ], [ -58.04792, -33.43958 ], [ -58.12344, -33.46406 ], [ -58.16849, -33.46745 ], [ -58.21146, -33.45208 ], [ -58.27135, -33.48802 ], [ -58.28542, -33.53542 ] ] } },
{ "type": "Feature", "properties": { "nombre": "Ao. Blanco", "DIS_AV_CMS": 2.813 }, "geometry": { "type": "MultiLineString", "coordinates": [ [ [ -54.77292, -31.64792 ], [ -54.75208, -31.66042 ] ], [ [ -54.73958, -31.66875 ], [ -54.67708, -31.61458 ] ] ] } },
{ "type": "Feature", "properties": { "nombre": "Ao. Blanquillo Chico", "DIS_AV_CMS": 2.261 }, "geometry": { "type": "LineString", "coordinates": [ [ -57.31042, -31.75208 ], [ -57.31042, -31.73542 ] ] } },
{ "type": "Feature", "properties": { "nombre": "Ao. Blanquillo Grande", "DIS_AV_CMS": 16.221 }, "geometry": { "type": "LineString", "coordinates": [ [ -57.26042, -31.74792 ], [ -57.28281, -31.72708 ], [ -57.31042, -31.73542 ] ] } },
{ "type": "Feature", "properties": { "nombre": "Ao. Buen Retiro", "DIS_AV_CMS": 4.687 }, "geometry": { "type": "LineString", "coordinates": [ [ -55.87292, -31.23125 ], [ -55.86354, -31.23958 ], [ -55.84792, -31.22708 ] ] } },
{ "type": "Feature", "properties": { "nombre": "Ao. Buricayupí", "DIS_AV_CMS": 7.698 }, "geometry": { "type": "MultiLineString", "coordinates": [ [ [ -57.50625, -32.08958 ], [ -57.52292, -32.10208 ] ], [ [ -57.44792, -32.01042 ], [ -57.47292, -32.02708 ] ], [ [ -57.39792, -31.96875 ], [ -57.41875, -31.98542 ] ] ] } },
{ "type": "Feature", "properties": { "nombre": "Ao. Cagancha", "DIS_AV_CMS": 64.134 }, "geometry": { "type": "MultiLineString", "coordinates": [ [ [ -56.60208, -34.51458 ], [ -56.58542, -34.51875 ], [ -56.58542, -34.49792 ] ], [ [ -56.56042, -34.38542 ], [ -56.57708, -34.41458 ] ] ] } },
{ "type": "Feature", "properties": { "nombre": "Ao. Calera", "DIS_AV_CMS": 11.645 }, "geometry": { "type": "LineString", "coordinates": [ [ -54.73958, -34.08542 ], [ -54.71875, -34.08125 ] ] } },
{ "type": "Feature", "properties": { "nombre": "Ao. Cambará", "DIS_AV_CMS": 17.815 }, "geometry": { "type": "LineString", "coordinates": [ [ -56.43542, -31.08125 ], [ -56.44792, -31.06458 ] ] } },
{ "type": "Feature", "properties": { "nombre": "Ao. Campamento", "DIS_AV_CMS": 66.373 }, "geometry": { "type": "LineString", "coordinates": [ [ -53.73542, -32.76875 ], [ -53.70208, -32.76458 ] ] } },
{ "type": "Feature", "properties": { "nombre": "Ao. Campanero Grande", "DIS_AV_CMS": 5.776 }, "geometry": { "type": "MultiLineString", "coordinates": [ [ [ -55.16042, -34.35625 ], [ -55.19792, -34.33542 ] ], [ [ -55.10208, -34.33125 ], [ -55.14453, -34.33698 ], [ -55.16042, -34.35625 ] ], [ [ -55.11458, -34.39375 ], [ -55.16042, -34.35625 ] ] ] } },
{ "type": "Feature", "properties": { "nombre": "Ao. Canelera", "DIS_AV_CMS": 1.986 }, "geometry": { "type": "LineString", "coordinates": [ [ -55.43958, -31.65208 ], [ -55.46615, -31.64635 ], [ -55.47708, -31.62292 ] ] } },
{ "type": "Feature", "properties": { "nombre": "Ao. Canelón Chico", "DIS_AV_CMS": 6.411 }, "geometry": { "type": "MultiLineString", "coordinates": [ [ [ -56.23542, -34.54792 ], [ -56.25885, -34.53698 ], [ -56.27135, -34.50365 ], [ -56.31042, -34.50208 ] ], [ [ -56.16458, -34.58125 ], [ -56.20625, -34.57708 ], [ -56.22708, -34.55208 ] ] ] } },
{ "type": "Feature", "properties": { "nombre": "Ao. Canelón Grande", "DIS_AV_CMS": 14.129 }, "geometry": { "type": "MultiLineString", "coordinates": [ [ [ -56.26042, -34.45625 ], [ -56.39375, -34.50208 ] ], [ [ -56.20625, -34.44375 ], [ -56.22708, -34.4362 ], [ -56.25625, -34.45625 ] ], [ [ -56.13125, -34.46458 ], [ -56.16042, -34.45208 ], [ -56.18958, -34.45625 ] ], [ [ -56.08958, -34.48958 ], [ -56.11875, -34.46458 ] ] ] } },
{ "type": "Feature", "properties": { "nombre": "Ao. Cangallero", "DIS_AV_CMS": 2.098 }, "geometry": { "type": "LineString", "coordinates": [ [ -55.17292, -33.93958 ], [ -55.17292, -33.91458 ] ] } },
{ "type": "Feature", "properties": { "nombre": "Ao. Capilla Vieja", "DIS_AV_CMS": 3.176 }, "geometry": { "type": "LineString", "coordinates": [ [ -57.57708, -32.27708 ], [ -57.65625, -32.18542 ] ] } },
{ "type": "Feature", "properties": { "nombre": "Ao. Caracoles", "DIS_AV_CMS": 1.517 }, "geometry": { "type": "LineString", "coordinates": [ [ -57.49792, -33.21875 ], [ -57.50625, -33.18125 ] ] } },
{ "type": "Feature", "properties": { "nombre": "Ao. Caraguatá", "DIS_AV_CMS": 19.665 }, "geometry": { "type": "MultiLineString", "coordinates": [ [ [ -55.21042, -32.24375 ], [ -55.22708, -32.25625 ] ], [ [ -55.09792, -32.18958 ], [ -55.14375, -32.21042 ] ], [ [ -55.04375, -32.17708 ], [ -55.05208, -32.18125 ] ], [ [ -54.96875, -32.06042 ], [ -54.98542, -32.09948 ], [ -54.98125, -32.12708 ] ], [ [ -54.93125, -32.01458 ], [ -54.94375, -32.02708 ] ], [ [ -54.91042, -31.98125 ], [ -54.91875, -31.98958 ], [ -54.91042, -31.99792 ] ], [ [ -54.89792, -31.94375 ], [ -54.89792, -31.96458 ] ], [ [ -54.84792, -31.83542 ], [ -54.86458, -31.89375 ] ], [ [ -54.81042, -31.80625 ], [ -54.82292, -31.83542 ] ] ] } },
{ "type": "Feature", "properties": { "nombre": "Ao. Carapé", "DIS_AV_CMS": 7.571 }, "geometry": { "type": "MultiLineString", "coordinates": [ [ [ -54.92708, -34.55625 ], [ -54.90625, -34.56875 ], [ -54.86875, -34.46875 ] ], [ [ -54.91042, -34.60208 ], [ -54.86875, -34.63958 ] ] ] } },
{ "type": "Feature", "properties": { "nombre": "Ao. Cardozo", "DIS_AV_CMS": 4.635 }, "geometry": { "type": "MultiLineString", "coordinates": [ [ [ -56.29792, -32.51458 ], [ -56.29948, -32.53281 ], [ -56.31042, -32.53542 ] ], [ [ -56.18125, -32.11042 ], [ -56.17708, -32.11042 ] ] ] } },
{ "type": "Feature", "properties": { "nombre": "Ao. Carpintería", "DIS_AV_CMS": 40.429 }, "geometry": { "type": "MultiLineString", "coordinates": [ [ [ -55.92292, -32.94792 ], [ -55.98958, -32.93958 ] ], [ [ -55.81875, -31.52708 ], [ -55.78958, -31.50208 ], [ -55.77292, -31.51042 ] ], [ [ -55.22292, -31.76042 ], [ -55.21042, -31.79948 ], [ -55.21875, -31.82969 ], [ -55.20625, -31.83542 ] ], [ [ -54.33125, -31.66458 ], [ -54.35052, -31.65208 ], [ -54.39375, -31.67708 ] ] ] } },
{ "type": "Feature", "properties": { "nombre": "Ao. Carreta Quemada", "DIS_AV_CMS": 9.39 }, "geometry": { "type": "MultiLineString", "coordinates": [ [ [ -56.58125, -34.23958 ], [ -56.67188, -34.25104 ], [ -56.68021, -34.2599 ], [ -56.67344, -34.31536 ], [ -56.68958, -34.32708 ] ], [ [ -56.52708, -34.06042 ], [ -56.53958, -34.08854 ], [ -56.52734, -34.15573 ], [ -56.56875, -34.21875 ] ] ] } },
{ "type": "Feature", "properties": { "nombre": "Ao. Carumbé", "DIS_AV_CMS": 29.537 }, "geometry": { "type": "MultiLineString", "coordinates": [ [ [ -57.57292, -31.63542 ], [ -57.58125, -31.60208 ], [ -57.50625, -31.63542 ] ], [ [ -57.49375, -31.73125 ], [ -57.49792, -31.72708 ] ] ] } },
{ "type": "Feature", "properties": { "nombre": "Ao. Castellanos", "DIS_AV_CMS": 59.526 }, "geometry": { "type": "LineString", "coordinates": [ [ -56.66875, -34.44375 ], [ -56.66042, -34.47708 ] ] } },
{ "type": "Feature", "properties": { "nombre": "Ao. Casupá", "DIS_AV_CMS": 14.695 }, "geometry": { "type": "MultiLineString", "coordinates": [ [ [ -55.51458, -34.05625 ], [ -55.53385, -34.07708 ], [ -55.53203, -34.09844 ], [ -55.55052, -34.10469 ], [ -55.5487, -34.13177 ], [ -55.59948, -34.17031 ], [ -55.60625, -34.19375 ], [ -55.61797, -34.17526 ], [ -55.60781, -34.12135 ], [ -55.61875, -34.08958 ] ], [ [ -55.36458, -33.99375 ], [ -55.40469, -34.02135 ], [ -55.42266, -34.01094 ], [ -55.46458, -34.04792 ] ] ] } },
{ "type": "Feature", "properties": { "nombre": "Ao. Catalán Chico", "DIS_AV_CMS": 9.687 }, "geometry": { "type": "MultiLineString", "coordinates": [ [ [ -56.33958, -30.81875 ], [ -56.33958, -30.79792 ] ], [ [ -56.33958, -30.79375 ], [ -56.31875, -30.69792 ] ], [ [ -56.31875, -30.69792 ], [ -56.31875, -30.68958 ] ], [ [ -56.28125, -30.72708 ], [ -56.31875, -30.69792 ] ] ] } },
{ "type": "Feature", "properties": { "nombre": "Ao. Catalán Grande", "DIS_AV_CMS": 20.29 }, "geometry": { "type": "MultiLineString", "coordinates": [ [ [ -56.32292, -30.68125 ], [ -56.31458, -30.65365 ], [ -56.32708, -30.63698 ], [ -56.31042, -30.61042 ], [ -56.33932, -30.5974 ], [ -56.32708, -30.57604 ], [ -56.33958, -30.53542 ] ], [ [ -56.24375, -30.80208 ], [ -56.24375, -30.75208 ], [ -56.28125, -30.72708 ] ] ] } },
{ "type": "Feature", "properties": { "nombre": "Ao. Ceballos Grande", "DIS_AV_CMS": 3.701 }, "geometry": { "type": "LineString", "coordinates": [ [ -57.26875, -30.82292 ], [ -57.28203, -30.8651 ], [ -57.34375, -30.91042 ] ] } },
{ "type": "Feature", "properties": { "nombre": "Ao. Ceibal", "DIS_AV_CMS": 50.744 }, "geometry": { "type": "MultiLineString", "coordinates": [ [ [ -55.50625, -32.82708 ], [ -55.52969, -32.83542 ], [ -55.55208, -32.82292 ] ], [ [ -55.21875, -32.63958 ], [ -55.22292, -32.61875 ] ], [ [ -54.51458, -31.75625 ], [ -54.50625, -31.79792 ] ] ] } },
{ "type": "Feature", "properties": { "nombre": "Ao. Chamizo", "DIS_AV_CMS": 8.968 }, "geometry": { "type": "MultiLineString", "coordinates": [ [ [ -56.67292, -34.13125 ], [ -56.69219, -34.15885 ], [ -56.70625, -34.15625 ] ], [ [ -56.65208, -34.11875 ], [ -56.66458, -34.12292 ] ], [ [ -56.60625, -33.98125 ], [ -56.63958, -34.02708 ], [ -56.65208, -34.08281 ], [ -56.64375, -34.09375 ] ], [ [ -56.58542, -33.95208 ], [ -56.59375, -33.96042 ] ] ] } },
{ "type": "Feature", "properties": { "nombre": "Ao. Chamizo Grande", "DIS_AV_CMS": 12.012 }, "geometry": { "type": "LineString", "coordinates": [ [ -55.85208, -34.19792 ], [ -55.86042, -34.18958 ], [ -56.01042, -34.23958 ] ] } },
{ "type": "Feature", "properties": { "nombre": "Ao. Chapicuy Chico", "DIS_AV_CMS": 2.313 }, "geometry": { "type": "LineString", "coordinates": [ [ -57.7375, -31.66458 ], [ -57.78542, -31.65547 ], [ -57.84089, -31.61901 ], [ -57.93594, -31.61875 ], [ -57.97865, -31.63542 ], [ -57.98958, -31.62708 ] ] } },
{ "type": "Feature", "properties": { "nombre": "Ao. Chapicuy Grande", "DIS_AV_CMS": 4.09 }, "geometry": { "type": "MultiLineString", "coordinates": [ [ [ -57.93958, -31.66042 ], [ -57.95313, -31.65208 ], [ -57.99375, -31.68542 ], [ -58.00625, -31.67708 ] ], [ [ -57.89792, -31.70625 ], [ -57.90625, -31.67708 ] ] ] } },
{ "type": "Feature", "properties": { "nombre": "Ao. Chiflero", "DIS_AV_CMS": 104.023 }, "geometry": { "type": "LineString", "coordinates": [ [ -56.52292, -30.36875 ], [ -56.53542, -30.36458 ] ] } },
{ "type": "Feature", "properties": { "nombre": "Ao. Chileno Chico", "DIS_AV_CMS": 7.536 }, "geometry": { "type": "MultiLineString", "coordinates": [ [ [ -55.78125, -33.00208 ], [ -55.76198, -32.98698 ], [ -55.77708, -32.96875 ] ], [ [ -55.77708, -32.93542 ], [ -55.78125, -32.90521 ], [ -55.74375, -32.81875 ] ] ] } },
{ "type": "Feature", "properties": { "nombre": "Ao. Chileno Grande", "DIS_AV_CMS": 15.57 }, "geometry": { "type": "MultiLineString", "coordinates": [ [ [ -55.78125, -32.75208 ], [ -55.77292, -32.7224 ], [ -55.78542, -32.70208 ] ], [ [ -55.73125, -33.03958 ], [ -55.73958, -33.02448 ], [ -55.72708, -33.00781 ], [ -55.74219, -32.99948 ], [ -55.74792, -32.96094 ], [ -55.73958, -32.92448 ], [ -55.76458, -32.88542 ] ] ] } },
{ "type": "Feature", "properties": { "nombre": "Ao. Chuy", "DIS_AV_CMS": 40.326 }, "geometry": { "type": "MultiLineString", "coordinates": [ [ [ -54.06875, -32.21875 ], [ -54.0513, -32.27292 ], [ -54.02708, -32.28542 ] ], [ [ -54.03125, -32.33542 ], [ -54.04792, -32.35625 ] ], [ [ -54.03958, -32.46042 ], [ -54.05208, -32.52188 ], [ -54.03958, -32.55208 ] ], [ [ -54.03542, -32.36875 ], [ -54.03542, -32.41458 ] ], [ [ -53.32292, -33.58125 ], [ -53.38281, -33.60781 ], [ -53.41042, -33.66042 ], [ -53.4388, -33.68542 ], [ -53.43125, -33.73542 ], [ -53.38125, -33.75208 ] ] ] } },
{ "type": "Feature", "properties": { "nombre": "Ao. Coladeras", "DIS_AV_CMS": 3.214 }, "geometry": { "type": "LineString", "coordinates": [ [ -57.88958, -32.90625 ], [ -57.87708, -32.94375 ] ] } },
{ "type": "Feature", "properties": { "nombre": "Ao. Colla", "DIS_AV_CMS": 9.601 }, "geometry": { "type": "MultiLineString", "coordinates": [ [ [ -57.41458, -33.99792 ], [ -57.39818, -34.01589 ], [ -57.40625, -34.04792 ], [ -57.39792, -34.06563 ], [ -57.42552, -34.11615 ], [ -57.40964, -34.20625 ], [ -57.38125, -34.24115 ], [ -57.39271, -34.25573 ], [ -57.38542, -34.26875 ] ], [ [ -57.37708, -34.27292 ], [ -57.33958, -34.31875 ] ] ] } },
{ "type": "Feature", "properties": { "nombre": "Ao. Cololó", "DIS_AV_CMS": 6.485 }, "geometry": { "type": "MultiLineString", "coordinates": [ [ [ -57.71042, -33.18542 ], [ -57.72552, -33.15365 ], [ -57.75729, -33.13802 ], [ -57.77969, -33.09531 ], [ -57.82292, -33.09792 ] ], [ [ -57.58958, -33.26875 ], [ -57.62292, -33.24792 ] ] ] } },
{ "type": "Feature", "properties": { "nombre": "Ao. Colorado Grande", "DIS_AV_CMS": 9.941 }, "geometry": { "type": "LineString", "coordinates": [ [ -56.08125, -34.35625 ], [ -56.10625, -34.36458 ] ] } },
{ "type": "Feature", "properties": { "nombre": "Ao. Conventos", "DIS_AV_CMS": 8.696 }, "geometry": { "type": "MultiLineString", "coordinates": [ [ [ -54.23542, -32.31042 ], [ -54.22708, -32.30625 ] ], [ [ -54.21042, -32.35208 ], [ -54.19792, -32.37292 ] ], [ [ -54.17708, -32.34792 ], [ -54.18125, -32.38125 ] ], [ [ -54.17292, -32.44792 ], [ -54.17292, -32.46042 ] ] ] } },
{ "type": "Feature", "properties": { "nombre": "Ao. Coquimbo", "DIS_AV_CMS": 3.636 }, "geometry": { "type": "MultiLineString", "coordinates": [ [ [ -57.76458, -33.40625 ], [ -57.78125, -33.37292 ] ], [ [ -57.76042, -33.43125 ], [ -57.76458, -33.42708 ] ], [ [ -57.72708, -33.46042 ], [ -57.74375, -33.45625 ] ] ] } },
{ "type": "Feature", "properties": { "nombre": "Ao. Coronilla", "DIS_AV_CMS": 27.568 }, "geometry": { "type": "MultiLineString", "coordinates": [ [ [ -56.77708, -34.11458 ], [ -56.78125, -34.12708 ] ], [ [ -54.86458, -31.96458 ], [ -54.89792, -31.96458 ], [ -54.91042, -31.98125 ] ] ] } },
{ "type": "Feature", "properties": { "nombre": "Ao. Coronilla Chico", "DIS_AV_CMS": 11.323 }, "geometry": { "type": "LineString", "coordinates": [ [ -54.56875, -31.71042 ], [ -54.52708, -31.72292 ], [ -54.52292, -31.73958 ] ] } },
{ "type": "Feature", "properties": { "nombre": "Ao. Corrales", "DIS_AV_CMS": 169.6 }, "geometry": { "type": "MultiLineString", "coordinates": [ [ [ -55.48958, -31.61458 ], [ -55.51875, -31.65208 ] ], [ [ -55.42292, -31.55208 ], [ -55.4362, -31.56797 ], [ -55.45469, -31.56719 ], [ -55.45182, -31.58047 ], [ -55.47448, -31.58281 ], [ -55.48958, -31.61458 ] ], [ [ -55.47708, -31.62292 ], [ -55.48958, -31.61458 ] ], [ [ -55.37292, -31.50208 ], [ -55.38958, -31.50208 ] ], [ [ -55.33542, -31.45625 ], [ -55.34375, -31.46458 ] ], [ [ -55.27708, -31.38958 ], [ -55.31458, -31.43542 ] ], [ [ -55.24792, -31.38125 ], [ -55.26042, -31.39375 ] ], [ [ -55.23125, -31.32708 ], [ -55.23958, -31.34792 ] ], [ [ -54.41875, -33.38125 ], [ -54.39375, -33.39375 ], [ -54.35625, -33.34792 ] ], [ [ -54.41458, -32.02708 ], [ -54.41458, -31.99792 ] ], [ [ -54.33125, -33.34792 ], [ -54.29479, -33.35521 ], [ -54.28281, -33.37969 ], [ -54.19948, -33.43802 ], [ -54.13125, -33.46042 ], [ -54.11042, -33.44375 ] ] ] } },
{ "type": "Feature", "properties": { "nombre": "Ao. Corrales Del Parao", "DIS_AV_CMS": 3.496 }, "geometry": { "type": "MultiLineString", "coordinates": [ [ [ -54.18125, -32.97292 ], [ -54.14479, -32.99271 ], [ -54.13125, -33.01875 ] ], [ [ -54.11458, -33.01875 ], [ -54.11302, -33.03698 ], [ -54.08542, -33.05625 ] ] ] } },
{ "type": "Feature", "properties": { "nombre": "Ao. Corto", "DIS_AV_CMS": 1.871 }, "geometry": { "type": "LineString", "coordinates": [ [ -57.92292, -33.14375 ], [ -57.96042, -33.13542 ] ] } },
{ "type": "Feature", "properties": { "nombre": "Ao. Cuaró", "DIS_AV_CMS": 32.125 }, "geometry": { "type": "MultiLineString", "coordinates": [ [ [ -55.21458, -31.88958 ], [ -55.26042, -31.93542 ] ], [ [ -55.13125, -31.89375 ], [ -55.15365, -31.88125 ], [ -55.16042, -31.89375 ] ] ] } },
{ "type": "Feature", "properties": { "nombre": "Ao. Cuaró Chico", "DIS_AV_CMS": 4.711 }, "geometry": { "type": "LineString", "coordinates": [ [ -56.79792, -30.63542 ], [ -56.8099, -30.61536 ], [ -56.88125, -30.57292 ], [ -56.93724, -30.57786 ], [ -56.95208, -30.58958 ] ] } },
{ "type": "Feature", "properties": { "nombre": "Ao. Cuaró Grande", "DIS_AV_CMS": 289.895 }, "geometry": { "type": "MultiLineString", "coordinates": [ [ [ -57.20208, -30.28958 ], [ -57.26875, -30.28542 ] ], [ [ -57.18958, -30.28125 ], [ -57.20208, -30.28958 ] ], [ [ -57.18958, -30.31458 ], [ -57.20208, -30.28958 ] ], [ [ -57.16458, -30.43958 ], [ -57.18125, -30.39792 ] ], [ [ -57.04375, -30.51042 ], [ -57.05208, -30.48125 ], [ -57.09792, -30.46458 ] ], [ [ -56.95208, -30.58958 ], [ -56.96458, -30.58958 ] ], [ [ -56.88958, -30.66875 ], [ -56.95208, -30.61458 ] ], [ [ -56.81458, -30.74792 ], [ -56.85208, -30.70208 ] ], [ [ -56.76042, -30.78542 ], [ -56.78125, -30.78125 ] ], [ [ -56.56042, -30.78542 ], [ -56.58438, -30.76875 ], [ -56.66927, -30.78958 ], [ -56.76042, -30.78542 ] ], [ [ -56.75625, -30.79792 ], [ -56.76042, -30.78542 ] ] ] } },
{ "type": "Feature", "properties": { "nombre": "Ao. Cufré", "DIS_AV_CMS": 32.276 }, "geometry": { "type": "MultiLineString", "coordinates": [ [ [ -57.33125, -34.39792 ], [ -57.34792, -34.42708 ] ], [ [ -57.09375, -34.33958 ], [ -57.10625, -34.35208 ], [ -57.11458, -34.40625 ], [ -57.14375, -34.44792 ] ] ] } },
{ "type": "Feature", "properties": { "nombre": "Ao. Curupí", "DIS_AV_CMS": 5.942 }, "geometry": { "type": "LineString", "coordinates": [ [ -56.98958, -31.52708 ], [ -56.99375, -31.52292 ] ] } },
{ "type": "Feature", "properties": { "nombre": "Ao. Cuñapirú", "DIS_AV_CMS": 65.091 }, "geometry": { "type": "MultiLineString", "coordinates": [ [ [ -55.58542, -31.40625 ], [ -55.59792, -31.43542 ], [ -55.57552, -31.44115 ], [ -55.56875, -31.45625 ], [ -55.58516, -31.46589 ], [ -55.57865, -31.48698 ], [ -55.60625, -31.50625 ] ], [ [ -55.59792, -31.54375 ], [ -55.60208, -31.56875 ], [ -55.5737, -31.58125 ], [ -55.57292, -31.62292 ], [ -55.54375, -31.62292 ] ], [ [ -55.59375, -31.36458 ], [ -55.57708, -31.39948 ], [ -55.58542, -31.40625 ] ], [ [ -55.50208, -31.42292 ], [ -55.54583, -31.39792 ], [ -55.56875, -31.41719 ], [ -55.58542, -31.40625 ] ], [ [ -55.56458, -30.90208 ], [ -55.55208, -30.91042 ] ], [ [ -55.51875, -31.65208 ], [ -55.53958, -31.67292 ] ], [ [ -55.53125, -31.75208 ], [ -55.53542, -31.76875 ] ], [ [ -55.51875, -31.32708 ], [ -55.51432, -31.34323 ], [ -55.48177, -31.34818 ], [ -55.48958, -31.38125 ] ], [ [ -55.50625, -30.96042 ], [ -55.48125, -30.98542 ], [ -55.48125, -31.0099 ], [ -55.50365, -31.06979 ], [ -55.52292, -31.08125 ], [ -55.51042, -31.11875 ] ], [ [ -55.48125, -31.23958 ], [ -55.51849, -31.27839 ], [ -55.49818, -31.29844 ], [ -55.50208, -31.31875 ] ], [ [ -55.50208, -31.18125 ], [ -55.50104, -31.19896 ], [ -55.46875, -31.21042 ] ], [ [ -55.45625, -31.23542 ], [ -55.48125, -31.23958 ] ], [ [ -55.46875, -31.21042 ], [ -55.49792, -31.22292 ], [ -55.48125, -31.23958 ] ], [ [ -55.45208, -31.17292 ], [ -55.46875, -31.21042 ] ] ] } },
{ "type": "Feature", "properties": { "nombre": "Ao. Dacá", "DIS_AV_CMS": 1.779 }, "geometry": { "type": "LineString", "coordinates": [ [ -58.03542, -33.28958 ], [ -58.05208, -33.23958 ] ] } },
{ "type": "Feature", "properties": { "nombre": "Ao. De Arias", "DIS_AV_CMS": 81.233 }, "geometry": { "type": "LineString", "coordinates": [ [ -56.06042, -34.18542 ], [ -56.07969, -34.19219 ], [ -56.09141, -34.21745 ], [ -56.08542, -34.25625 ], [ -56.09792, -34.27292 ] ] } },
{ "type": "Feature", "properties": { "nombre": "Ao. De Ayala", "DIS_AV_CMS": 3.626 }, "geometry": { "type": "LineString", "coordinates": [ [ -53.71875, -33.06042 ], [ -53.70208, -33.08542 ] ] } },
{ "type": "Feature", "properties": { "nombre": "Ao. De Caballero", "DIS_AV_CMS": 5.115 }, "geometry": { "type": "MultiLineString", "coordinates": [ [ [ -56.63542, -33.17708 ], [ -56.70208, -33.24375 ] ], [ [ -56.62708, -33.11875 ], [ -56.63958, -33.15625 ] ] ] } },
{ "type": "Feature", "properties": { "nombre": "Ao. De Carrasco", "DIS_AV_CMS": 3.446 }, "geometry": { "type": "LineString", "coordinates": [ [ -56.05208, -34.82708 ], [ -56.05625, -34.84375 ] ] } },
{ "type": "Feature", "properties": { "nombre": "Ao. De Castillos", "DIS_AV_CMS": 3.197 }, "geometry": { "type": "LineString", "coordinates": [ [ -53.94792, -34.24375 ], [ -53.92292, -34.26458 ] ] } },
{ "type": "Feature", "properties": { "nombre": "Ao. De Castro", "DIS_AV_CMS": 11.959 }, "geometry": { "type": "LineString", "coordinates": [ [ -56.07708, -33.70625 ], [ -56.11042, -33.66875 ], [ -56.16615, -33.64635 ], [ -56.20052, -33.60781 ], [ -56.20182, -33.57005 ], [ -56.18542, -33.55365 ], [ -56.19115, -33.51719 ], [ -56.21458, -33.48542 ] ] } },
{ "type": "Feature", "properties": { "nombre": "Ao. De Chafalote", "DIS_AV_CMS": 3.077 }, "geometry": { "type": "LineString", "coordinates": [ [ -54.13958, -34.26458 ], [ -54.08281, -34.30052 ], [ -54.03542, -34.38958 ] ] } },
{ "type": "Feature", "properties": { "nombre": "Ao. De Chamangá", "DIS_AV_CMS": 20.677 }, "geometry": { "type": "LineString", "coordinates": [ [ -56.63958, -33.68125 ], [ -56.57734, -33.61406 ], [ -56.59792, -33.55781 ], [ -56.5737, -33.51797 ], [ -56.57656, -33.49401 ], [ -56.56875, -33.48125 ], [ -56.55234, -33.49714 ], [ -56.53125, -33.49375 ] ] } },
{ "type": "Feature", "properties": { "nombre": "Ao. De Clara", "DIS_AV_CMS": 5.039 }, "geometry": { "type": "MultiLineString", "coordinates": [ [ [ -55.88958, -32.12708 ], [ -55.88438, -32.14297 ], [ -55.82083, -32.16693 ], [ -55.78958, -32.21042 ] ], [ [ -55.75625, -32.21875 ], [ -55.74375, -32.23125 ] ], [ [ -55.71458, -32.25625 ], [ -55.68958, -32.28125 ] ], [ [ -55.66042, -32.31042 ], [ -55.63125, -32.35208 ] ] ] } },
{ "type": "Feature", "properties": { "nombre": "Ao. De Coor", "DIS_AV_CMS": 5.598 }, "geometry": { "type": "LineString", "coordinates": [ [ -56.06875, -32.91458 ], [ -56.10208, -32.90208 ] ] } },
{ "type": "Feature", "properties": { "nombre": "Ao. De Escobar", "DIS_AV_CMS": 14.377 }, "geometry": { "type": "LineString", "coordinates": [ [ -55.93958, -34.74792 ], [ -55.93542, -34.77708 ], [ -55.91042, -34.76875 ] ] } },
{ "type": "Feature", "properties": { "nombre": "Ao. De Gaete", "DIS_AV_CMS": 581.92 }, "geometry": { "type": "LineString", "coordinates": [ [ -57.04792, -33.01458 ], [ -57.05625, -33.00625 ] ] } },
{ "type": "Feature", "properties": { "nombre": "Ao. De Godoy", "DIS_AV_CMS": 3.707 }, "geometry": { "type": "LineString", "coordinates": [ [ -55.20208, -33.68125 ], [ -55.14792, -33.68542 ] ] } },
{ "type": "Feature", "properties": { "nombre": "Ao. De La Arena", "DIS_AV_CMS": 121.742 }, "geometry": { "type": "LineString", "coordinates": [ [ -56.00208, -33.42708 ], [ -56.03958, -33.43542 ] ] } },
{ "type": "Feature", "properties": { "nombre": "Ao. De La Azotea", "DIS_AV_CMS": 2.245 }, "geometry": { "type": "LineString", "coordinates": [ [ -56.49375, -33.75625 ], [ -56.47422, -33.73516 ], [ -56.47708, -33.72292 ] ] } },
{ "type": "Feature", "properties": { "nombre": "Ao. De La Boyada", "DIS_AV_CMS": 6.161 }, "geometry": { "type": "LineString", "coordinates": [ [ -56.96875, -34.43542 ], [ -56.97708, -34.43542 ] ] } },
{ "type": "Feature", "properties": { "nombre": "Ao. De La Caballada", "DIS_AV_CMS": 2.106 }, "geometry": { "type": "LineString", "coordinates": [ [ -57.82292, -34.44792 ], [ -57.81458, -34.47292 ] ] } },
{ "type": "Feature", "properties": { "nombre": "Ao. De La Calera", "DIS_AV_CMS": 16.749 }, "geometry": { "type": "LineString", "coordinates": [ [ -55.38958, -31.50208 ], [ -55.40625, -31.50625 ] ] } },
{ "type": "Feature", "properties": { "nombre": "Ao. De La Cantera", "DIS_AV_CMS": 14.218 }, "geometry": { "type": "LineString", "coordinates": [ [ -55.01458, -33.83125 ], [ -54.99375, -33.82292 ] ] } },
{ "type": "Feature", "properties": { "nombre": "Ao. De La Chacra", "DIS_AV_CMS": 1.257 }, "geometry": { "type": "LineString", "coordinates": [ [ -56.92708, -33.03125 ], [ -56.96458, -33.02292 ] ] } },
{ "type": "Feature", "properties": { "nombre": "Ao. De La Charqueada", "DIS_AV_CMS": 4.058 }, "geometry": { "type": "LineString", "coordinates": [ [ -56.01042, -30.92708 ], [ -56.00625, -30.91875 ] ] } },
{ "type": "Feature", "properties": { "nombre": "Ao. De La Cordobesa", "DIS_AV_CMS": 2.178 }, "geometry": { "type": "LineString", "coordinates": [ [ -56.64375, -33.43958 ], [ -56.61875, -33.39375 ] ] } },
{ "type": "Feature", "properties": { "nombre": "Ao. De La Coronilla", "DIS_AV_CMS": 29.482 }, "geometry": { "type": "MultiLineString", "coordinates": [ [ [ -55.33958, -31.52292 ], [ -55.37292, -31.50208 ] ], [ [ -54.75625, -34.29792 ], [ -54.78125, -34.26458 ] ], [ [ -54.10625, -33.78125 ], [ -54.11458, -33.76875 ] ], [ [ -54.10625, -33.78958 ], [ -54.10625, -33.78125 ] ], [ [ -54.07292, -33.81042 ], [ -54.09219, -33.78281 ], [ -54.10625, -33.78125 ] ] ] } },
{ "type": "Feature", "properties": { "nombre": "Ao. De La Cruz", "DIS_AV_CMS": 7.503 }, "geometry": { "type": "LineString", "coordinates": [ [ -56.17292, -33.87292 ], [ -56.13125, -34.00208 ] ] } },
{ "type": "Feature", "properties": { "nombre": "Ao. De La Enramada", "DIS_AV_CMS": 578.804 }, "geometry": { "type": "LineString", "coordinates": [ [ -57.11875, -33.00208 ], [ -57.16042, -33.03125 ] ] } },
{ "type": "Feature", "properties": { "nombre": "Ao. De La Guardia Vieja", "DIS_AV_CMS": 5.203 }, "geometry": { "type": "MultiLineString", "coordinates": [ [ [ -57.11458, -33.61875 ], [ -57.15625, -33.61042 ] ], [ [ -57.09375, -33.61875 ], [ -57.11458, -33.61875 ] ], [ [ -57.05208, -33.66458 ], [ -57.11458, -33.61875 ] ] ] } },
{ "type": "Feature", "properties": { "nombre": "Ao. De La India Muerta", "DIS_AV_CMS": 11.561 }, "geometry": { "type": "MultiLineString", "coordinates": [ [ [ -54.28958, -34.03125 ], [ -54.26042, -34.02292 ] ], [ [ -54.26042, -34.16875 ], [ -54.26771, -34.14323 ], [ -54.25365, -34.11302 ], [ -54.26849, -34.0875 ], [ -54.24375, -34.06042 ], [ -54.26042, -34.02292 ] ], [ [ -54.26042, -34.02292 ], [ -54.24792, -34.00208 ] ], [ [ -54.25625, -34.18542 ], [ -54.25625, -34.18125 ] ], [ [ -54.25208, -33.93125 ], [ -54.25547, -33.8987 ], [ -54.23958, -33.88542 ] ], [ [ -54.24792, -33.98542 ], [ -54.24375, -33.95625 ] ], [ [ -54.09792, -33.67292 ], [ -54.10208, -33.66042 ] ] ] } },
{ "type": "Feature", "properties": { "nombre": "Ao. De La Invernada", "DIS_AV_CMS": 11.986 }, "geometry": { "type": "MultiLineString", "coordinates": [ [ [ -56.02292, -30.80208 ], [ -56.02292, -30.78958 ] ], [ [ -55.89792, -30.96458 ], [ -55.95625, -30.92292 ], [ -55.98958, -30.86458 ] ] ] } },
{ "type": "Feature", "properties": { "nombre": "Ao. De La Isleta", "DIS_AV_CMS": 9.013 }, "geometry": { "type": "LineString", "coordinates": [ [ -57.20208, -31.38542 ], [ -57.18542, -31.33958 ] ] } },
{ "type": "Feature", "properties": { "nombre": "Ao. De La Laguna Del Chaná", "DIS_AV_CMS": 2.177 }, "geometry": { "type": "LineString", "coordinates": [ [ -57.39792, -33.36458 ], [ -57.36458, -33.37292 ] ] } },
{ "type": "Feature", "properties": { "nombre": "Ao. De La Lana", "DIS_AV_CMS": 3.073 }, "geometry": { "type": "LineString", "coordinates": [ [ -54.13958, -33.06458 ], [ -54.06927, -33.08438 ], [ -54.06042, -33.06458 ] ] } },
{ "type": "Feature", "properties": { "nombre": "Ao. De La Lorencita", "DIS_AV_CMS": 10.071 }, "geometry": { "type": "LineString", "coordinates": [ [ -54.79792, -33.83958 ], [ -54.78958, -33.83542 ] ] } },
{ "type": "Feature", "properties": { "nombre": "Ao. De La Mina", "DIS_AV_CMS": 12.512 }, "geometry": { "type": "LineString", "coordinates": [ [ -54.05625, -31.91042 ], [ -54.05052, -31.89792 ], [ -54.01875, -31.91042 ] ] } },
{ "type": "Feature", "properties": { "nombre": "Ao. De La Paloma", "DIS_AV_CMS": 2.085 }, "geometry": { "type": "LineString", "coordinates": [ [ -54.18958, -34.58542 ], [ -54.22344, -34.60104 ], [ -54.23958, -34.58125 ] ] } },
{ "type": "Feature", "properties": { "nombre": "Ao. De La Pedrera", "DIS_AV_CMS": 7.518 }, "geometry": { "type": "MultiLineString", "coordinates": [ [ [ -57.64375, -33.46458 ], [ -57.66042, -33.40625 ] ], [ [ -55.43542, -33.47292 ], [ -55.46042, -33.46458 ] ] ] } },
{ "type": "Feature", "properties": { "nombre": "Ao. De La Quebrada Grande", "DIS_AV_CMS": 2.033 }, "geometry": { "type": "LineString", "coordinates": [ [ -56.08125, -32.12292 ], [ -56.06458, -32.13958 ] ] } },
{ "type": "Feature", "properties": { "nombre": "Ao. De La Victoria", "DIS_AV_CMS": 5.251 }, "geometry": { "type": "LineString", "coordinates": [ [ -55.40625, -33.48125 ], [ -55.41875, -33.48125 ] ] } },
{ "type": "Feature", "properties": { "nombre": "Ao. De La Virgen", "DIS_AV_CMS": 8.468 }, "geometry": { "type": "MultiLineString", "coordinates": [ [ [ -56.45625, -34.34375 ], [ -56.46458, -34.35625 ], [ -56.44375, -34.38542 ] ], [ [ -56.40625, -34.11875 ], [ -56.44375, -34.15625 ] ], [ [ -56.42292, -34.21875 ], [ -56.41172, -34.23568 ], [ -56.42292, -34.28125 ] ] ] } },
{ "type": "Feature", "properties": { "nombre": "Ao. De Las Averías", "DIS_AV_CMS": 4.728 }, "geometry": { "type": "LineString", "coordinates": [ [ -54.94792, -33.23542 ], [ -54.88984, -33.20755 ], [ -54.77656, -33.22188 ], [ -54.74635, -33.21302 ], [ -54.73958, -33.19792 ] ] } },
{ "type": "Feature", "properties": { "nombre": "Ao. De Las Cañas", "DIS_AV_CMS": 107.044 }, "geometry": { "type": "MultiLineString", "coordinates": [ [ [ -57.17292, -30.93958 ], [ -57.22292, -30.95625 ] ], [ [ -57.06458, -34.49792 ], [ -57.07292, -34.50625 ] ], [ [ -57.05208, -30.92708 ], [ -57.06042, -30.92708 ] ], [ [ -57.02708, -31.34375 ], [ -57.04896, -31.33021 ], [ -57.05208, -31.29792 ] ], [ [ -56.99375, -31.45625 ], [ -56.99792, -31.43125 ] ], [ [ -56.99375, -31.52292 ], [ -56.98958, -31.48958 ] ], [ [ -56.94792, -31.56875 ], [ -56.97708, -31.53542 ] ], [ [ -56.91875, -31.61042 ], [ -56.93542, -31.58125 ] ], [ [ -56.03125, -31.36458 ], [ -56.00625, -31.38125 ] ], [ [ -55.93542, -31.40625 ], [ -55.87188, -31.40625 ], [ -55.84583, -31.41875 ], [ -55.81875, -31.40208 ] ], [ [ -55.81042, -31.39375 ], [ -55.81875, -31.40208 ] ], [ [ -55.81875, -31.40208 ], [ -55.81458, -31.44792 ] ], [ [ -55.70208, -32.71042 ], [ -55.71875, -32.66875 ] ], [ [ -55.65625, -32.75208 ], [ -55.68958, -32.73542 ] ], [ [ -55.57708, -32.82708 ], [ -55.60208, -32.81042 ] ], [ [ -55.55625, -32.86042 ], [ -55.55625, -32.81875 ] ], [ [ -55.49792, -32.91875 ], [ -55.49792, -32.90208 ] ], [ [ -54.79792, -34.50625 ], [ -54.79427, -34.51849 ], [ -54.81458, -34.54115 ], [ -54.8112, -34.56927 ], [ -54.85156, -34.60156 ], [ -54.86875, -34.63958 ] ], [ [ -53.61458, -32.40208 ], [ -53.61458, -32.41042 ] ] ] } },
{ "type": "Feature", "properties": { "nombre": "Ao. De Las Cañitas", "DIS_AV_CMS": 1.986 }, "geometry": { "type": "LineString", "coordinates": [ [ -56.41875, -31.69375 ], [ -56.46042, -31.68125 ] ] } },
{ "type": "Feature", "properties": { "nombre": "Ao. De Las Conchas", "DIS_AV_CMS": 2.236 }, "geometry": { "type": "MultiLineString", "coordinates": [ [ [ -56.21042, -32.98125 ], [ -56.23958, -32.91042 ] ], [ [ -54.23542, -34.49375 ], [ -54.25208, -34.51458 ] ] ] } },
{ "type": "Feature", "properties": { "nombre": "Ao. De Las Dos Islas", "DIS_AV_CMS": 8.077 }, "geometry": { "type": "LineString", "coordinates": [ [ -54.88125, -33.40208 ], [ -54.86875, -33.38542 ] ] } },
{ "type": "Feature", "properties": { "nombre": "Ao. De Las Flores", "DIS_AV_CMS": 6.545 }, "geometry": { "type": "MultiLineString", "coordinates": [ [ [ -57.30208, -32.90208 ], [ -57.32109, -32.90104 ], [ -57.36875, -32.95208 ], [ -57.39323, -32.94792 ], [ -57.41875, -32.96875 ], [ -57.45208, -32.96042 ] ], [ [ -57.24792, -32.93542 ], [ -57.27292, -32.93125 ] ] ] } },
{ "type": "Feature", "properties": { "nombre": "Ao. De Las Islas", "DIS_AV_CMS": 21.998 }, "geometry": { "type": "LineString", "coordinates": [ [ -53.92708, -32.91458 ], [ -53.9263, -32.93542 ], [ -53.89792, -32.96042 ] ] } },
{ "type": "Feature", "properties": { "nombre": "Ao. De Las Isletas", "DIS_AV_CMS": 4.192 }, "geometry": { "type": "LineString", "coordinates": [ [ -57.66042, -33.40625 ], [ -57.68125, -33.36875 ] ] } },
{ "type": "Feature", "properties": { "nombre": "Ao. De Las Ovejas", "DIS_AV_CMS": 6405.562 }, "geometry": { "type": "LineString", "coordinates": [ [ -58.14375, -32.74792 ], [ -58.13958, -32.76875 ] ] } },
{ "type": "Feature", "properties": { "nombre": "Ao. De Las Palmas", "DIS_AV_CMS": 5.361 }, "geometry": { "type": "MultiLineString", "coordinates": [ [ [ -55.38958, -32.98542 ], [ -55.36875, -32.93542 ] ], [ [ -55.33958, -32.87708 ], [ -55.31875, -32.86875 ] ] ] } },
{ "type": "Feature", "properties": { "nombre": "Ao. De Las Pavas", "DIS_AV_CMS": 13.678 }, "geometry": { "type": "MultiLineString", "coordinates": [ [ [ -57.47292, -30.83958 ], [ -57.48958, -30.85208 ] ], [ [ -54.97292, -33.16042 ], [ -54.93698, -33.14375 ], [ -54.83984, -33.16953 ], [ -54.84115, -33.18385 ], [ -54.80885, -33.19375 ], [ -54.7901, -33.19766 ], [ -54.77865, -33.18125 ], [ -54.75755, -33.19688 ], [ -54.70208, -33.20625 ] ] ] } },
{ "type": "Feature", "properties": { "nombre": "Ao. De Las Piedras", "DIS_AV_CMS": 6.525 }, "geometry": { "type": "LineString", "coordinates": [ [ -54.35625, -33.34792 ], [ -54.33125, -33.34792 ] ] } },
{ "type": "Feature", "properties": { "nombre": "Ao. De Las Toscas", "DIS_AV_CMS": 264.407 }, "geometry": { "type": "LineString", "coordinates": [ [ -56.37708, -34.74792 ], [ -56.36042, -34.76042 ] ] } },
{ "type": "Feature", "properties": { "nombre": "Ao. De Las Tunas", "DIS_AV_CMS": 3.263 }, "geometry": { "type": "LineString", "coordinates": [ [ -57.29375, -31.24792 ], [ -57.26875, -31.19219 ], [ -57.28958, -31.16458 ] ] } },
{ "type": "Feature", "properties": { "nombre": "Ao. De Las Vacas", "DIS_AV_CMS": 8.988 }, "geometry": { "type": "MultiLineString", "coordinates": [ [ [ -58.24375, -34.00208 ], [ -58.29375, -34.01042 ] ], [ [ -57.89792, -33.89375 ], [ -57.9151, -33.8862 ], [ -57.95807, -33.93229 ], [ -58.04375, -33.98542 ], [ -58.06094, -33.98854 ], [ -58.07292, -33.96875 ], [ -58.1151, -33.95651 ], [ -58.15885, -33.95964 ], [ -58.18828, -33.94714 ], [ -58.24375, -34.00208 ] ], [ [ -58.04792, -34.07292 ], [ -58.10156, -34.06797 ], [ -58.18984, -34.02422 ], [ -58.23125, -34.0263 ], [ -58.24375, -34.00208 ] ] ] } },
{ "type": "Feature", "properties": { "nombre": "Ao. De Las Víboras", "DIS_AV_CMS": 6.806 }, "geometry": { "type": "MultiLineString", "coordinates": [ [ [ -58.26875, -33.91875 ], [ -58.31458, -33.93542 ] ], [ [ -58.24792, -33.89792 ], [ -58.26458, -33.91458 ] ], [ [ -58.17708, -33.90208 ], [ -58.2026, -33.90938 ], [ -58.21875, -33.89792 ] ] ] } },
{ "type": "Feature", "properties": { "nombre": "Ao. De Los Ahogados", "DIS_AV_CMS": 2.65 }, "geometry": { "type": "LineString", "coordinates": [ [ -56.47708, -33.72292 ], [ -56.47292, -33.70625 ] ] } },
{ "type": "Feature", "properties": { "nombre": "Ao. De Los Arrayanes", "DIS_AV_CMS": 174.074 }, "geometry": { "type": "MultiLineString", "coordinates": [ [ [ -54.25625, -33.48542 ], [ -54.24375, -33.47708 ] ], [ [ -54.01042, -33.40625 ], [ -53.98958, -33.38125 ] ] ] } },
{ "type": "Feature", "properties": { "nombre": "Ao. De Los Blanquillos", "DIS_AV_CMS": 1.965 }, "geometry": { "type": "LineString", "coordinates": [ [ -57.17292, -32.76042 ], [ -57.23125, -32.75625 ] ] } },
{ "type": "Feature", "properties": { "nombre": "Ao. De Los Caraguatás", "DIS_AV_CMS": 11.673 }, "geometry": { "type": "MultiLineString", "coordinates": [ [ [ -56.00625, -30.91875 ], [ -55.98958, -30.85677 ], [ -56.02292, -30.80208 ] ], [ [ -56.01042, -30.96042 ], [ -56.01042, -30.92708 ] ] ] } },
{ "type": "Feature", "properties": { "nombre": "Ao. De Los Ceibos", "DIS_AV_CMS": 2.952 }, "geometry": { "type": "LineString", "coordinates": [ [ -54.10208, -33.19375 ], [ -54.08151, -33.19036 ], [ -53.97708, -33.24375 ] ] } },
{ "type": "Feature", "properties": { "nombre": "Ao. De Los Chanchos", "DIS_AV_CMS": 6.073 }, "geometry": { "type": "LineString", "coordinates": [ [ -55.23542, -33.78125 ], [ -55.23698, -33.74948 ], [ -55.21302, -33.74635 ], [ -55.18542, -33.71875 ], [ -55.15417, -33.72266 ], [ -55.12318, -33.7099 ], [ -55.10625, -33.69375 ] ] } },
{ "type": "Feature", "properties": { "nombre": "Ao. De Los Corrales", "DIS_AV_CMS": 12.697 }, "geometry": { "type": "MultiLineString", "coordinates": [ [ [ -56.76875, -32.12708 ], [ -56.81875, -32.16458 ] ], [ [ -56.68125, -32.02292 ], [ -56.71354, -32.08021 ], [ -56.74792, -32.09792 ] ], [ [ -56.63958, -31.96875 ], [ -56.66042, -31.98958 ] ] ] } },
{ "type": "Feature", "properties": { "nombre": "Ao. De Los Dragones", "DIS_AV_CMS": 2.105 }, "geometry": { "type": "LineString", "coordinates": [ [ -56.25625, -31.31875 ], [ -56.28125, -31.32292 ] ] } },
{ "type": "Feature", "properties": { "nombre": "Ao. De Los Indios", "DIS_AV_CMS": 27.577 }, "geometry": { "type": "MultiLineString", "coordinates": [ [ [ -53.69375, -33.93958 ], [ -53.72292, -33.90208 ] ], [ [ -53.68125, -33.82708 ], [ -53.65208, -33.81458 ] ] ] } },
{ "type": "Feature", "properties": { "nombre": "Ao. De Los Laureles", "DIS_AV_CMS": 860.76 }, "geometry": { "type": "LineString", "coordinates": [ [ -57.33125, -33.14792 ], [ -57.32708, -33.09792 ], [ -57.31458, -33.09792 ] ] } },
{ "type": "Feature", "properties": { "nombre": "Ao. De Los Molles", "DIS_AV_CMS": 27.251 }, "geometry": { "type": "MultiLineString", "coordinates": [ [ [ -56.43125, -33.28542 ], [ -56.45208, -33.31875 ] ], [ [ -55.21458, -32.97708 ], [ -55.21875, -32.96875 ] ], [ [ -55.14375, -33.59792 ], [ -55.05625, -33.64792 ] ], [ [ -55.01042, -33.66875 ], [ -55.00365, -33.68802 ], [ -54.95208, -33.70208 ] ], [ [ -54.88125, -33.46875 ], [ -54.88958, -33.41875 ] ], [ [ -54.55208, -33.31458 ], [ -54.53542, -33.28958 ] ] ] } },
{ "type": "Feature", "properties": { "nombre": "Ao. De Los Médanos", "DIS_AV_CMS": 2.153 }, "geometry": { "type": "LineString", "coordinates": [ [ -55.62708, -31.33542 ], [ -55.59375, -31.36458 ] ] } },
{ "type": "Feature", "properties": { "nombre": "Ao. De Los Negros", "DIS_AV_CMS": 5.85 }, "geometry": { "type": "LineString", "coordinates": [ [ -55.74375, -34.57708 ], [ -55.74792, -34.58125 ] ] } },
{ "type": "Feature", "properties": { "nombre": "Ao. De Los Perros", "DIS_AV_CMS": 2.556 }, "geometry": { "type": "LineString", "coordinates": [ [ -56.16875, -32.96458 ], [ -56.19063, -32.95521 ], [ -56.19375, -32.93542 ] ] } },
{ "type": "Feature", "properties": { "nombre": "Ao. De Los Porongos", "DIS_AV_CMS": 16.686 }, "geometry": { "type": "LineString", "coordinates": [ [ -53.96875, -33.18542 ], [ -53.92969, -33.19219 ], [ -53.85469, -33.13958 ], [ -53.80625, -33.16458 ] ] } },
{ "type": "Feature", "properties": { "nombre": "Ao. De Los Rocha", "DIS_AV_CMS": 3.672 }, "geometry": { "type": "LineString", "coordinates": [ [ -54.35625, -34.42708 ], [ -54.34375, -34.45208 ], [ -54.35208, -34.46458 ] ] } },
{ "type": "Feature", "properties": { "nombre": "Ao. De Los Talas", "DIS_AV_CMS": 9.5 }, "geometry": { "type": "LineString", "coordinates": [ [ -57.69792, -31.29375 ], [ -57.73125, -31.28542 ] ] } },
{ "type": "Feature", "properties": { "nombre": "Ao. De Los Tapes", "DIS_AV_CMS": 4.22 }, "geometry": { "type": "LineString", "coordinates": [ [ -54.97708, -33.63125 ], [ -54.94531, -33.68802 ], [ -54.91042, -33.69792 ] ] } },
{ "type": "Feature", "properties": { "nombre": "Ao. De Los Vargas", "DIS_AV_CMS": 12.857 }, "geometry": { "type": "LineString", "coordinates": [ [ -55.21875, -31.48542 ], [ -55.24375, -31.47292 ], [ -55.28125, -31.48125 ], [ -55.34375, -31.46458 ], [ -55.37292, -31.50208 ] ] } },
{ "type": "Feature", "properties": { "nombre": "Ao. De Martín Soroa", "DIS_AV_CMS": 8.089 }, "geometry": { "type": "LineString", "coordinates": [ [ -54.35208, -34.46458 ], [ -54.34375, -34.53125 ] ] } },
{ "type": "Feature", "properties": { "nombre": "Ao. De Mendoza", "DIS_AV_CMS": 98.086 }, "geometry": { "type": "MultiLineString", "coordinates": [ [ [ -56.29792, -34.36042 ], [ -56.29792, -34.35625 ] ], [ [ -56.21875, -34.31458 ], [ -56.26719, -34.34635 ], [ -56.26458, -34.36042 ] ] ] } },
{ "type": "Feature", "properties": { "nombre": "Ao. De Milán", "DIS_AV_CMS": 4.488 }, "geometry": { "type": "LineString", "coordinates": [ [ -55.52708, -33.95208 ], [ -55.52031, -33.98281 ], [ -55.53958, -33.98958 ], [ -55.51458, -34.05625 ] ] } },
{ "type": "Feature", "properties": { "nombre": "Ao. De Monzón", "DIS_AV_CMS": 2.907 }, "geometry": { "type": "LineString", "coordinates": [ [ -57.24792, -33.82292 ], [ -57.20208, -33.73542 ] ] } },
{ "type": "Feature", "properties": { "nombre": "Ao. De Morán", "DIS_AV_CMS": 9.455 }, "geometry": { "type": "LineString", "coordinates": [ [ -55.48958, -33.45208 ], [ -55.51042, -33.42708 ] ] } },
{ "type": "Feature", "properties": { "nombre": "Ao. De Otazo", "DIS_AV_CMS": 4.937 }, "geometry": { "type": "MultiLineString", "coordinates": [ [ [ -54.32292, -32.82708 ], [ -54.25208, -32.83125 ] ], [ [ -54.21042, -32.83542 ], [ -54.16458, -32.82708 ] ] ] } },
{ "type": "Feature", "properties": { "nombre": "Ao. De Pelotas", "DIS_AV_CMS": 17.79 }, "geometry": { "type": "MultiLineString", "coordinates": [ [ [ -54.12292, -33.59375 ], [ -54.09375, -33.58958 ], [ -54.05469, -33.56302 ], [ -54.05729, -33.54479 ], [ -54.01719, -33.52552 ], [ -54.00625, -33.49792 ], [ -53.96458, -33.48125 ] ], [ [ -53.89375, -33.46875 ], [ -53.79792, -33.43542 ], [ -53.74245, -33.45599 ], [ -53.70625, -33.44948 ], [ -53.65156, -33.46458 ], [ -53.58958, -33.44375 ] ] ] } },
{ "type": "Feature", "properties": { "nombre": "Ao. De Pintado", "DIS_AV_CMS": 9.125 }, "geometry": { "type": "MultiLineString", "coordinates": [ [ [ -56.32708, -33.95208 ], [ -56.31875, -33.96458 ] ], [ [ -56.29375, -33.99792 ], [ -56.28125, -34.03542 ] ], [ [ -56.28125, -34.06458 ], [ -56.23125, -34.13958 ] ] ] } },
{ "type": "Feature", "properties": { "nombre": "Ao. De Pintos", "DIS_AV_CMS": 6.104 }, "geometry": { "type": "MultiLineString", "coordinates": [ [ [ -56.81875, -33.88125 ], [ -56.85625, -33.90625 ] ], [ [ -56.81875, -33.85208 ], [ -56.81875, -33.87292 ] ] ] } },
{ "type": "Feature", "properties": { "nombre": "Ao. De Rocha", "DIS_AV_CMS": 4.125 }, "geometry": { "type": "MultiLineString", "coordinates": [ [ [ -54.53542, -34.38542 ], [ -54.42708, -34.43125 ] ], [ [ -54.35625, -34.46458 ], [ -54.35208, -34.46458 ] ] ] } },
{ "type": "Feature", "properties": { "nombre": "Ao. De Soto", "DIS_AV_CMS": 5.2 }, "geometry": { "type": "MultiLineString", "coordinates": [ [ [ -57.66458, -32.04792 ], [ -57.76563, -32.1099 ], [ -57.80208, -32.09792 ] ], [ [ -57.58125, -31.97708 ], [ -57.59896, -31.98229 ], [ -57.61875, -32.01458 ] ] ] } },
{ "type": "Feature", "properties": { "nombre": "Ao. De Tejera", "DIS_AV_CMS": 215.514 }, "geometry": { "type": "MultiLineString", "coordinates": [ [ [ -56.46875, -33.37708 ], [ -56.48958, -33.37292 ] ], [ [ -56.46458, -33.37708 ], [ -56.46875, -33.37708 ] ], [ [ -56.46042, -33.35208 ], [ -56.46875, -33.37708 ] ], [ [ -56.33125, -33.20625 ], [ -56.43125, -33.28542 ] ] ] } },
{ "type": "Feature", "properties": { "nombre": "Ao. De Toledo", "DIS_AV_CMS": 2.04 }, "geometry": { "type": "LineString", "coordinates": [ [ -56.03542, -34.76875 ], [ -56.03255, -34.79115 ], [ -56.05208, -34.82708 ] ] } },
{ "type": "Feature", "properties": { "nombre": "Ao. De Vera", "DIS_AV_CMS": 3.97 }, "geometry": { "type": "MultiLineString", "coordinates": [ [ [ -57.54792, -33.04792 ], [ -57.58125, -33.02708 ] ], [ [ -57.50625, -33.18125 ], [ -57.52708, -33.06875 ] ], [ [ -56.80625, -31.51458 ], [ -56.79792, -31.49792 ] ] ] } },
{ "type": "Feature", "properties": { "nombre": "Ao. De Villasboas", "DIS_AV_CMS": 4.578 }, "geometry": { "type": "LineString", "coordinates": [ [ -56.46042, -33.18125 ], [ -56.4737, -33.20182 ], [ -56.53229, -33.22865 ], [ -56.55964, -33.25885 ], [ -56.59531, -33.26198 ], [ -56.62292, -33.29792 ] ] } },
{ "type": "Feature", "properties": { "nombre": "Ao. Del Abrojal", "DIS_AV_CMS": 2.89 }, "geometry": { "type": "LineString", "coordinates": [ [ -55.04375, -31.81875 ], [ -55.09792, -31.77292 ] ] } },
{ "type": "Feature", "properties": { "nombre": "Ao. Del Aiguá", "DIS_AV_CMS": 129.821 }, "geometry": { "type": "MultiLineString", "coordinates": [ [ [ -54.81875, -34.29375 ], [ -54.80885, -34.28125 ], [ -54.79453, -34.28932 ], [ -54.78125, -34.26458 ], [ -54.78125, -34.21458 ] ], [ [ -54.77292, -34.19792 ], [ -54.77708, -34.18542 ], [ -54.75208, -34.16042 ] ], [ [ -54.72708, -34.13542 ], [ -54.71875, -34.08958 ] ], [ [ -54.71875, -34.08125 ], [ -54.71042, -34.05625 ] ], [ [ -54.53125, -33.93542 ], [ -54.48958, -33.93958 ] ], [ [ -54.45208, -33.88542 ], [ -54.43542, -33.86146 ], [ -54.45208, -33.78958 ] ], [ [ -54.38125, -33.73958 ], [ -54.39792, -33.70625 ] ], [ [ -54.39792, -33.70208 ], [ -54.40208, -33.68177 ], [ -54.38542, -33.64375 ] ] ] } },
{ "type": "Feature", "properties": { "nombre": "Ao. Del Alférez", "DIS_AV_CMS": 48.883 }, "geometry": { "type": "MultiLineString", "coordinates": [ [ [ -54.46875, -34.02708 ], [ -54.49375, -34.01458 ], [ -54.48958, -33.95208 ] ], [ [ -54.48958, -33.93958 ], [ -54.48542, -33.90208 ] ], [ [ -54.48125, -34.27708 ], [ -54.48542, -34.21458 ] ], [ [ -54.48542, -34.19792 ], [ -54.48932, -34.16094 ], [ -54.46875, -34.15625 ], [ -54.48125, -34.11615 ], [ -54.46458, -34.08125 ], [ -54.47708, -34.07292 ] ] ] } },
{ "type": "Feature", "properties": { "nombre": "Ao. Del Blanquillo", "DIS_AV_CMS": 12.888 }, "geometry": { "type": "MultiLineString", "coordinates": [ [ [ -55.68958, -32.87708 ], [ -55.73802, -32.83281 ], [ -55.74375, -32.80625 ] ], [ [ -55.63958, -32.96042 ], [ -55.66875, -32.95208 ] ] ] } },
{ "type": "Feature", "properties": { "nombre": "Ao. Del Bramante", "DIS_AV_CMS": 11.189 }, "geometry": { "type": "LineString", "coordinates": [ [ -54.45208, -33.53125 ], [ -54.43177, -33.52734 ], [ -54.41042, -33.54792 ], [ -54.39479, -33.54688 ], [ -54.36875, -33.58281 ], [ -54.37292, -33.60625 ] ] } },
{ "type": "Feature", "properties": { "nombre": "Ao. Del Campamento", "DIS_AV_CMS": 2.151 }, "geometry": { "type": "LineString", "coordinates": [ [ -54.08958, -32.64792 ], [ -54.04792, -32.67292 ] ] } },
{ "type": "Feature", "properties": { "nombre": "Ao. Del Carmen", "DIS_AV_CMS": 2.027 }, "geometry": { "type": "LineString", "coordinates": [ [ -54.90208, -33.09375 ], [ -54.86458, -33.08958 ] ] } },
{ "type": "Feature", "properties": { "nombre": "Ao. Del Catalancito", "DIS_AV_CMS": 3.551 }, "geometry": { "type": "LineString", "coordinates": [ [ -56.37708, -30.62708 ], [ -56.33958, -30.59375 ] ] } },
{ "type": "Feature", "properties": { "nombre": "Ao. Del Ceibo", "DIS_AV_CMS": 51.836 }, "geometry": { "type": "LineString", "coordinates": [ [ -53.63125, -33.53958 ], [ -53.61042, -33.54375 ] ] } },
{ "type": "Feature", "properties": { "nombre": "Ao. Del Cerro", "DIS_AV_CMS": 2.093 }, "geometry": { "type": "LineString", "coordinates": [ [ -56.57708, -33.95208 ], [ -56.58542, -33.95208 ] ] } },
{ "type": "Feature", "properties": { "nombre": "Ao. Del Cerro Chato", "DIS_AV_CMS": 2.661 }, "geometry": { "type": "LineString", "coordinates": [ [ -56.13125, -31.08125 ], [ -56.21875, -31.07708 ] ] } },
{ "type": "Feature", "properties": { "nombre": "Ao. Del Cordobés", "DIS_AV_CMS": 152.249 }, "geometry": { "type": "MultiLineString", "coordinates": [ [ [ -55.33542, -32.79375 ], [ -55.35469, -32.78698 ], [ -55.35625, -32.76042 ] ], [ [ -55.31875, -32.86458 ], [ -55.31458, -32.83958 ], [ -55.33125, -32.82292 ] ], [ [ -55.33125, -32.68125 ], [ -55.33542, -32.66042 ], [ -55.31875, -32.62708 ] ], [ [ -55.31042, -32.48958 ], [ -55.32292, -32.49375 ] ], [ [ -55.31042, -32.60208 ], [ -55.29375, -32.56042 ] ], [ [ -55.31042, -32.51458 ], [ -55.31042, -32.48958 ] ], [ [ -55.28125, -32.48542 ], [ -55.31042, -32.48958 ] ], [ [ -55.28958, -32.92708 ], [ -55.29792, -32.90625 ] ], [ [ -55.21875, -32.96875 ], [ -55.24375, -32.94792 ], [ -55.27292, -32.94375 ] ], [ [ -55.11875, -33.02708 ], [ -55.15625, -33.01042 ], [ -55.1612, -33.02682 ], [ -55.18255, -33.02474 ], [ -55.21458, -32.97708 ] ] ] } },
{ "type": "Feature", "properties": { "nombre": "Ao. Del Corralito", "DIS_AV_CMS": 2.144 }, "geometry": { "type": "LineString", "coordinates": [ [ -57.79792, -33.62708 ], [ -57.82865, -33.62865 ], [ -57.8349, -33.64297 ], [ -57.86927, -33.65547 ], [ -57.91042, -33.64792 ] ] } },
{ "type": "Feature", "properties": { "nombre": "Ao. Del Cortado", "DIS_AV_CMS": 201.592 }, "geometry": { "type": "LineString", "coordinates": [ [ -57.10208, -30.13958 ], [ -57.11458, -30.14792 ] ] } },
{ "type": "Feature", "properties": { "nombre": "Ao. Del Durazno", "DIS_AV_CMS": 5.46 }, "geometry": { "type": "MultiLineString", "coordinates": [ [ [ -57.45208, -33.61042 ], [ -57.38958, -33.56458 ] ], [ [ -57.39375, -33.57708 ], [ -57.38958, -33.56458 ] ], [ [ -57.38958, -33.56458 ], [ -57.3849, -33.53984 ], [ -57.36875, -33.53125 ] ] ] } },
{ "type": "Feature", "properties": { "nombre": "Ao. Del Espinillo", "DIS_AV_CMS": 51.086 }, "geometry": { "type": "LineString", "coordinates": [ [ -58.22292, -33.63542 ], [ -58.33698, -33.57135 ], [ -58.36042, -33.53125 ] ] } },
{ "type": "Feature", "properties": { "nombre": "Ao. Del Estado", "DIS_AV_CMS": 153.462 }, "geometry": { "type": "LineString", "coordinates": [ [ -55.36458, -32.52708 ], [ -55.36042, -32.49792 ], [ -55.41458, -32.47292 ] ] } },
{ "type": "Feature", "properties": { "nombre": "Ao. Del Horno", "DIS_AV_CMS": 2.976 }, "geometry": { "type": "LineString", "coordinates": [ [ -54.68542, -33.51458 ], [ -54.67292, -33.50625 ] ] } },
{ "type": "Feature", "properties": { "nombre": "Ao. Del Hospital", "DIS_AV_CMS": 9.155 }, "geometry": { "type": "MultiLineString", "coordinates": [ [ [ -54.73958, -31.58958 ], [ -54.70625, -31.58958 ] ], [ [ -54.72292, -31.53125 ], [ -54.70625, -31.58958 ] ], [ [ -54.70625, -31.58958 ], [ -54.67708, -31.61458 ] ], [ [ -54.66458, -31.61875 ], [ -54.63932, -31.61953 ], [ -54.59792, -31.64792 ] ] ] } },
{ "type": "Feature", "properties": { "nombre": "Ao. Del Juncal", "DIS_AV_CMS": 1.399 }, "geometry": { "type": "LineString", "coordinates": [ [ -57.41042, -33.35625 ], [ -57.39792, -33.36458 ] ] } },
{ "type": "Feature", "properties": { "nombre": "Ao. Del León", "DIS_AV_CMS": 2.02 }, "geometry": { "type": "LineString", "coordinates": [ [ -54.70208, -34.13958 ], [ -54.72708, -34.13542 ] ] } },
{ "type": "Feature", "properties": { "nombre": "Ao. Del Medio", "DIS_AV_CMS": 4.424 }, "geometry": { "type": "MultiLineString", "coordinates": [ [ [ -57.63542, -33.83542 ], [ -57.67917, -33.8388 ], [ -57.72292, -33.81458 ] ], [ [ -56.95208, -33.98125 ], [ -56.93542, -33.98542 ] ], [ [ -55.05625, -33.99375 ], [ -55.05625, -33.98542 ] ], [ [ -54.74792, -32.69375 ], [ -54.80885, -32.66615 ], [ -54.82292, -32.60625 ] ] ] } },
{ "type": "Feature", "properties": { "nombre": "Ao. Del Mellado", "DIS_AV_CMS": 2.028 }, "geometry": { "type": "LineString", "coordinates": [ [ -57.51042, -31.59375 ], [ -57.53125, -31.60208 ] ] } },
{ "type": "Feature", "properties": { "nombre": "Ao. Del Oro", "DIS_AV_CMS": 7.266 }, "geometry": { "type": "LineString", "coordinates": [ [ -54.06042, -33.06458 ], [ -54.02708, -33.05625 ] ] } },
{ "type": "Feature", "properties": { "nombre": "Ao. Del Parao", "DIS_AV_CMS": 27.438 }, "geometry": { "type": "MultiLineString", "coordinates": [ [ [ -54.22292, -32.73958 ], [ -54.19844, -32.75521 ], [ -54.1599, -32.75729 ], [ -54.15573, -32.77266 ], [ -54.13177, -32.76484 ], [ -54.12318, -32.78047 ], [ -54.03958, -32.81042 ], [ -54.01042, -32.84792 ], [ -53.97813, -32.85521 ], [ -53.95729, -32.89688 ], [ -53.92708, -32.91458 ] ], [ [ -53.98542, -32.92292 ], [ -53.92708, -32.93125 ] ], [ [ -53.86458, -33.03125 ], [ -53.86719, -33.04531 ], [ -53.83125, -33.06458 ] ], [ [ -53.81458, -33.14375 ], [ -53.80625, -33.16458 ] ] ] } },
{ "type": "Feature", "properties": { "nombre": "Ao. Del Perdido", "DIS_AV_CMS": 9.279 }, "geometry": { "type": "MultiLineString", "coordinates": [ [ [ -57.45208, -33.47292 ], [ -57.40026, -33.44557 ], [ -57.37708, -33.41458 ] ], [ [ -57.36458, -33.73125 ], [ -57.37214, -33.6987 ], [ -57.34375, -33.64844 ], [ -57.36042, -33.62135 ], [ -57.37292, -33.51615 ], [ -57.35208, -33.49792 ] ] ] } },
{ "type": "Feature", "properties": { "nombre": "Ao. Del Pescadero", "DIS_AV_CMS": 3.224 }, "geometry": { "type": "LineString", "coordinates": [ [ -56.96042, -31.79792 ], [ -56.96875, -31.79375 ] ] } },
{ "type": "Feature", "properties": { "nombre": "Ao. Del Pescado", "DIS_AV_CMS": 20.456 }, "geometry": { "type": "MultiLineString", "coordinates": [ [ [ -55.27708, -33.36458 ], [ -55.43698, -33.30469 ], [ -55.44792, -33.27708 ] ], [ [ -55.26458, -33.38542 ], [ -55.27292, -33.37708 ] ] ] } },
{ "type": "Feature", "properties": { "nombre": "Ao. Del Peñón", "DIS_AV_CMS": 2.759 }, "geometry": { "type": "LineString", "coordinates": [ [ -53.77292, -34.02292 ], [ -53.75208, -34.00208 ] ] } },
{ "type": "Feature", "properties": { "nombre": "Ao. Del Pintado", "DIS_AV_CMS": 2.415 }, "geometry": { "type": "LineString", "coordinates": [ [ -56.33958, -31.34375 ], [ -56.36458, -31.32708 ] ] } },
{ "type": "Feature", "properties": { "nombre": "Ao. Del Portillo", "DIS_AV_CMS": 23.75 }, "geometry": { "type": "LineString", "coordinates": [ [ -56.64375, -32.70208 ], [ -56.64375, -32.71458 ] ] } },
{ "type": "Feature", "properties": { "nombre": "Ao. Del Potrero", "DIS_AV_CMS": 16.615 }, "geometry": { "type": "MultiLineString", "coordinates": [ [ [ -55.48958, -33.76458 ], [ -55.51406, -33.72448 ], [ -55.51875, -33.67292 ] ], [ [ -55.07708, -34.86042 ], [ -55.07708, -34.87708 ] ], [ [ -53.70208, -33.54792 ], [ -53.69375, -33.54792 ] ] ] } },
{ "type": "Feature", "properties": { "nombre": "Ao. Del Rincón Chico", "DIS_AV_CMS": 2.096 }, "geometry": { "type": "LineString", "coordinates": [ [ -55.46458, -33.78125 ], [ -55.48958, -33.76458 ] ] } },
{ "type": "Feature", "properties": { "nombre": "Ao. Del Sarandí", "DIS_AV_CMS": 67.049 }, "geometry": { "type": "MultiLineString", "coordinates": [ [ [ -57.70625, -31.83958 ], [ -57.72292, -31.81458 ] ], [ [ -57.45208, -31.64792 ], [ -57.46042, -31.64375 ] ], [ [ -56.96042, -31.16042 ], [ -57.01042, -31.19792 ] ], [ [ -56.84375, -33.59792 ], [ -56.81042, -33.55625 ] ], [ [ -56.49375, -31.73958 ], [ -56.54375, -31.68958 ] ], [ [ -56.34792, -32.98125 ], [ -56.36042, -32.95625 ] ], [ [ -55.44792, -34.73125 ], [ -55.44375, -34.73542 ] ], [ [ -54.90625, -34.56875 ], [ -54.91042, -34.60208 ] ], [ [ -54.63542, -32.69792 ], [ -54.63542, -32.67292 ] ], [ [ -53.93958, -34.18125 ], [ -53.93125, -34.21979 ], [ -53.94792, -34.24375 ] ] ] } },
{ "type": "Feature", "properties": { "nombre": "Ao. Del Sauce", "DIS_AV_CMS": 883.062 }, "geometry": { "type": "MultiLineString", "coordinates": [ [ [ -57.36042, -33.07292 ], [ -57.38958, -33.06875 ] ], [ [ -57.37292, -33.75208 ], [ -57.36458, -33.73125 ] ], [ [ -57.33958, -33.35625 ], [ -57.33438, -33.33854 ], [ -57.29792, -33.31875 ] ], [ [ -57.24375, -31.67708 ], [ -57.30156, -31.70104 ], [ -57.33958, -31.69375 ] ], [ [ -57.26875, -33.25208 ], [ -57.26042, -33.24792 ] ], [ [ -57.23958, -31.75208 ], [ -57.26042, -31.74792 ] ], [ [ -57.19792, -33.59375 ], [ -57.21875, -33.56042 ] ], [ [ -57.15625, -33.12292 ], [ -57.16927, -33.11563 ], [ -57.20208, -33.13542 ] ], [ [ -57.16042, -31.53125 ], [ -57.17682, -31.47682 ], [ -57.17708, -31.39375 ] ], [ [ -57.14792, -33.80625 ], [ -57.16458, -33.79375 ] ], [ [ -57.06875, -32.65208 ], [ -57.06875, -32.66042 ] ], [ [ -56.84375, -31.24792 ], [ -56.89349, -31.21536 ], [ -56.9526, -31.20625 ], [ -56.99375, -31.20365 ], [ -57.00885, -31.22135 ], [ -57.04375, -31.23125 ] ], [ [ -56.97708, -31.53542 ], [ -56.98958, -31.52708 ] ], [ [ -56.83125, -32.91875 ], [ -56.86042, -32.90625 ] ], [ [ -56.77708, -32.28125 ], [ -56.78125, -32.28958 ] ], [ [ -56.77292, -34.15208 ], [ -56.75208, -34.16875 ] ], [ [ -56.74375, -33.91458 ], [ -56.75625, -33.92708 ] ], [ [ -56.58958, -32.60625 ], [ -56.59792, -32.64115 ], [ -56.58958, -32.65625 ] ], [ [ -56.42708, -33.71875 ], [ -56.43542, -33.70625 ] ], [ [ -56.39792, -32.87708 ], [ -56.40625, -32.86875 ] ], [ [ -56.27292, -33.27292 ], [ -56.26875, -33.30208 ] ], [ [ -56.03542, -34.61875 ], [ -56.00078, -34.61615 ], [ -55.93542, -34.68958 ], [ -55.93542, -34.62708 ] ], [ [ -56.01042, -32.18542 ], [ -55.99375, -32.19375 ] ], [ [ -55.97292, -33.86042 ], [ -55.97708, -33.86875 ], [ -55.96406, -33.87292 ], [ -55.93958, -33.86042 ] ], [ [ -55.94375, -32.30625 ], [ -55.91042, -32.30208 ] ], [ [ -55.88958, -33.43125 ], [ -55.90625, -33.41875 ] ], [ [ -55.83542, -31.93958 ], [ -55.81042, -31.91875 ] ], [ [ -55.61458, -32.13542 ], [ -55.55208, -32.13125 ] ], [ [ -55.51042, -33.42708 ], [ -55.51458, -33.42292 ] ], [ [ -55.48125, -33.28125 ], [ -55.49375, -33.28542 ] ], [ [ -55.33542, -33.21042 ], [ -55.34792, -33.22292 ] ], [ [ -55.16042, -31.89375 ], [ -55.18125, -31.88958 ] ], [ [ -54.96042, -31.43958 ], [ -54.97292, -31.46875 ] ], [ [ -54.96042, -33.49792 ], [ -54.91302, -33.42552 ], [ -54.88958, -33.41875 ], [ -54.88125, -33.40208 ] ], [ [ -54.86875, -33.38542 ], [ -54.8401, -33.34349 ], [ -54.84375, -33.33125 ] ], [ [ -54.77708, -32.22708 ], [ -54.80625, -32.23542 ] ], [ [ -54.78125, -34.21458 ], [ -54.77292, -34.19792 ] ], [ [ -54.59375, -33.78958 ], [ -54.56719, -33.77708 ], [ -54.53958, -33.78542 ] ], [ [ -54.42708, -34.43125 ], [ -54.35625, -34.46458 ] ], [ [ -54.34375, -34.53125 ], [ -54.31354, -34.56563 ], [ -54.28542, -34.57708 ] ], [ [ -54.17292, -32.30208 ], [ -54.17708, -32.34792 ] ], [ [ -53.80625, -34.05625 ], [ -53.77292, -34.02292 ] ], [ [ -53.52708, -33.66458 ], [ -53.53958, -33.61875 ] ] ] } },
{ "type": "Feature", "properties": { "nombre": "Ao. Del Sauce Caído", "DIS_AV_CMS": 14.43 }, "geometry": { "type": "LineString", "coordinates": [ [ -53.99792, -33.86458 ], [ -54.04453, -33.81953 ], [ -54.07292, -33.81042 ] ] } },
{ "type": "Feature", "properties": { "nombre": "Ao. Del Sauce Chico", "DIS_AV_CMS": 39.958 }, "geometry": { "type": "LineString", "coordinates": [ [ -57.63958, -31.56875 ], [ -57.64375, -31.56458 ] ] } },
{ "type": "Feature", "properties": { "nombre": "Ao. Del Sauce Solo", "DIS_AV_CMS": 15.179 }, "geometry": { "type": "LineString", "coordinates": [ [ -55.60208, -33.63958 ], [ -55.62031, -33.63802 ], [ -55.62552, -33.62031 ], [ -55.64375, -33.61458 ] ] } },
{ "type": "Feature", "properties": { "nombre": "Ao. Del Soldado", "DIS_AV_CMS": 7.812 }, "geometry": { "type": "MultiLineString", "coordinates": [ [ [ -55.41458, -34.23125 ], [ -55.51042, -34.23958 ] ], [ [ -55.30208, -34.13125 ], [ -55.32292, -34.15625 ] ], [ [ -55.23542, -34.11042 ], [ -55.25625, -34.12708 ], [ -55.28958, -34.12708 ] ] ] } },
{ "type": "Feature", "properties": { "nombre": "Ao. Del Tala", "DIS_AV_CMS": 582.082 }, "geometry": { "type": "MultiLineString", "coordinates": [ [ [ -57.33542, -31.14792 ], [ -57.32708, -31.13958 ] ], [ [ -57.28958, -31.16458 ], [ -57.29531, -31.14635 ], [ -57.31875, -31.13542 ] ], [ [ -57.01875, -31.78542 ], [ -57.04375, -31.78542 ] ], [ [ -56.95208, -33.24375 ], [ -56.96042, -33.18125 ] ], [ [ -56.83125, -32.87708 ], [ -56.83516, -32.89245 ], [ -56.82292, -32.90208 ] ], [ [ -56.78125, -32.28958 ], [ -56.81042, -32.28125 ] ], [ [ -56.60625, -32.89792 ], [ -56.61042, -32.87708 ] ], [ [ -56.56458, -33.69375 ], [ -56.51875, -33.55625 ] ], [ [ -56.43542, -33.70625 ], [ -56.47188, -33.65313 ], [ -56.48958, -33.64792 ] ], [ [ -56.46042, -34.31875 ], [ -56.45625, -34.34375 ] ], [ [ -56.36042, -32.99375 ], [ -56.34792, -32.98125 ], [ -56.34635, -33.00365 ], [ -56.31875, -33.01875 ] ], [ [ -56.10625, -34.36458 ], [ -56.15625, -34.38542 ] ], [ [ -56.06458, -34.33958 ], [ -56.08125, -34.35625 ] ], [ [ -55.90625, -34.37708 ], [ -55.95208, -34.31875 ], [ -55.98958, -34.33125 ] ], [ [ -55.79792, -34.34375 ], [ -55.8401, -34.34531 ], [ -55.88542, -34.37708 ] ], [ [ -55.74375, -34.08542 ], [ -55.72292, -34.15052 ], [ -55.75469, -34.17578 ], [ -55.75365, -34.19115 ], [ -55.825, -34.20625 ], [ -55.85208, -34.19792 ] ], [ [ -55.73542, -33.33958 ], [ -55.73125, -33.35208 ] ], [ [ -55.60208, -32.81042 ], [ -55.63125, -32.79375 ] ] ] } },
{ "type": "Feature", "properties": { "nombre": "Ao. Del Talar", "DIS_AV_CMS": 15.817 }, "geometry": { "type": "LineString", "coordinates": [ [ -57.53125, -32.88958 ], [ -57.54792, -32.92292 ] ] } },
{ "type": "Feature", "properties": { "nombre": "Ao. Del Tapado", "DIS_AV_CMS": 3.192 }, "geometry": { "type": "LineString", "coordinates": [ [ -56.74792, -31.68125 ], [ -56.75208, -31.66198 ], [ -56.73281, -31.64115 ], [ -56.72708, -31.58958 ] ] } },
{ "type": "Feature", "properties": { "nombre": "Ao. Del Totoral", "DIS_AV_CMS": 3.189 }, "geometry": { "type": "LineString", "coordinates": [ [ -56.93542, -33.43958 ], [ -56.91875, -33.40625 ] ] } },
{ "type": "Feature", "properties": { "nombre": "Ao. Del Águila", "DIS_AV_CMS": 4.474 }, "geometry": { "type": "LineString", "coordinates": [ [ -57.84792, -33.58125 ], [ -57.90234, -33.59245 ], [ -57.95625, -33.57708 ], [ -57.99792, -33.60625 ] ] } },
{ "type": "Feature", "properties": { "nombre": "Ao. Don Carlos", "DIS_AV_CMS": 5.651 }, "geometry": { "type": "MultiLineString", "coordinates": [ [ [ -54.16042, -34.41458 ], [ -54.08125, -34.46042 ] ], [ [ -54.05208, -34.46042 ], [ -54.00208, -34.43125 ] ], [ [ -54.01875, -34.38542 ], [ -53.96615, -34.37031 ], [ -53.84792, -34.36875 ] ], [ [ -53.99375, -34.42708 ], [ -53.9513, -34.39453 ], [ -53.88125, -34.38542 ] ] ] } },
{ "type": "Feature", "properties": { "nombre": "Ao. Don Esteban Grande", "DIS_AV_CMS": 17.465 }, "geometry": { "type": "MultiLineString", "coordinates": [ [ [ -57.56042, -32.73958 ], [ -57.52292, -32.78958 ] ], [ [ -57.54792, -32.92292 ], [ -57.53542, -32.93802 ], [ -57.55208, -32.96042 ] ], [ [ -57.49792, -32.82292 ], [ -57.49635, -32.83802 ], [ -57.51849, -32.8362 ], [ -57.54375, -32.85208 ], [ -57.53125, -32.88958 ] ], [ [ -57.47708, -32.71875 ], [ -57.52292, -32.78958 ] ], [ [ -57.52292, -32.78958 ], [ -57.52135, -32.80781 ], [ -57.50208, -32.81458 ] ], [ [ -57.43542, -32.66875 ], [ -57.45625, -32.69792 ] ], [ [ -57.37292, -32.60625 ], [ -57.40052, -32.63438 ], [ -57.40625, -32.66042 ] ], [ [ -57.38958, -32.55625 ], [ -57.37708, -32.59375 ] ] ] } },
{ "type": "Feature", "properties": { "nombre": "Ao. Dos Hermanos", "DIS_AV_CMS": 4.258 }, "geometry": { "type": "LineString", "coordinates": [ [ -55.42708, -31.83125 ], [ -55.47292, -31.85208 ] ] } },
{ "type": "Feature", "properties": { "nombre": "Ao. Escudero", "DIS_AV_CMS": 2.048 }, "geometry": { "type": "LineString", "coordinates": [ [ -57.04375, -34.31042 ], [ -57.09375, -34.33958 ] ] } },
{ "type": "Feature", "properties": { "nombre": "Ao. Espinillar", "DIS_AV_CMS": 1.863 }, "geometry": { "type": "LineString", "coordinates": [ [ -57.78125, -31.00208 ], [ -57.79792, -30.93542 ] ] } },
{ "type": "Feature", "properties": { "nombre": "Ao. Fajina", "DIS_AV_CMS": 32.255 }, "geometry": { "type": "LineString", "coordinates": [ [ -56.76458, -34.19375 ], [ -56.76042, -34.21042 ] ] } },
{ "type": "Feature", "properties": { "nombre": "Ao. Farrapos", "DIS_AV_CMS": 6403.011 }, "geometry": { "type": "LineString", "coordinates": [ [ -58.14375, -32.67708 ], [ -58.14375, -32.71042 ] ] } },
{ "type": "Feature", "properties": { "nombre": "Ao. Feliciano", "DIS_AV_CMS": 1.403 }, "geometry": { "type": "LineString", "coordinates": [ [ -56.75625, -33.18542 ], [ -56.83698, -33.23958 ], [ -56.84792, -33.23542 ] ] } },
{ "type": "Feature", "properties": { "nombre": "Ao. Fraile Muerto", "DIS_AV_CMS": 89.779 }, "geometry": { "type": "MultiLineString", "coordinates": [ [ [ -54.81042, -32.27292 ], [ -54.84375, -32.32708 ] ], [ [ -54.75208, -32.33958 ], [ -54.76875, -32.34792 ] ], [ [ -54.68125, -32.41042 ], [ -54.71563, -32.39271 ], [ -54.71875, -32.35208 ] ], [ [ -54.60208, -32.44375 ], [ -54.62292, -32.44792 ], [ -54.64375, -32.42708 ] ], [ [ -54.53125, -32.56458 ], [ -54.51953, -32.5349 ], [ -54.59375, -32.46875 ], [ -54.58958, -32.44792 ] ], [ [ -54.47708, -32.63958 ], [ -54.49792, -32.61875 ], [ -54.49948, -32.59219 ], [ -54.52292, -32.57708 ] ] ] } },
{ "type": "Feature", "properties": { "nombre": "Ao. Garzón", "DIS_AV_CMS": 7.054 }, "geometry": { "type": "MultiLineString", "coordinates": [ [ [ -54.53542, -34.58958 ], [ -54.53958, -34.65208 ] ], [ [ -54.52292, -34.74375 ], [ -54.53125, -34.75208 ] ] ] } },
{ "type": "Feature", "properties": { "nombre": "Ao. González", "DIS_AV_CMS": 3.457 }, "geometry": { "type": "LineString", "coordinates": [ [ -57.63542, -32.60208 ], [ -57.69922, -32.60599 ], [ -57.76458, -32.57708 ] ] } },
{ "type": "Feature", "properties": { "nombre": "Ao. Grande", "DIS_AV_CMS": 45.282 }, "geometry": { "type": "MultiLineString", "coordinates": [ [ [ -57.36042, -32.85625 ], [ -57.37552, -32.85885 ], [ -57.45469, -32.96302 ], [ -57.51198, -32.97448 ], [ -57.52292, -33.00208 ] ], [ [ -57.36458, -33.37292 ], [ -57.33958, -33.35625 ] ], [ [ -57.23125, -32.75625 ], [ -57.30625, -32.77292 ], [ -57.32031, -32.81198 ], [ -57.34792, -32.82292 ] ], [ [ -57.29375, -33.28542 ], [ -57.26875, -33.25208 ] ], [ [ -57.27292, -33.48125 ], [ -57.28464, -33.4776 ], [ -57.28958, -33.44792 ] ], [ [ -57.26875, -32.73125 ], [ -57.28958, -32.74375 ] ], [ [ -57.23542, -32.62292 ], [ -57.24948, -32.66615 ], [ -57.26875, -32.68125 ] ], [ [ -57.26042, -33.24792 ], [ -57.21875, -33.21458 ] ], [ [ -57.25208, -33.52708 ], [ -57.25208, -33.48542 ] ], [ [ -57.21875, -33.56042 ], [ -57.23542, -33.54792 ] ], [ [ -57.12292, -32.51042 ], [ -57.1974, -32.5724 ], [ -57.20469, -32.60052 ], [ -57.22292, -32.59792 ] ], [ [ -57.18125, -33.78125 ], [ -57.20208, -33.73542 ], [ -57.19792, -33.70625 ] ], [ [ -57.16458, -33.65625 ], [ -57.16042, -33.63958 ], [ -57.17292, -33.62865 ], [ -57.15625, -33.61042 ], [ -57.19792, -33.59375 ] ], [ [ -57.11875, -33.85625 ], [ -57.13125, -33.81875 ], [ -57.14792, -33.80625 ] ], [ [ -57.09792, -32.46042 ], [ -57.11042, -32.49375 ] ], [ [ -57.04375, -32.42292 ], [ -57.08958, -32.46042 ] ] ] } },
{ "type": "Feature", "properties": { "nombre": "Ao. Gualeguay", "DIS_AV_CMS": 27.044 }, "geometry": { "type": "LineString", "coordinates": [ [ -57.37292, -32.01458 ], [ -57.43542, -32.08281 ], [ -57.39792, -32.08958 ] ] } },
{ "type": "Feature", "properties": { "nombre": "Ao. Guarapirú", "DIS_AV_CMS": 2.408 }, "geometry": { "type": "LineString", "coordinates": [ [ -57.23125, -32.02292 ], [ -57.26042, -32.07708 ] ] } },
{ "type": "Feature", "properties": { "nombre": "Ao. Guaviyú", "DIS_AV_CMS": 14.762 }, "geometry": { "type": "MultiLineString", "coordinates": [ [ [ -58.00625, -31.81042 ], [ -58.01563, -31.76406 ], [ -58.03125, -31.75625 ] ], [ [ -57.87292, -31.84375 ], [ -57.89792, -31.84375 ] ], [ [ -57.86042, -31.81875 ], [ -57.86458, -31.83125 ] ], [ [ -57.58958, -31.81875 ], [ -57.63984, -31.79922 ], [ -57.73333, -31.81432 ], [ -57.75208, -31.78542 ], [ -57.77292, -31.77708 ], [ -57.79896, -31.77865 ], [ -57.81042, -31.79792 ] ], [ [ -57.61042, -30.62708 ], [ -57.65156, -30.63542 ], [ -57.76042, -30.62708 ] ], [ [ -57.06875, -32.66042 ], [ -57.08958, -32.66875 ] ], [ [ -56.85208, -30.38958 ], [ -56.85625, -30.38542 ] ] ] } },
{ "type": "Feature", "properties": { "nombre": "Ao. Guayabos", "DIS_AV_CMS": 16.35 }, "geometry": { "type": "MultiLineString", "coordinates": [ [ [ -56.66042, -31.63542 ], [ -56.68125, -31.63125 ] ], [ [ -56.61875, -31.73542 ], [ -56.64792, -31.64792 ] ], [ [ -56.57292, -31.79792 ], [ -56.61042, -31.76875 ] ] ] } },
{ "type": "Feature", "properties": { "nombre": "Ao. Guayabos Chico", "DIS_AV_CMS": 1.952 }, "geometry": { "type": "LineString", "coordinates": [ [ -57.27708, -32.31042 ], [ -57.28698, -32.28385 ], [ -57.30208, -32.27708 ] ] } },
{ "type": "Feature", "properties": { "nombre": "Ao. Guayabos Grande", "DIS_AV_CMS": 6.0 }, "geometry": { "type": "MultiLineString", "coordinates": [ [ [ -57.37708, -32.19375 ], [ -57.38542, -32.17708 ] ], [ [ -57.30208, -32.27708 ], [ -57.30625, -32.25208 ] ] ] } },
{ "type": "Feature", "properties": { "nombre": "Ao. Guaycurú", "DIS_AV_CMS": 3.106 }, "geometry": { "type": "MultiLineString", "coordinates": [ [ [ -57.01042, -33.98125 ], [ -56.97708, -33.98125 ] ], [ [ -56.96458, -33.97708 ], [ -56.95208, -33.98125 ] ], [ [ -56.93542, -33.98542 ], [ -56.92708, -33.99792 ] ] ] } },
{ "type": "Feature", "properties": { "nombre": "Ao. Guazunambí", "DIS_AV_CMS": 2.246 }, "geometry": { "type": "LineString", "coordinates": [ [ -54.25208, -32.68125 ], [ -54.22292, -32.73958 ] ] } },
{ "type": "Feature", "properties": { "nombre": "Ao. Gutiérrez", "DIS_AV_CMS": 15.608 }, "geometry": { "type": "MultiLineString", "coordinates": [ [ [ -54.72292, -33.52708 ], [ -54.68542, -33.51458 ] ], [ [ -54.67292, -33.50625 ], [ -54.65573, -33.49479 ], [ -54.64661, -33.50599 ], [ -54.61406, -33.50286 ], [ -54.60365, -33.52552 ], [ -54.59375, -33.51875 ] ], [ [ -54.54792, -33.56042 ], [ -54.52396, -33.56875 ], [ -54.51042, -33.56042 ] ], [ [ -54.37292, -33.60625 ], [ -54.37292, -33.62292 ] ] ] } },
{ "type": "Feature", "properties": { "nombre": "Ao. Gutiérrez Grande", "DIS_AV_CMS": 3.491 }, "geometry": { "type": "LineString", "coordinates": [ [ -57.75208, -32.63542 ], [ -57.87526, -32.60156 ], [ -57.88958, -32.58125 ] ] } },
{ "type": "Feature", "properties": { "nombre": "Ao. Illescas", "DIS_AV_CMS": 55.935 }, "geometry": { "type": "MultiLineString", "coordinates": [ [ [ -55.64792, -33.36875 ], [ -55.69792, -33.36458 ] ], [ [ -55.56875, -33.38542 ], [ -55.58594, -33.38854 ], [ -55.61198, -33.36458 ], [ -55.64375, -33.36875 ] ], [ [ -55.51458, -33.42292 ], [ -55.54479, -33.38854 ], [ -55.56458, -33.38542 ] ], [ [ -55.47292, -33.46042 ], [ -55.48958, -33.45208 ] ], [ [ -55.41875, -33.48125 ], [ -55.43542, -33.47292 ] ], [ [ -55.35625, -33.50208 ], [ -55.37786, -33.50052 ], [ -55.38958, -33.48542 ] ] ] } },
{ "type": "Feature", "properties": { "nombre": "Ao. Insaurral", "DIS_AV_CMS": 2.651 }, "geometry": { "type": "LineString", "coordinates": [ [ -56.16458, -33.85208 ], [ -56.16875, -33.89375 ] ] } },
{ "type": "Feature", "properties": { "nombre": "Ao. Itacumbú", "DIS_AV_CMS": 6.398 }, "geometry": { "type": "MultiLineString", "coordinates": [ [ [ -57.53125, -30.36458 ], [ -57.57708, -30.35625 ] ], [ [ -57.48125, -30.48958 ], [ -57.50208, -30.44792 ], [ -57.50208, -30.41458 ] ] ] } },
{ "type": "Feature", "properties": { "nombre": "Ao. Itapebí Chico", "DIS_AV_CMS": 2.696 }, "geometry": { "type": "LineString", "coordinates": [ [ -57.66458, -31.19375 ], [ -57.73958, -31.18125 ] ] } },
{ "type": "Feature", "properties": { "nombre": "Ao. Itapebí Grande", "DIS_AV_CMS": 7.577 }, "geometry": { "type": "LineString", "coordinates": [ [ -57.51875, -31.37292 ], [ -57.66563, -31.30755 ], [ -57.68125, -31.31042 ], [ -57.69792, -31.29375 ] ] } },
{ "type": "Feature", "properties": { "nombre": "Ao. José Ignacio", "DIS_AV_CMS": 10.391 }, "geometry": { "type": "MultiLineString", "coordinates": [ [ [ -54.69792, -34.59375 ], [ -54.71458, -34.63542 ], [ -54.70208, -34.68958 ] ], [ [ -54.69375, -34.75208 ], [ -54.68542, -34.77135 ], [ -54.69792, -34.80625 ] ], [ [ -54.69792, -34.69375 ], [ -54.68542, -34.71458 ] ], [ [ -54.67292, -34.50208 ], [ -54.68125, -34.52552 ], [ -54.66484, -34.55495 ], [ -54.69375, -34.57708 ] ] ] } },
{ "type": "Feature", "properties": { "nombre": "Ao. Juan Duro", "DIS_AV_CMS": 15.407 }, "geometry": { "type": "LineString", "coordinates": [ [ -56.07292, -33.99375 ], [ -56.10208, -33.99792 ] ] } },
{ "type": "Feature", "properties": { "nombre": "Ao. Juan Esteban", "DIS_AV_CMS": 22.092 }, "geometry": { "type": "LineString", "coordinates": [ [ -56.83542, -34.00625 ], [ -56.83125, -34.01458 ] ] } },
{ "type": "Feature", "properties": { "nombre": "Ao. Juan Fernández", "DIS_AV_CMS": 2.643 }, "geometry": { "type": "LineString", "coordinates": [ [ -56.36458, -30.73542 ], [ -56.31875, -30.68958 ] ] } },
{ "type": "Feature", "properties": { "nombre": "Ao. Juan Santos", "DIS_AV_CMS": 6330.838 }, "geometry": { "type": "LineString", "coordinates": [ [ -58.14792, -32.36458 ], [ -58.15625, -32.38958 ] ] } },
{ "type": "Feature", "properties": { "nombre": "Ao. Juan Tomás", "DIS_AV_CMS": 12.854 }, "geometry": { "type": "LineString", "coordinates": [ [ -56.55208, -32.48125 ], [ -56.55625, -32.53125 ] ] } },
{ "type": "Feature", "properties": { "nombre": "Ao. Laureles", "DIS_AV_CMS": 56.167 }, "geometry": { "type": "MultiLineString", "coordinates": [ [ [ -56.35625, -31.94375 ], [ -56.37292, -31.95625 ] ], [ [ -55.99792, -31.28958 ], [ -55.98125, -31.29792 ] ], [ [ -55.86458, -31.36042 ], [ -55.83151, -31.3651 ], [ -55.81042, -31.39375 ] ], [ [ -55.17292, -33.91458 ], [ -55.10208, -33.86875 ] ], [ [ -54.73542, -33.82708 ], [ -54.69792, -33.81458 ] ], [ [ -54.13958, -32.52708 ], [ -54.12708, -32.53125 ] ] ] } },
{ "type": "Feature", "properties": { "nombre": "Ao. Laureles Grande", "DIS_AV_CMS": 7.348 }, "geometry": { "type": "LineString", "coordinates": [ [ -57.35208, -31.52708 ], [ -57.4151, -31.50234 ], [ -57.54948, -31.47656 ], [ -57.56536, -31.4612 ], [ -57.63125, -31.46875 ], [ -57.66875, -31.46042 ] ] } },
{ "type": "Feature", "properties": { "nombre": "Ao. Lechiguana", "DIS_AV_CMS": 3.935 }, "geometry": { "type": "MultiLineString", "coordinates": [ [ [ -55.17708, -32.74792 ], [ -55.20469, -32.72031 ], [ -55.22839, -32.67474 ], [ -55.22292, -32.66458 ] ], [ [ -55.11042, -32.86042 ], [ -55.1388, -32.83568 ], [ -55.16458, -32.78385 ], [ -55.16042, -32.76875 ] ], [ [ -54.41042, -31.83542 ], [ -54.43542, -31.84375 ] ], [ [ -54.32292, -31.79792 ], [ -54.38125, -31.81458 ] ] ] } },
{ "type": "Feature", "properties": { "nombre": "Ao. Leoncho", "DIS_AV_CMS": 4.319 }, "geometry": { "type": "LineString", "coordinates": [ [ -54.08125, -32.88125 ], [ -53.99375, -32.92292 ] ] } },
{ "type": "Feature", "properties": { "nombre": "Ao. Luis Pereira", "DIS_AV_CMS": 6.457 }, "geometry": { "type": "MultiLineString", "coordinates": [ [ [ -56.95625, -34.51042 ], [ -56.96875, -34.52292 ] ], [ [ -56.84792, -34.46875 ], [ -56.8724, -34.49714 ], [ -56.90208, -34.50208 ] ] ] } },
{ "type": "Feature", "properties": { "nombre": "Ao. Lunarejo", "DIS_AV_CMS": 7.703 }, "geometry": { "type": "MultiLineString", "coordinates": [ [ [ -55.94375, -31.16042 ], [ -55.90208, -31.18958 ] ], [ [ -55.83125, -31.24375 ], [ -55.79792, -31.26458 ] ] ] } },
{ "type": "Feature", "properties": { "nombre": "Ao. Maciel", "DIS_AV_CMS": 250.364 }, "geometry": { "type": "MultiLineString", "coordinates": [ [ [ -57.89375, -33.69792 ], [ -57.96432, -33.69089 ], [ -57.98542, -33.70208 ] ], [ [ -57.78542, -33.71458 ], [ -57.81615, -33.70208 ], [ -57.83542, -33.71458 ] ], [ [ -57.67708, -33.68125 ], [ -57.68385, -33.70052 ], [ -57.72708, -33.72292 ] ], [ [ -56.58542, -33.40208 ], [ -56.61875, -33.39375 ], [ -56.62708, -33.36042 ], [ -56.65208, -33.33125 ] ], [ [ -56.50625, -33.59375 ], [ -56.52292, -33.5474 ], [ -56.51042, -33.53125 ] ], [ [ -56.48542, -33.66042 ], [ -56.48958, -33.63958 ] ], [ [ -56.44375, -33.74792 ], [ -56.45547, -33.74427 ], [ -56.47708, -33.69375 ] ] ] } },
{ "type": "Feature", "properties": { "nombre": "Ao. Maestre Campo", "DIS_AV_CMS": 5.811 }, "geometry": { "type": "MultiLineString", "coordinates": [ [ [ -56.16042, -33.39375 ], [ -56.25625, -33.43125 ] ], [ [ -56.12292, -33.35208 ], [ -56.13958, -33.37292 ] ], [ [ -56.08542, -33.34375 ], [ -56.11042, -33.35208 ] ] ] } },
{ "type": "Feature", "properties": { "nombre": "Ao. Magallanes", "DIS_AV_CMS": 1.399 }, "geometry": { "type": "LineString", "coordinates": [ [ -55.38542, -32.60208 ], [ -55.3612, -32.56042 ], [ -55.36458, -32.52708 ] ] } },
{ "type": "Feature", "properties": { "nombre": "Ao. Mahoma", "DIS_AV_CMS": 22.664 }, "geometry": { "type": "LineString", "coordinates": [ [ -56.86875, -34.04375 ], [ -56.83958, -34.03125 ], [ -56.83125, -34.01458 ] ] } },
{ "type": "Feature", "properties": { "nombre": "Ao. Malbajar", "DIS_AV_CMS": 7.454 }, "geometry": { "type": "MultiLineString", "coordinates": [ [ [ -55.57292, -33.23542 ], [ -55.57448, -33.25339 ], [ -55.61302, -33.27552 ], [ -55.62031, -33.30703 ], [ -55.65208, -33.33958 ] ], [ [ -55.54792, -33.14792 ], [ -55.53958, -33.17292 ], [ -55.56458, -33.21458 ] ] ] } },
{ "type": "Feature", "properties": { "nombre": "Ao. Maldonado", "DIS_AV_CMS": 27.997 }, "geometry": { "type": "MultiLineString", "coordinates": [ [ [ -55.01875, -34.69375 ], [ -54.99505, -34.72969 ], [ -54.95885, -34.73698 ], [ -54.9362, -34.76406 ], [ -54.94792, -34.80208 ] ], [ [ -54.94375, -34.80625 ], [ -54.91875, -34.84948 ], [ -54.92292, -34.86458 ], [ -54.90208, -34.88542 ] ] ] } },
{ "type": "Feature", "properties": { "nombre": "Ao. Malo", "DIS_AV_CMS": 6101.503 }, "geometry": { "type": "MultiLineString", "coordinates": [ [ [ -58.11458, -31.89375 ], [ -58.1276, -31.88151 ], [ -58.19375, -31.87292 ], [ -58.19375, -31.91042 ] ], [ [ -56.22292, -32.01875 ], [ -56.21458, -32.06458 ] ], [ [ -56.18958, -32.09792 ], [ -56.18125, -32.11042 ] ], [ [ -56.13542, -32.15625 ], [ -56.11042, -32.16042 ] ], [ [ -56.08542, -32.18542 ], [ -56.07292, -32.18958 ] ], [ [ -56.05208, -32.18125 ], [ -56.01042, -32.18542 ] ], [ [ -55.99375, -32.19375 ], [ -55.96875, -32.21875 ] ], [ [ -55.87292, -32.29375 ], [ -55.86875, -32.31042 ], [ -55.81198, -32.32969 ], [ -55.80365, -32.38802 ], [ -55.76042, -32.39792 ] ], [ [ -54.53125, -33.22708 ], [ -54.50625, -33.22292 ] ], [ [ -53.88542, -32.45625 ], [ -53.87318, -32.47526 ], [ -53.87292, -32.53802 ], [ -53.84896, -32.56406 ], [ -53.84792, -32.62969 ], [ -53.86042, -32.64375 ], [ -53.85208, -32.68125 ] ], [ [ -53.85208, -32.68958 ], [ -53.87708, -32.73542 ] ], [ [ -53.71875, -33.17708 ], [ -53.67708, -33.16875 ] ] ] } },
{ "type": "Feature", "properties": { "nombre": "Ao. Mangacha", "DIS_AV_CMS": 4.773 }, "geometry": { "type": "LineString", "coordinates": [ [ -55.05625, -33.98542 ], [ -55.06458, -33.95208 ] ] } },
{ "type": "Feature", "properties": { "nombre": "Ao. Mangrullo", "DIS_AV_CMS": 2.735 }, "geometry": { "type": "LineString", "coordinates": [ [ -55.56042, -31.24375 ], [ -55.53932, -31.25495 ], [ -55.53073, -31.24479 ], [ -55.51042, -31.26042 ] ] } },
{ "type": "Feature", "properties": { "nombre": "Ao. Mangueras", "DIS_AV_CMS": 25.479 }, "geometry": { "type": "LineString", "coordinates": [ [ -55.36458, -31.27708 ], [ -55.39245, -31.27396 ], [ -55.42292, -31.3013 ], [ -55.51875, -31.32708 ] ] } },
{ "type": "Feature", "properties": { "nombre": "Ao. Mansavillagra", "DIS_AV_CMS": 26.67 }, "geometry": { "type": "MultiLineString", "coordinates": [ [ [ -55.84792, -33.46042 ], [ -55.87292, -33.43125 ] ], [ [ -55.83542, -33.47292 ], [ -55.84792, -33.47708 ] ], [ [ -55.79792, -33.50625 ], [ -55.80625, -33.50625 ] ], [ [ -55.71458, -33.55625 ], [ -55.71875, -33.55208 ] ], [ [ -55.64375, -33.61458 ], [ -55.66042, -33.61042 ] ], [ [ -55.48958, -33.69375 ], [ -55.55208, -33.66042 ] ], [ [ -55.39792, -33.73542 ], [ -55.4513, -33.73047 ], [ -55.46875, -33.71458 ] ] ] } },
{ "type": "Feature", "properties": { "nombre": "Ao. Marincho", "DIS_AV_CMS": 4.593 }, "geometry": { "type": "LineString", "coordinates": [ [ -57.13125, -33.37708 ], [ -57.09792, -33.27969 ], [ -57.11042, -33.26042 ], [ -57.10599, -33.2276 ], [ -57.07292, -33.21875 ], [ -57.04375, -33.17708 ] ] } },
{ "type": "Feature", "properties": { "nombre": "Ao. Marmarajá", "DIS_AV_CMS": 14.23 }, "geometry": { "type": "MultiLineString", "coordinates": [ [ [ -54.96458, -34.22708 ], [ -54.97292, -34.21875 ], [ -54.9487, -34.2026 ], [ -54.94714, -34.1724 ], [ -54.93125, -34.17708 ], [ -54.91953, -34.16458 ], [ -54.92578, -34.13932 ], [ -54.91198, -34.12448 ], [ -54.89635, -34.12031 ], [ -54.87708, -34.13958 ], [ -54.83542, -34.12708 ] ], [ [ -54.81042, -34.11042 ], [ -54.78125, -34.11875 ] ], [ [ -54.71875, -34.08958 ], [ -54.71875, -34.08125 ] ] ] } },
{ "type": "Feature", "properties": { "nombre": "Ao. Mataojito", "DIS_AV_CMS": 2.343 }, "geometry": { "type": "LineString", "coordinates": [ [ -56.78125, -31.20208 ], [ -56.78125, -31.18958 ], [ -56.81042, -31.16875 ] ] } },
{ "type": "Feature", "properties": { "nombre": "Ao. Mataojo", "DIS_AV_CMS": 7.1 }, "geometry": { "type": "MultiLineString", "coordinates": [ [ [ -57.11458, -32.49792 ], [ -57.12292, -32.51042 ] ], [ [ -55.98125, -32.32292 ], [ -55.95208, -32.31458 ] ], [ [ -55.31875, -34.51875 ], [ -55.41042, -34.49375 ], [ -55.43932, -34.53594 ], [ -55.43125, -34.56042 ], [ -55.45052, -34.57552 ], [ -55.44375, -34.59375 ], [ -55.46458, -34.61458 ] ], [ [ -55.07292, -34.58542 ], [ -55.02708, -34.61458 ], [ -55.03542, -34.62292 ], [ -55.01172, -34.65651 ], [ -55.01875, -34.69375 ] ] ] } },
{ "type": "Feature", "properties": { "nombre": "Ao. Mataojo Chico", "DIS_AV_CMS": 6.746 }, "geometry": { "type": "MultiLineString", "coordinates": [ [ [ -56.56042, -31.12292 ], [ -56.57552, -31.1263 ], [ -56.57708, -31.11458 ] ], [ [ -56.41875, -31.41875 ], [ -56.46042, -31.39375 ], [ -56.45729, -31.38099 ], [ -56.48958, -31.34635 ], [ -56.47708, -31.32708 ] ], [ [ -56.36042, -31.18125 ], [ -56.36719, -31.16615 ], [ -56.46042, -31.13958 ] ] ] } },
{ "type": "Feature", "properties": { "nombre": "Ao. Mataojo Grande", "DIS_AV_CMS": 56.925 }, "geometry": { "type": "MultiLineString", "coordinates": [ [ [ -56.66042, -31.18125 ], [ -56.66875, -31.16875 ], [ -56.70208, -31.18125 ] ], [ [ -56.59792, -31.20208 ], [ -56.62604, -31.20156 ], [ -56.65625, -31.18125 ] ], [ [ -56.42708, -31.33125 ], [ -56.47135, -31.33125 ], [ -56.49844, -31.31797 ], [ -56.54375, -31.24792 ] ], [ [ -56.34375, -31.32292 ], [ -56.36458, -31.32708 ] ] ] } },
{ "type": "Feature", "properties": { "nombre": "Ao. Mataperros Chico", "DIS_AV_CMS": 2.82 }, "geometry": { "type": "LineString", "coordinates": [ [ -56.37708, -30.97292 ], [ -56.41458, -31.00625 ] ] } },
{ "type": "Feature", "properties": { "nombre": "Ao. Mendoza", "DIS_AV_CMS": 6.326 }, "geometry": { "type": "LineString", "coordinates": [ [ -55.06042, -33.93542 ], [ -55.05625, -33.92292 ] ] } },
{ "type": "Feature", "properties": { "nombre": "Ao. Miguelete", "DIS_AV_CMS": 16.205 }, "geometry": { "type": "MultiLineString", "coordinates": [ [ [ -57.87292, -34.14375 ], [ -57.91042, -34.21771 ], [ -57.88125, -34.22292 ] ], [ [ -57.75625, -33.99792 ], [ -57.82292, -34.07708 ] ], [ [ -56.19375, -34.85208 ], [ -56.22292, -34.87292 ] ] ] } },
{ "type": "Feature", "properties": { "nombre": "Ao. Minas De Callorda", "DIS_AV_CMS": 534.412 }, "geometry": { "type": "MultiLineString", "coordinates": [ [ [ -56.41042, -32.81875 ], [ -56.42292, -32.86458 ] ], [ [ -56.36458, -32.90208 ], [ -56.39792, -32.87708 ] ], [ [ -56.36042, -32.95625 ], [ -56.36042, -32.90625 ] ], [ [ -56.31458, -33.03125 ], [ -56.31875, -33.01875 ] ] ] } },
{ "type": "Feature", "properties": { "nombre": "Ao. Moleras", "DIS_AV_CMS": 1.864 }, "geometry": { "type": "LineString", "coordinates": [ [ -54.49375, -34.72292 ], [ -54.52292, -34.74375 ] ] } },
{ "type": "Feature", "properties": { "nombre": "Ao. Molles", "DIS_AV_CMS": 5.057 }, "geometry": { "type": "MultiLineString", "coordinates": [ [ [ -56.45625, -32.46458 ], [ -56.49792, -32.52292 ] ], [ [ -56.46042, -32.91458 ], [ -56.43125, -32.86458 ] ], [ [ -56.31042, -33.98542 ], [ -56.29375, -33.99792 ] ], [ [ -55.55208, -30.91042 ], [ -55.52031, -30.92552 ], [ -55.50625, -30.96042 ] ], [ [ -54.87708, -34.32708 ], [ -54.86354, -34.33542 ], [ -54.84609, -34.31927 ], [ -54.82708, -34.32292 ], [ -54.81875, -34.30625 ] ] ] } },
{ "type": "Feature", "properties": { "nombre": "Ao. Molles Chico", "DIS_AV_CMS": 2.016 }, "geometry": { "type": "LineString", "coordinates": [ [ -57.01042, -31.98125 ], [ -57.05625, -32.03958 ] ] } },
{ "type": "Feature", "properties": { "nombre": "Ao. Molles De Porrúa", "DIS_AV_CMS": 2.2 }, "geometry": { "type": "LineString", "coordinates": [ [ -56.92708, -32.84375 ], [ -56.92188, -32.86563 ], [ -56.86042, -32.90625 ] ] } },
{ "type": "Feature", "properties": { "nombre": "Ao. Molles De Quinteros", "DIS_AV_CMS": 3.221 }, "geometry": { "type": "LineString", "coordinates": [ [ -56.85625, -32.97292 ], [ -56.87292, -32.96458 ] ] } },
{ "type": "Feature", "properties": { "nombre": "Ao. Molles Del Pescado", "DIS_AV_CMS": 5.851 }, "geometry": { "type": "LineString", "coordinates": [ [ -55.26875, -33.45208 ], [ -55.27969, -33.43698 ], [ -55.32865, -33.43385 ], [ -55.38281, -33.40052 ], [ -55.38698, -33.3862 ], [ -55.40469, -33.38698 ], [ -55.41875, -33.35625 ], [ -55.44349, -33.33906 ], [ -55.45208, -33.30313 ], [ -55.44375, -33.28958 ] ] } },
{ "type": "Feature", "properties": { "nombre": "Ao. Molles Del Timote", "DIS_AV_CMS": 3.507 }, "geometry": { "type": "LineString", "coordinates": [ [ -55.84792, -33.61875 ], [ -55.91302, -33.54115 ], [ -55.95208, -33.52292 ] ] } },
{ "type": "Feature", "properties": { "nombre": "Ao. Molles Grande", "DIS_AV_CMS": 1.829 }, "geometry": { "type": "LineString", "coordinates": [ [ -57.00208, -32.23958 ], [ -56.99792, -32.20625 ] ] } },
{ "type": "Feature", "properties": { "nombre": "Ao. Monzón", "DIS_AV_CMS": 2.74 }, "geometry": { "type": "LineString", "coordinates": [ [ -55.31042, -33.26875 ], [ -55.35625, -33.26042 ] ] } },
{ "type": "Feature", "properties": { "nombre": "Ao. Negro", "DIS_AV_CMS": 37.903 }, "geometry": { "type": "MultiLineString", "coordinates": [ [ [ -58.08125, -32.46458 ], [ -58.19375, -32.48542 ] ], [ [ -58.02708, -32.52708 ], [ -58.05208, -32.50625 ], [ -58.05625, -32.47708 ] ], [ [ -57.98542, -32.56875 ], [ -57.99792, -32.55208 ] ], [ [ -57.88958, -32.58125 ], [ -57.95625, -32.57292 ] ], [ [ -57.76875, -32.57708 ], [ -57.77813, -32.58906 ], [ -57.80469, -32.58802 ], [ -57.83125, -32.56875 ] ], [ [ -57.65625, -32.53125 ], [ -57.66875, -32.53125 ] ], [ [ -57.62292, -32.53542 ], [ -57.65625, -32.53125 ] ], [ [ -57.62708, -32.48542 ], [ -57.65625, -32.53125 ] ] ] } },
{ "type": "Feature", "properties": { "nombre": "Ao. Pablo Páez", "DIS_AV_CMS": 8.086 }, "geometry": { "type": "MultiLineString", "coordinates": [ [ [ -55.22292, -32.61875 ], [ -55.28958, -32.61042 ] ], [ [ -55.06875, -32.77292 ], [ -55.1474, -32.7151 ], [ -55.14635, -32.69115 ], [ -55.18073, -32.70599 ], [ -55.20833, -32.66667 ], [ -55.22292, -32.66458 ] ], [ [ -55.02708, -32.81042 ], [ -55.05625, -32.79375 ] ] ] } },
{ "type": "Feature", "properties": { "nombre": "Ao. Palleros", "DIS_AV_CMS": 1.756 }, "geometry": { "type": "LineString", "coordinates": [ [ -54.48958, -32.08958 ], [ -54.55365, -32.05625 ], [ -54.57292, -32.08125 ] ] } },
{ "type": "Feature", "properties": { "nombre": "Ao. Palma Sola Grande", "DIS_AV_CMS": 6.598 }, "geometry": { "type": "LineString", "coordinates": [ [ -57.48125, -30.66875 ], [ -57.59219, -30.74219 ], [ -57.58255, -30.77266 ], [ -57.59661, -30.78776 ], [ -57.67292, -30.77708 ] ] } },
{ "type": "Feature", "properties": { "nombre": "Ao. Palomas Grande", "DIS_AV_CMS": 3.461 }, "geometry": { "type": "LineString", "coordinates": [ [ -57.63125, -31.06042 ], [ -57.67448, -31.04635 ], [ -57.71458, -31.00208 ] ] } },
{ "type": "Feature", "properties": { "nombre": "Ao. Palos Blancos", "DIS_AV_CMS": 2.095 }, "geometry": { "type": "LineString", "coordinates": [ [ -56.79792, -34.63542 ], [ -56.81042, -34.64375 ] ] } },
{ "type": "Feature", "properties": { "nombre": "Ao. Pan De Azúcar", "DIS_AV_CMS": 8.389 }, "geometry": { "type": "MultiLineString", "coordinates": [ [ [ -55.22292, -34.62292 ], [ -55.22865, -34.64115 ], [ -55.25182, -34.65339 ], [ -55.23958, -34.67708 ], [ -55.25182, -34.7125 ], [ -55.24792, -34.75625 ] ], [ [ -55.18542, -34.81042 ], [ -55.17292, -34.81875 ] ] ] } },
{ "type": "Feature", "properties": { "nombre": "Ao. Pando", "DIS_AV_CMS": 13.26 }, "geometry": { "type": "MultiLineString", "coordinates": [ [ [ -55.93542, -34.68958 ], [ -55.93958, -34.74792 ] ], [ [ -55.92292, -34.51875 ], [ -55.93542, -34.58958 ] ] ] } },
{ "type": "Feature", "properties": { "nombre": "Ao. Pantanoso", "DIS_AV_CMS": 6.315 }, "geometry": { "type": "MultiLineString", "coordinates": [ [ [ -56.47708, -33.69375 ], [ -56.48542, -33.66042 ] ], [ [ -56.31875, -33.96458 ], [ -56.31042, -33.98542 ] ] ] } },
{ "type": "Feature", "properties": { "nombre": "Ao. Paraná", "DIS_AV_CMS": 2.4 }, "geometry": { "type": "LineString", "coordinates": [ [ -56.23125, -33.68958 ], [ -56.22708, -33.68125 ] ] } },
{ "type": "Feature", "properties": { "nombre": "Ao. Patitas", "DIS_AV_CMS": 3.032 }, "geometry": { "type": "LineString", "coordinates": [ [ -57.14375, -30.83958 ], [ -57.14375, -30.92708 ] ] } },
{ "type": "Feature", "properties": { "nombre": "Ao. Paurú", "DIS_AV_CMS": 12.135 }, "geometry": { "type": "LineString", "coordinates": [ [ -57.13542, -32.67292 ], [ -57.15208, -32.68542 ], [ -57.16875, -32.67292 ] ] } },
{ "type": "Feature", "properties": { "nombre": "Ao. Pavón", "DIS_AV_CMS": 7.928 }, "geometry": { "type": "MultiLineString", "coordinates": [ [ [ -56.97708, -34.43542 ], [ -57.02292, -34.46458 ] ], [ [ -56.88542, -34.36042 ], [ -56.91146, -34.39479 ], [ -56.93698, -34.39948 ], [ -56.96875, -34.43542 ] ], [ [ -56.93125, -34.24375 ], [ -56.92552, -34.26615 ], [ -56.90625, -34.27292 ] ], [ [ -56.89792, -34.29375 ], [ -56.86042, -34.34375 ] ] ] } },
{ "type": "Feature", "properties": { "nombre": "Ao. Pelado", "DIS_AV_CMS": 5.181 }, "geometry": { "type": "LineString", "coordinates": [ [ -56.67292, -30.66042 ], [ -56.7349, -30.57839 ], [ -56.84948, -30.53385 ], [ -56.91719, -30.4612 ], [ -56.93281, -30.42135 ], [ -56.98542, -30.36042 ] ] } },
{ "type": "Feature", "properties": { "nombre": "Ao. Pichinango", "DIS_AV_CMS": 4.845 }, "geometry": { "type": "LineString", "coordinates": [ [ -57.30208, -34.16458 ], [ -57.27708, -34.22292 ] ] } },
{ "type": "Feature", "properties": { "nombre": "Ao. Piedras Blancas", "DIS_AV_CMS": 1.945 }, "geometry": { "type": "LineString", "coordinates": [ [ -54.06458, -34.39375 ], [ -54.03542, -34.38958 ] ] } },
{ "type": "Feature", "properties": { "nombre": "Ao. Pintado Grande", "DIS_AV_CMS": 2.314 }, "geometry": { "type": "LineString", "coordinates": [ [ -56.43958, -30.51458 ], [ -56.44375, -30.47031 ], [ -56.43125, -30.43125 ] ] } },
{ "type": "Feature", "properties": { "nombre": "Ao. Pirarajá", "DIS_AV_CMS": 58.643 }, "geometry": { "type": "MultiLineString", "coordinates": [ [ [ -54.72292, -33.70625 ], [ -54.70781, -33.70885 ], [ -54.70781, -33.73229 ], [ -54.68125, -33.76042 ] ], [ [ -54.67708, -33.73125 ], [ -54.68125, -33.76042 ] ], [ [ -54.68125, -33.76042 ], [ -54.66042, -33.78125 ], [ -54.67292, -33.79375 ] ] ] } },
{ "type": "Feature", "properties": { "nombre": "Ao. Polanco", "DIS_AV_CMS": 2.649 }, "geometry": { "type": "LineString", "coordinates": [ [ -55.18958, -33.88542 ], [ -55.10625, -33.86875 ] ] } },
{ "type": "Feature", "properties": { "nombre": "Ao. Polancos", "DIS_AV_CMS": 4.837 }, "geometry": { "type": "LineString", "coordinates": [ [ -58.21875, -33.89792 ], [ -58.24792, -33.89792 ] ] } },
{ "type": "Feature", "properties": { "nombre": "Ao. Polonia", "DIS_AV_CMS": 3.279 }, "geometry": { "type": "LineString", "coordinates": [ [ -57.31875, -34.04792 ], [ -57.33125, -34.11042 ], [ -57.31563, -34.12656 ], [ -57.32031, -34.15417 ], [ -57.30208, -34.16458 ] ] } },
{ "type": "Feature", "properties": { "nombre": "Ao. Porongos", "DIS_AV_CMS": 10.089 }, "geometry": { "type": "MultiLineString", "coordinates": [ [ [ -56.79792, -33.35208 ], [ -56.82266, -33.3263 ], [ -56.83542, -33.27708 ] ], [ [ -56.81875, -33.48125 ], [ -56.83021, -33.45573 ], [ -56.81198, -33.44115 ], [ -56.80208, -33.40625 ] ], [ [ -56.78542, -33.60625 ], [ -56.81042, -33.55625 ], [ -56.79792, -33.51458 ] ] ] } },
{ "type": "Feature", "properties": { "nombre": "Ao. Quebracho", "DIS_AV_CMS": 4.297 }, "geometry": { "type": "LineString", "coordinates": [ [ -54.70625, -32.57708 ], [ -54.72708, -32.57292 ] ] } },
{ "type": "Feature", "properties": { "nombre": "Ao. Quebracho Grande", "DIS_AV_CMS": 154.818 }, "geometry": { "type": "MultiLineString", "coordinates": [ [ [ -57.95208, -32.02292 ], [ -58.03542, -32.02292 ], [ -58.06042, -32.0651 ], [ -58.03958, -32.09375 ], [ -58.07708, -32.12292 ] ], [ [ -57.81458, -31.95625 ], [ -57.83568, -31.9763 ], [ -57.9026, -31.97396 ], [ -57.91875, -31.99792 ] ] ] } },
{ "type": "Feature", "properties": { "nombre": "Ao. Quiebra Yugo", "DIS_AV_CMS": 5.515 }, "geometry": { "type": "MultiLineString", "coordinates": [ [ [ -54.75625, -32.56042 ], [ -54.77708, -32.53542 ] ], [ [ -54.69792, -32.57292 ], [ -54.70625, -32.57708 ] ] ] } },
{ "type": "Feature", "properties": { "nombre": "Ao. Quiebra Yugos", "DIS_AV_CMS": 10.913 }, "geometry": { "type": "LineString", "coordinates": [ [ -56.11042, -31.63542 ], [ -56.09688, -31.63646 ], [ -56.08958, -31.65625 ] ] } },
{ "type": "Feature", "properties": { "nombre": "Ao. Quillay", "DIS_AV_CMS": 3.733 }, "geometry": { "type": "LineString", "coordinates": [ [ -56.21458, -32.06458 ], [ -56.21042, -32.07708 ] ] } },
{ "type": "Feature", "properties": { "nombre": "Ao. Rabón", "DIS_AV_CMS": 8.732 }, "geometry": { "type": "LineString", "coordinates": [ [ -57.88542, -32.42292 ], [ -57.91042, -32.4237 ], [ -57.98958, -32.47708 ], [ -58.00104, -32.46875 ], [ -58.05625, -32.47708 ] ] } },
{ "type": "Feature", "properties": { "nombre": "Ao. Riachuelo", "DIS_AV_CMS": 2.633 }, "geometry": { "type": "LineString", "coordinates": [ [ -57.66458, -34.38542 ], [ -57.73125, -34.45625 ] ] } },
{ "type": "Feature", "properties": { "nombre": "Ao. Rolón", "DIS_AV_CMS": 2.642 }, "geometry": { "type": "MultiLineString", "coordinates": [ [ [ -56.2, -32.26875 ], [ -56.1474, -32.28021 ], [ -56.09583, -32.26068 ], [ -55.97292, -32.29375 ] ], [ [ -56.02708, -33.08542 ], [ -56.04375, -33.10365 ], [ -56.03594, -33.11406 ], [ -55.97292, -33.13542 ] ], [ [ -56.02708, -32.31458 ], [ -55.97292, -32.29375 ] ], [ [ -55.97292, -32.29375 ], [ -55.94375, -32.30625 ] ] ] } },
{ "type": "Feature", "properties": { "nombre": "Ao. Rubio Chico", "DIS_AV_CMS": 6.655 }, "geometry": { "type": "LineString", "coordinates": [ [ -55.84792, -31.22708 ], [ -55.83125, -31.24375 ] ] } },
{ "type": "Feature", "properties": { "nombre": "Ao. Saldaña", "DIS_AV_CMS": 5.324 }, "geometry": { "type": "LineString", "coordinates": [ [ -53.69792, -32.38542 ], [ -53.64792, -32.40625 ] ] } },
{ "type": "Feature", "properties": { "nombre": "Ao. Salsipuedes Chico", "DIS_AV_CMS": 6.363 }, "geometry": { "type": "MultiLineString", "coordinates": [ [ [ -56.49792, -32.52292 ], [ -56.51875, -32.55208 ], [ -56.56875, -32.56875 ] ], [ [ -56.34792, -32.36875 ], [ -56.3849, -32.37786 ], [ -56.38125, -32.38958 ] ] ] } },
{ "type": "Feature", "properties": { "nombre": "Ao. Salsipuedes Grande", "DIS_AV_CMS": 23.424 }, "geometry": { "type": "MultiLineString", "coordinates": [ [ [ -56.60625, -32.66042 ], [ -56.63958, -32.68542 ], [ -56.64375, -32.70208 ] ], [ [ -56.56875, -32.56875 ], [ -56.58958, -32.60625 ] ], [ [ -56.55625, -32.53125 ], [ -56.56458, -32.54375 ] ], [ [ -56.55208, -32.47292 ], [ -56.55208, -32.48125 ] ], [ [ -56.48125, -32.33125 ], [ -56.53125, -32.40208 ] ], [ [ -56.38125, -32.24375 ], [ -56.47708, -32.32708 ] ], [ [ -56.34375, -32.18125 ], [ -56.36042, -32.23125 ] ] ] } },
{ "type": "Feature", "properties": { "nombre": "Ao. San Antonio", "DIS_AV_CMS": 2.623 }, "geometry": { "type": "LineString", "coordinates": [ [ -56.90625, -34.27292 ], [ -56.89792, -34.29375 ] ] } },
{ "type": "Feature", "properties": { "nombre": "Ao. San Antonio Grande", "DIS_AV_CMS": 3.887 }, "geometry": { "type": "MultiLineString", "coordinates": [ [ [ -57.88958, -31.28125 ], [ -57.9724, -31.3513 ], [ -57.98542, -31.34792 ] ], [ [ -57.85208, -31.33958 ], [ -57.87708, -31.29375 ] ] ] } },
{ "type": "Feature", "properties": { "nombre": "Ao. San Carlos", "DIS_AV_CMS": 16.631 }, "geometry": { "type": "MultiLineString", "coordinates": [ [ [ -54.90625, -34.79792 ], [ -54.92708, -34.82708 ] ], [ [ -54.86875, -34.63958 ], [ -54.84792, -34.65313 ], [ -54.88958, -34.71198 ], [ -54.88125, -34.74375 ] ] ] } },
{ "type": "Feature", "properties": { "nombre": "Ao. San Francisco", "DIS_AV_CMS": 11.398 }, "geometry": { "type": "MultiLineString", "coordinates": [ [ [ -55.26458, -34.33125 ], [ -55.27292, -34.32292 ] ], [ [ -55.25625, -34.35208 ], [ -55.26458, -34.33125 ] ], [ [ -55.19792, -34.33542 ], [ -55.26458, -34.33125 ] ], [ [ -55.20208, -34.43958 ], [ -55.20365, -34.39635 ], [ -55.25208, -34.37292 ] ], [ [ -54.02708, -33.05625 ], [ -53.97448, -33.07135 ], [ -53.97214, -33.09427 ], [ -53.91875, -33.18125 ] ] ] } },
{ "type": "Feature", "properties": { "nombre": "Ao. San Francisco Chico", "DIS_AV_CMS": 1.74 }, "geometry": { "type": "LineString", "coordinates": [ [ -58.01875, -32.24375 ], [ -58.05208, -32.25208 ] ] } },
{ "type": "Feature", "properties": { "nombre": "Ao. San Francisco Grande", "DIS_AV_CMS": 6.444 }, "geometry": { "type": "MultiLineString", "coordinates": [ [ [ -58.05208, -32.25208 ], [ -58.11042, -32.22708 ] ], [ [ -57.87708, -32.31042 ], [ -57.90208, -32.31458 ] ] ] } },
{ "type": "Feature", "properties": { "nombre": "Ao. San Gabriel", "DIS_AV_CMS": 2.49 }, "geometry": { "type": "LineString", "coordinates": [ [ -55.86458, -34.12708 ], [ -55.86875, -34.13542 ] ] } },
{ "type": "Feature", "properties": { "nombre": "Ao. San Gerónimo", "DIS_AV_CMS": 2.589 }, "geometry": { "type": "LineString", "coordinates": [ [ -56.08958, -33.93958 ], [ -56.08542, -33.94792 ] ] } },
{ "type": "Feature", "properties": { "nombre": "Ao. San Gregorio", "DIS_AV_CMS": 273.7 }, "geometry": { "type": "MultiLineString", "coordinates": [ [ [ -56.82708, -34.66875 ], [ -56.83125, -34.67708 ] ], [ [ -56.76875, -33.92708 ], [ -56.78958, -33.93958 ] ], [ [ -55.41458, -32.33125 ], [ -55.42865, -32.35208 ], [ -55.45781, -32.34948 ], [ -55.46875, -32.38542 ] ] ] } },
{ "type": "Feature", "properties": { "nombre": "Ao. San José", "DIS_AV_CMS": 24.009 }, "geometry": { "type": "LineString", "coordinates": [ [ -55.76875, -33.53958 ], [ -55.79792, -33.50625 ] ] } },
{ "type": "Feature", "properties": { "nombre": "Ao. San Luis", "DIS_AV_CMS": 5.77 }, "geometry": { "type": "MultiLineString", "coordinates": [ [ [ -57.37708, -32.59375 ], [ -57.37292, -32.60625 ] ], [ [ -54.56042, -31.48125 ], [ -54.54531, -31.50052 ], [ -54.51771, -31.50729 ], [ -54.49375, -31.55625 ] ] ] } },
{ "type": "Feature", "properties": { "nombre": "Ao. San Martín", "DIS_AV_CMS": 5.205 }, "geometry": { "type": "MultiLineString", "coordinates": [ [ [ -57.69375, -33.79792 ], [ -57.74792, -33.81875 ] ], [ [ -57.62292, -33.75625 ], [ -57.63125, -33.75625 ] ] ] } },
{ "type": "Feature", "properties": { "nombre": "Ao. San Miguel", "DIS_AV_CMS": 37.156 }, "geometry": { "type": "MultiLineString", "coordinates": [ [ [ -53.55208, -33.71875 ], [ -53.53542, -33.70208 ], [ -53.52708, -33.66458 ] ], [ [ -53.53958, -33.61875 ], [ -53.53125, -33.59792 ] ] ] } },
{ "type": "Feature", "properties": { "nombre": "Ao. San Pedro", "DIS_AV_CMS": 2.456 }, "geometry": { "type": "MultiLineString", "coordinates": [ [ [ -57.89792, -34.32708 ], [ -57.92708, -34.33958 ] ], [ [ -57.86458, -34.31042 ], [ -57.88125, -34.31875 ] ] ] } },
{ "type": "Feature", "properties": { "nombre": "Ao. San Ramón", "DIS_AV_CMS": 2.332 }, "geometry": { "type": "LineString", "coordinates": [ [ -55.54792, -32.89792 ], [ -55.53958, -32.88542 ], [ -55.49792, -32.90208 ] ] } },
{ "type": "Feature", "properties": { "nombre": "Ao. Santa Ana", "DIS_AV_CMS": 4.535 }, "geometry": { "type": "MultiLineString", "coordinates": [ [ [ -57.23958, -32.21458 ], [ -57.24792, -32.19792 ] ], [ [ -57.21875, -32.25625 ], [ -57.22292, -32.23958 ] ], [ [ -57.17292, -32.28542 ], [ -57.20208, -32.26042 ] ] ] } },
{ "type": "Feature", "properties": { "nombre": "Ao. Santa Rosa", "DIS_AV_CMS": 5538.722 }, "geometry": { "type": "LineString", "coordinates": [ [ -57.64375, -30.20625 ], [ -57.61927, -30.23646 ], [ -57.61458, -30.26875 ] ] } },
{ "type": "Feature", "properties": { "nombre": "Ao. Sarandí", "DIS_AV_CMS": 105.013 }, "geometry": { "type": "MultiLineString", "coordinates": [ [ [ -57.66875, -30.71875 ], [ -57.69792, -30.74792 ] ], [ [ -57.11042, -32.49375 ], [ -57.11458, -32.49792 ] ], [ [ -56.94375, -33.45208 ], [ -56.93542, -33.43958 ] ], [ [ -56.91458, -33.40208 ], [ -56.89635, -33.36719 ], [ -56.86198, -33.34036 ], [ -56.86875, -33.28958 ], [ -56.83542, -33.27708 ] ], [ [ -56.81042, -30.42292 ], [ -56.85208, -30.38958 ] ], [ [ -56.64792, -30.86875 ], [ -56.67604, -30.86823 ], [ -56.72708, -30.83542 ], [ -56.75625, -30.79792 ] ], [ [ -56.63958, -33.15625 ], [ -56.63958, -33.16042 ] ], [ [ -56.22708, -33.68125 ], [ -56.23958, -33.66563 ], [ -56.23151, -33.63177 ], [ -56.25625, -33.58229 ], [ -56.23958, -33.48542 ] ], [ [ -55.62708, -32.56042 ], [ -55.62969, -32.54115 ], [ -55.66042, -32.53125 ] ], [ [ -55.58958, -32.59375 ], [ -55.61458, -32.57708 ] ], [ [ -55.53125, -32.68125 ], [ -55.54375, -32.66875 ] ], [ [ -55.49792, -34.39792 ], [ -55.53958, -34.44792 ] ], [ [ -54.61875, -31.83958 ], [ -54.58229, -31.85104 ], [ -54.53125, -31.90625 ] ], [ [ -54.59375, -33.51875 ], [ -54.56302, -33.52031 ], [ -54.56458, -33.55208 ], [ -54.54792, -33.56042 ] ], [ [ -54.51458, -32.28958 ], [ -54.58542, -32.22292 ] ], [ [ -54.53958, -31.94375 ], [ -54.55625, -31.98125 ] ], [ [ -54.51458, -33.70625 ], [ -54.48542, -33.69375 ] ], [ [ -53.96458, -33.48125 ], [ -53.92734, -33.48828 ], [ -53.89375, -33.46875 ] ], [ [ -53.77708, -32.25625 ], [ -53.71432, -32.30156 ], [ -53.69792, -32.29375 ], [ -53.66849, -32.3349 ], [ -53.64792, -32.31875 ], [ -53.63958, -32.33958 ] ] ] } },
{ "type": "Feature", "properties": { "nombre": "Ao. Sarandí Chico", "DIS_AV_CMS": 11.497 }, "geometry": { "type": "MultiLineString", "coordinates": [ [ [ -57.22292, -32.59792 ], [ -57.23125, -32.60625 ] ], [ [ -56.02708, -33.85208 ], [ -56.06042, -33.93125 ] ], [ [ -53.66458, -32.94375 ], [ -53.60625, -32.98958 ] ] ] } },
{ "type": "Feature", "properties": { "nombre": "Ao. Sarandí De Barceló", "DIS_AV_CMS": 3.439 }, "geometry": { "type": "LineString", "coordinates": [ [ -53.71875, -32.50625 ], [ -53.70885, -32.50885 ], [ -53.64948, -32.44948 ], [ -53.60208, -32.42708 ] ] } },
{ "type": "Feature", "properties": { "nombre": "Ao. Sarandí De Cuadra", "DIS_AV_CMS": 11.466 }, "geometry": { "type": "LineString", "coordinates": [ [ -56.19375, -33.18542 ], [ -56.19792, -33.18958 ] ] } },
{ "type": "Feature", "properties": { "nombre": "Ao. Sarandí De La Horqueta", "DIS_AV_CMS": 33.052 }, "geometry": { "type": "MultiLineString", "coordinates": [ [ [ -53.59792, -33.82292 ], [ -53.56042, -33.78125 ] ], [ [ -53.56042, -33.78125 ], [ -53.57292, -33.73958 ], [ -53.55208, -33.71875 ] ], [ [ -53.54375, -33.84375 ], [ -53.54531, -33.80052 ], [ -53.56042, -33.78125 ] ] ] } },
{ "type": "Feature", "properties": { "nombre": "Ao. Sarandí De La Paloma", "DIS_AV_CMS": 3.692 }, "geometry": { "type": "LineString", "coordinates": [ [ -54.33125, -34.13125 ], [ -54.3138, -34.06615 ], [ -54.28958, -34.03125 ] ] } },
{ "type": "Feature", "properties": { "nombre": "Ao. Sarandí De Los Amarales", "DIS_AV_CMS": 10.395 }, "geometry": { "type": "LineString", "coordinates": [ [ -54.12708, -34.03958 ], [ -54.16458, -33.98542 ], [ -54.16875, -33.93438 ], [ -54.15911, -33.90156 ], [ -54.12292, -33.87708 ] ] } },
{ "type": "Feature", "properties": { "nombre": "Ao. Sarandí De Tejera", "DIS_AV_CMS": 5.47 }, "geometry": { "type": "LineString", "coordinates": [ [ -56.45208, -33.31875 ], [ -56.46458, -33.32865 ], [ -56.46042, -33.35208 ] ] } },
{ "type": "Feature", "properties": { "nombre": "Ao. Sarandí Del Abra", "DIS_AV_CMS": 4.482 }, "geometry": { "type": "MultiLineString", "coordinates": [ [ [ -54.39792, -33.79375 ], [ -54.37292, -33.74792 ] ], [ [ -54.37292, -33.74792 ], [ -54.38125, -33.73958 ] ], [ [ -54.35625, -33.76042 ], [ -54.37292, -33.74792 ] ] ] } },
{ "type": "Feature", "properties": { "nombre": "Ao. Sarandí Del Arapey", "DIS_AV_CMS": 3.299 }, "geometry": { "type": "LineString", "coordinates": [ [ -56.27292, -30.98958 ], [ -56.33542, -31.02708 ] ] } },
{ "type": "Feature", "properties": { "nombre": "Ao. Sarandí Grande", "DIS_AV_CMS": 32.716 }, "geometry": { "type": "MultiLineString", "coordinates": [ [ [ -57.89375, -33.30208 ], [ -57.90208, -33.28958 ] ], [ [ -56.90208, -33.85208 ], [ -56.89375, -33.86875 ] ], [ [ -54.64375, -34.05625 ], [ -54.60495, -34.03984 ], [ -54.58958, -34.04792 ] ], [ [ -54.59375, -34.08542 ], [ -54.58958, -34.04792 ] ], [ [ -54.58958, -34.04792 ], [ -54.57292, -33.99375 ] ], [ [ -53.78542, -32.87708 ], [ -53.76302, -32.92448 ], [ -53.71771, -32.96979 ], [ -53.66458, -32.97708 ] ], [ [ -53.60625, -32.98958 ], [ -53.51042, -32.99792 ] ] ] } },
{ "type": "Feature", "properties": { "nombre": "Ao. Sauce", "DIS_AV_CMS": 8.121 }, "geometry": { "type": "MultiLineString", "coordinates": [ [ [ -57.61458, -32.11042 ], [ -57.61458, -32.16302 ], [ -57.60208, -32.17708 ] ], [ [ -57.52708, -34.35208 ], [ -57.50781, -34.36719 ], [ -57.51042, -34.38958 ] ], [ [ -57.50208, -34.40208 ], [ -57.48542, -34.40208 ] ], [ [ -57.47708, -34.41042 ], [ -57.47708, -34.42708 ] ], [ [ -56.97708, -34.55625 ], [ -56.98542, -34.56875 ] ], [ [ -56.86042, -34.34375 ], [ -56.88542, -34.36042 ] ] ] } },
{ "type": "Feature", "properties": { "nombre": "Ao. Sauce De Abajo", "DIS_AV_CMS": 145.556 }, "geometry": { "type": "LineString", "coordinates": [ [ -56.08125, -33.49375 ], [ -56.11458, -33.48542 ] ] } },
{ "type": "Feature", "properties": { "nombre": "Ao. Sauce De Los Méndez", "DIS_AV_CMS": 2.606 }, "geometry": { "type": "LineString", "coordinates": [ [ -54.07292, -33.95625 ], [ -54.09635, -33.93281 ], [ -54.13385, -33.93542 ], [ -54.16042, -33.92292 ] ] } },
{ "type": "Feature", "properties": { "nombre": "Ao. Sauce De Mansavillagra", "DIS_AV_CMS": 3.776 }, "geometry": { "type": "LineString", "coordinates": [ [ -55.64375, -33.57708 ], [ -55.68125, -33.58958 ] ] } },
{ "type": "Feature", "properties": { "nombre": "Ao. Sauce De Pintos", "DIS_AV_CMS": 3.133 }, "geometry": { "type": "LineString", "coordinates": [ [ -56.81875, -33.87292 ], [ -56.81875, -33.88125 ] ] } },
{ "type": "Feature", "properties": { "nombre": "Ao. Sauce Del Medio", "DIS_AV_CMS": 43.955 }, "geometry": { "type": "LineString", "coordinates": [ [ -56.89792, -32.28542 ], [ -56.91042, -32.2625 ], [ -56.90625, -32.24375 ], [ -56.89792, -32.24792 ] ] } },
{ "type": "Feature", "properties": { "nombre": "Ao. Sauce Del Peñón", "DIS_AV_CMS": 6.225 }, "geometry": { "type": "MultiLineString", "coordinates": [ [ [ -53.90208, -33.86458 ], [ -53.91328, -33.82734 ], [ -53.88542, -33.77708 ] ], [ [ -53.83125, -33.78542 ], [ -53.79401, -33.7901 ], [ -53.72708, -33.83125 ] ], [ [ -53.75625, -33.77292 ], [ -53.72448, -33.78385 ], [ -53.72292, -33.83125 ] ] ] } },
{ "type": "Feature", "properties": { "nombre": "Ao. Sauce Del Timote", "DIS_AV_CMS": 3.208 }, "geometry": { "type": "LineString", "coordinates": [ [ -55.91875, -33.59792 ], [ -55.92656, -33.5651 ], [ -55.96875, -33.53125 ] ] } },
{ "type": "Feature", "properties": { "nombre": "Ao. Sauce Del Yí", "DIS_AV_CMS": 4.484 }, "geometry": { "type": "MultiLineString", "coordinates": [ [ [ -55.71875, -33.40208 ], [ -55.76875, -33.39375 ] ], [ [ -55.66458, -33.46875 ], [ -55.67708, -33.46042 ] ] ] } },
{ "type": "Feature", "properties": { "nombre": "Ao. Saucecito", "DIS_AV_CMS": 264.003 }, "geometry": { "type": "LineString", "coordinates": [ [ -56.76875, -33.26458 ], [ -56.77708, -33.26458 ] ] } },
{ "type": "Feature", "properties": { "nombre": "Ao. Sepulturas", "DIS_AV_CMS": 3.055 }, "geometry": { "type": "LineString", "coordinates": [ [ -56.08125, -30.84375 ], [ -56.06458, -30.76042 ] ] } },
{ "type": "Feature", "properties": { "nombre": "Ao. Solís Chico", "DIS_AV_CMS": 12.455 }, "geometry": { "type": "MultiLineString", "coordinates": [ [ [ -55.74792, -34.58125 ], [ -55.74375, -34.60625 ] ], [ [ -55.74375, -34.64792 ], [ -55.75938, -34.68177 ], [ -55.73958, -34.69792 ] ], [ [ -55.71875, -34.52708 ], [ -55.73932, -34.53594 ], [ -55.74375, -34.57708 ] ], [ [ -55.67292, -34.66458 ], [ -55.73958, -34.69792 ] ], [ [ -55.73958, -34.69792 ], [ -55.72708, -34.71875 ] ], [ [ -55.71042, -34.73542 ], [ -55.69792, -34.75625 ] ] ] } },
{ "type": "Feature", "properties": { "nombre": "Ao. Solís Grande", "DIS_AV_CMS": 29.245 }, "geometry": { "type": "MultiLineString", "coordinates": [ [ [ -55.58958, -34.46458 ], [ -55.53958, -34.48958 ], [ -55.53958, -34.44792 ] ], [ [ -55.51042, -34.62708 ], [ -55.48125, -34.65208 ] ], [ [ -55.50208, -34.52708 ], [ -55.49375, -34.56458 ] ], [ [ -55.46458, -34.37708 ], [ -55.48958, -34.37708 ], [ -55.49792, -34.39792 ] ], [ [ -55.49375, -34.57708 ], [ -55.47734, -34.60339 ], [ -55.48125, -34.62292 ] ], [ [ -55.48125, -34.62292 ], [ -55.48125, -34.65208 ] ], [ [ -55.48125, -34.65208 ], [ -55.4487, -34.68776 ], [ -55.44792, -34.73125 ] ], [ [ -55.46458, -34.61458 ], [ -55.48125, -34.62292 ] ], [ [ -55.44375, -34.73542 ], [ -55.43125, -34.74792 ] ] ] } },
{ "type": "Feature", "properties": { "nombre": "Ao. Sopas", "DIS_AV_CMS": 18.788 }, "geometry": { "type": "MultiLineString", "coordinates": [ [ [ -57.03542, -31.25625 ], [ -57.06458, -31.23542 ] ], [ [ -56.95208, -31.26458 ], [ -56.97292, -31.26875 ] ], [ [ -56.84792, -31.31875 ], [ -56.87708, -31.29375 ] ], [ [ -56.78542, -31.36458 ], [ -56.81615, -31.35807 ], [ -56.84792, -31.33125 ] ], [ [ -56.56458, -31.45208 ], [ -56.58177, -31.44375 ], [ -56.59792, -31.45208 ], [ -56.67708, -31.39375 ] ], [ [ -56.48542, -31.51042 ], [ -56.54792, -31.46042 ] ], [ [ -56.46042, -31.53125 ], [ -56.47708, -31.51042 ] ] ] } },
{ "type": "Feature", "properties": { "nombre": "Ao. Sánchez Chico", "DIS_AV_CMS": 2.383 }, "geometry": { "type": "LineString", "coordinates": [ [ -57.71042, -32.86042 ], [ -57.71875, -32.87292 ] ] } },
{ "type": "Feature", "properties": { "nombre": "Ao. Sánchez Grande", "DIS_AV_CMS": 13.741 }, "geometry": { "type": "MultiLineString", "coordinates": [ [ [ -57.86042, -33.00625 ], [ -57.86458, -33.01875 ] ], [ [ -57.80625, -32.95208 ], [ -57.81875, -32.97448 ], [ -57.81042, -32.98542 ] ], [ [ -57.71875, -32.87292 ], [ -57.77708, -32.87708 ] ], [ [ -57.75208, -32.79375 ], [ -57.77995, -32.83568 ], [ -57.77708, -32.87708 ] ], [ [ -57.77708, -32.87708 ], [ -57.76042, -32.91458 ], [ -57.77292, -32.93125 ] ] ] } },
{ "type": "Feature", "properties": { "nombre": "Ao. Tacuarembó Chico", "DIS_AV_CMS": 128.271 }, "geometry": { "type": "MultiLineString", "coordinates": [ [ [ -56.25208, -31.55208 ], [ -56.23438, -31.58646 ], [ -56.19323, -31.59036 ], [ -56.19297, -31.60182 ], [ -56.16198, -31.61302 ], [ -56.16042, -31.63125 ], [ -56.11042, -31.63542 ] ], [ [ -56.08958, -31.65625 ], [ -56.04375, -31.66875 ] ], [ [ -56.01875, -31.68542 ], [ -55.90365, -31.73802 ], [ -55.88542, -31.76458 ], [ -55.92292, -31.78958 ] ], [ [ -55.83542, -31.79375 ], [ -55.81458, -31.81875 ] ], [ [ -55.78542, -31.83542 ], [ -55.72708, -31.85208 ] ], [ [ -55.71042, -31.86458 ], [ -55.70339, -31.88099 ], [ -55.71875, -31.89792 ] ], [ [ -55.71042, -31.90625 ], [ -55.71875, -31.94792 ], [ -55.66979, -31.93906 ], [ -55.6888, -31.95703 ], [ -55.68542, -31.96875 ], [ -55.61615, -31.96458 ], [ -55.59792, -31.95208 ] ], [ [ -55.58125, -31.95625 ], [ -55.58932, -32.00339 ], [ -55.57292, -32.03125 ], [ -55.55729, -31.99896 ], [ -55.53542, -31.98958 ] ] ] } },
{ "type": "Feature", "properties": { "nombre": "Ao. Tacurú Grande", "DIS_AV_CMS": 245.639 }, "geometry": { "type": "MultiLineString", "coordinates": [ [ [ -55.41875, -32.26458 ], [ -55.40625, -32.30208 ] ], [ [ -55.36875, -32.26875 ], [ -55.38958, -32.28125 ] ] ] } },
{ "type": "Feature", "properties": { "nombre": "Ao. Tala", "DIS_AV_CMS": 53.738 }, "geometry": { "type": "MultiLineString", "coordinates": [ [ [ -55.98958, -33.96875 ], [ -56.00208, -33.97708 ] ], [ [ -53.57708, -33.55625 ], [ -53.55625, -33.53958 ] ] ] } },
{ "type": "Feature", "properties": { "nombre": "Ao. Tala De Castro", "DIS_AV_CMS": 2.499 }, "geometry": { "type": "LineString", "coordinates": [ [ -56.15625, -33.52708 ], [ -56.19375, -33.51458 ] ] } },
{ "type": "Feature", "properties": { "nombre": "Ao. Talita", "DIS_AV_CMS": 15.98 }, "geometry": { "type": "MultiLineString", "coordinates": [ [ [ -56.91875, -33.40625 ], [ -56.91458, -33.40208 ] ], [ [ -55.97708, -33.86875 ], [ -56.02396, -33.90313 ], [ -56.03385, -33.93802 ], [ -56.06042, -33.93125 ], [ -56.09323, -33.95573 ], [ -56.10964, -33.98776 ], [ -56.11042, -34.00208 ], [ -56.10208, -33.99792 ] ] ] } },
{ "type": "Feature", "properties": { "nombre": "Ao. Tamanduá", "DIS_AV_CMS": 102.772 }, "geometry": { "type": "LineString", "coordinates": [ [ -56.48958, -30.39792 ], [ -56.52292, -30.36875 ] ] } },
{ "type": "Feature", "properties": { "nombre": "Ao. Tambores", "DIS_AV_CMS": 3.947 }, "geometry": { "type": "MultiLineString", "coordinates": [ [ [ -56.16042, -31.81875 ], [ -56.15208, -31.81875 ] ], [ [ -56.11042, -31.81458 ], [ -56.05625, -31.79375 ] ] ] } },
{ "type": "Feature", "properties": { "nombre": "Ao. Tangarupá", "DIS_AV_CMS": 5.443 }, "geometry": { "type": "LineString", "coordinates": [ [ -57.49375, -31.17708 ], [ -57.4612, -31.12682 ], [ -57.45208, -31.05417 ], [ -57.50625, -31.01042 ] ] } },
{ "type": "Feature", "properties": { "nombre": "Ao. Tapes Grande", "DIS_AV_CMS": 54.881 }, "geometry": { "type": "MultiLineString", "coordinates": [ [ [ -54.95208, -33.98542 ], [ -54.88021, -33.93854 ], [ -54.87292, -33.90208 ], [ -54.83542, -33.85208 ] ], [ [ -54.83542, -33.84375 ], [ -54.81719, -33.83125 ], [ -54.79792, -33.83958 ] ], [ [ -54.78958, -33.83542 ], [ -54.73542, -33.82708 ] ] ] } },
{ "type": "Feature", "properties": { "nombre": "Ao. Tarariras", "DIS_AV_CMS": 5.838 }, "geometry": { "type": "MultiLineString", "coordinates": [ [ [ -57.75625, -34.23542 ], [ -57.81042, -34.21042 ] ], [ [ -54.97292, -32.49792 ], [ -55.03958, -32.46875 ] ], [ [ -54.93958, -32.75625 ], [ -54.95208, -32.71042 ], [ -54.96875, -32.70208 ], [ -54.96068, -32.68411 ], [ -54.97292, -32.67292 ], [ -54.97786, -32.61458 ], [ -54.99375, -32.60625 ], [ -54.97813, -32.5599 ], [ -54.99792, -32.54375 ] ] ] } },
{ "type": "Feature", "properties": { "nombre": "Ao. Tiatucura", "DIS_AV_CMS": 1.539 }, "geometry": { "type": "LineString", "coordinates": [ [ -56.55208, -32.34375 ], [ -56.52292, -32.37708 ] ] } },
{ "type": "Feature", "properties": { "nombre": "Ao. Timote", "DIS_AV_CMS": 20.11 }, "geometry": { "type": "MultiLineString", "coordinates": [ [ [ -55.97708, -33.51042 ], [ -56.03177, -33.47734 ], [ -56.05208, -33.47708 ] ], [ [ -55.68542, -33.77708 ], [ -55.72135, -33.72865 ], [ -55.76875, -33.70208 ], [ -55.77708, -33.67448 ], [ -55.76042, -33.64375 ], [ -55.80469, -33.60781 ], [ -55.80078, -33.59609 ], [ -55.82135, -33.57031 ], [ -55.89818, -33.51536 ], [ -55.94375, -33.51042 ], [ -55.95469, -33.52292 ], [ -55.96432, -33.50703 ], [ -55.97708, -33.51042 ] ], [ [ -55.96875, -33.53125 ], [ -55.97708, -33.51042 ] ] ] } },
{ "type": "Feature", "properties": { "nombre": "Ao. Tomás Cuadra", "DIS_AV_CMS": 19.7 }, "geometry": { "type": "MultiLineString", "coordinates": [ [ [ -56.26875, -33.30208 ], [ -56.30625, -33.35208 ], [ -56.33958, -33.35208 ] ], [ [ -56.20625, -33.21458 ], [ -56.27292, -33.27292 ] ], [ [ -56.19375, -33.21458 ], [ -56.20625, -33.21458 ] ], [ [ -56.19792, -33.18958 ], [ -56.20625, -33.21458 ] ], [ [ -56.06458, -33.12708 ], [ -56.10339, -33.14766 ], [ -56.12708, -33.14375 ], [ -56.17552, -33.18385 ], [ -56.19375, -33.18542 ] ], [ [ -56.04375, -33.10625 ], [ -56.04792, -33.10625 ] ], [ [ -55.99375, -33.08542 ], [ -56.01042, -33.08958 ] ] ] } },
{ "type": "Feature", "properties": { "nombre": "Ao. Toribio De La Llana", "DIS_AV_CMS": 4.136 }, "geometry": { "type": "LineString", "coordinates": [ [ -54.81875, -34.30625 ], [ -54.81875, -34.29375 ] ] } },
{ "type": "Feature", "properties": { "nombre": "Ao. Tornero Grande", "DIS_AV_CMS": 10.441 }, "geometry": { "type": "LineString", "coordinates": [ [ -55.74792, -33.87292 ], [ -55.84427, -33.90781 ], [ -55.90599, -33.95547 ], [ -55.92708, -33.95208 ] ] } },
{ "type": "Feature", "properties": { "nombre": "Ao. Tranqueras", "DIS_AV_CMS": 3.418 }, "geometry": { "type": "LineString", "coordinates": [ [ -56.06042, -31.74375 ], [ -56.01042, -31.78542 ] ] } },
{ "type": "Feature", "properties": { "nombre": "Ao. Tranqueritas", "DIS_AV_CMS": 38.42 }, "geometry": { "type": "LineString", "coordinates": [ [ -55.81875, -31.46875 ], [ -55.78958, -31.50208 ] ] } },
{ "type": "Feature", "properties": { "nombre": "Ao. Tres Cruces", "DIS_AV_CMS": 19.554 }, "geometry": { "type": "MultiLineString", "coordinates": [ [ [ -56.03125, -31.48958 ], [ -56.02292, -31.52292 ] ], [ [ -56.02708, -31.53542 ], [ -56.01458, -31.56458 ] ], [ [ -55.98542, -31.57708 ], [ -55.96875, -31.59375 ] ], [ [ -55.95208, -31.60625 ], [ -55.89375, -31.66042 ] ], [ [ -55.87708, -31.67708 ], [ -55.84792, -31.67292 ] ], [ [ -55.81042, -31.68958 ], [ -55.78125, -31.71875 ], [ -55.7763, -31.7526 ], [ -55.74453, -31.78906 ], [ -55.72708, -31.85208 ] ] ] } },
{ "type": "Feature", "properties": { "nombre": "Ao. Tres Cruces Chico", "DIS_AV_CMS": 5.431 }, "geometry": { "type": "LineString", "coordinates": [ [ -56.54792, -30.51875 ], [ -56.56406, -30.4901 ], [ -56.58906, -30.47813 ], [ -56.6513, -30.4763 ], [ -56.66198, -30.46458 ], [ -56.73125, -30.46875 ] ] } },
{ "type": "Feature", "properties": { "nombre": "Ao. Tres Cruces Grande", "DIS_AV_CMS": 210.041 }, "geometry": { "type": "MultiLineString", "coordinates": [ [ [ -57.18125, -30.28542 ], [ -57.18958, -30.28125 ], [ -57.17292, -30.26458 ] ], [ [ -56.88958, -30.36875 ], [ -56.95677, -30.37188 ], [ -57.00625, -30.34375 ] ], [ [ -56.74792, -30.46042 ], [ -56.77292, -30.44375 ] ], [ [ -56.71042, -30.50625 ], [ -56.74375, -30.46458 ] ], [ [ -56.63542, -30.57292 ], [ -56.65625, -30.55625 ] ] ] } },
{ "type": "Feature", "properties": { "nombre": "Ao. Tres Árboles", "DIS_AV_CMS": 5.1 }, "geometry": { "type": "LineString", "coordinates": [ [ -56.73125, -32.51458 ], [ -56.72292, -32.55 ], [ -56.73125, -32.62969 ], [ -56.71875, -32.64531 ], [ -56.72708, -32.69375 ] ] } },
{ "type": "Feature", "properties": { "nombre": "Ao. Tupambaé", "DIS_AV_CMS": 103.139 }, "geometry": { "type": "MultiLineString", "coordinates": [ [ [ -54.96042, -32.38542 ], [ -54.97708, -32.43542 ] ], [ [ -54.86875, -32.44792 ], [ -54.89792, -32.43958 ] ], [ [ -54.86875, -32.70208 ], [ -54.82708, -32.60208 ] ], [ [ -54.82708, -32.60208 ], [ -54.83958, -32.56042 ] ], [ [ -54.82292, -32.60625 ], [ -54.82708, -32.60208 ] ], [ [ -54.77708, -32.53542 ], [ -54.78958, -32.52292 ], [ -54.77865, -32.47292 ], [ -54.78958, -32.4612 ], [ -54.80625, -32.46458 ] ] ] } },
{ "type": "Feature", "properties": { "nombre": "Ao. Valdez", "DIS_AV_CMS": 3.166 }, "geometry": { "type": "LineString", "coordinates": [ [ -57.84375, -32.45625 ], [ -57.88333, -32.46016 ], [ -57.92292, -32.43958 ] ] } },
{ "type": "Feature", "properties": { "nombre": "Ao. Valentín Chico", "DIS_AV_CMS": 2.29 }, "geometry": { "type": "LineString", "coordinates": [ [ -57.26458, -31.32708 ], [ -57.22786, -31.26823 ], [ -57.24635, -31.22552 ], [ -57.21458, -31.20625 ] ] } },
{ "type": "Feature", "properties": { "nombre": "Ao. Valentín Grande", "DIS_AV_CMS": 15.344 }, "geometry": { "type": "MultiLineString", "coordinates": [ [ [ -57.21458, -31.20625 ], [ -57.21458, -31.19792 ] ], [ [ -57.17708, -31.33542 ], [ -57.18542, -31.33958 ] ] ] } },
{ "type": "Feature", "properties": { "nombre": "Ao. Valija", "DIS_AV_CMS": 4.75 }, "geometry": { "type": "LineString", "coordinates": [ [ -55.02292, -33.15625 ], [ -54.98698, -33.14792 ], [ -54.97292, -33.16042 ] ] } },
{ "type": "Feature", "properties": { "nombre": "Ao. Valioso", "DIS_AV_CMS": 8.169 }, "geometry": { "type": "LineString", "coordinates": [ [ -54.70208, -34.68958 ], [ -54.69792, -34.69375 ] ] } },
{ "type": "Feature", "properties": { "nombre": "Ao. Valizas", "DIS_AV_CMS": 11.003 }, "geometry": { "type": "LineString", "coordinates": [ [ -53.84792, -34.36875 ], [ -53.82708, -34.35625 ], [ -53.83958, -34.34375 ] ] } },
{ "type": "Feature", "properties": { "nombre": "Ao. Valle Chico", "DIS_AV_CMS": 35.246 }, "geometry": { "type": "LineString", "coordinates": [ [ -54.56042, -33.98542 ], [ -54.55547, -33.95599 ], [ -54.53125, -33.93542 ] ] } },
{ "type": "Feature", "properties": { "nombre": "Ao. Vejigas", "DIS_AV_CMS": 60.738 }, "geometry": { "type": "LineString", "coordinates": [ [ -55.63542, -34.28125 ], [ -55.76354, -34.26875 ], [ -55.83672, -34.30182 ], [ -55.88958, -34.28958 ] ] } },
{ "type": "Feature", "properties": { "nombre": "Ao. Vejigas Viejo", "DIS_AV_CMS": 60.978 }, "geometry": { "type": "LineString", "coordinates": [ [ -55.88958, -34.28958 ], [ -55.91042, -34.28542 ] ] } },
{ "type": "Feature", "properties": { "nombre": "Ao. Veras", "DIS_AV_CMS": 2.38 }, "geometry": { "type": "LineString", "coordinates": [ [ -55.73542, -32.02292 ], [ -55.67448, -32.01875 ], [ -55.63958, -32.03125 ] ] } },
{ "type": "Feature", "properties": { "nombre": "Ao. Yacaré Grande", "DIS_AV_CMS": 194.948 }, "geometry": { "type": "MultiLineString", "coordinates": [ [ [ -57.01875, -30.12708 ], [ -57.03958, -30.11042 ], [ -57.06458, -30.11042 ] ], [ [ -56.99792, -30.20625 ], [ -57.01458, -30.13958 ] ] ] } },
{ "type": "Feature", "properties": { "nombre": "Ao. Yacuy", "DIS_AV_CMS": 20.096 }, "geometry": { "type": "MultiLineString", "coordinates": [ [ [ -57.74375, -30.74375 ], [ -57.77135, -30.74635 ], [ -57.79375, -30.82708 ] ], [ [ -57.68542, -30.76875 ], [ -57.71042, -30.75208 ] ], [ [ -57.48958, -30.85208 ], [ -57.52708, -30.85208 ] ], [ [ -57.35625, -30.81042 ], [ -57.39375, -30.83125 ] ] ] } },
{ "type": "Feature", "properties": { "nombre": "Ao. Yaguarí", "DIS_AV_CMS": 22.47 }, "geometry": { "type": "MultiLineString", "coordinates": [ [ [ -55.02292, -31.70208 ], [ -55.06484, -31.7349 ], [ -55.08802, -31.73802 ], [ -55.09792, -31.77292 ], [ -55.11927, -31.7737 ], [ -55.13854, -31.79792 ], [ -55.15469, -31.78854 ], [ -55.16875, -31.79792 ] ], [ [ -54.99375, -31.58542 ], [ -54.99792, -31.64375 ], [ -55.03125, -31.66458 ] ], [ [ -55.01042, -31.70625 ], [ -55.02292, -31.70208 ] ], [ [ -55.02292, -31.68958 ], [ -55.02292, -31.70208 ] ], [ [ -55.02292, -31.54792 ], [ -54.99375, -31.58542 ] ], [ [ -54.97292, -31.46875 ], [ -54.96302, -31.50651 ], [ -54.94792, -31.51875 ], [ -54.97135, -31.53802 ], [ -54.99375, -31.58542 ] ], [ [ -54.98125, -31.37292 ], [ -54.98125, -31.38125 ] ], [ [ -54.97708, -31.39375 ], [ -54.97708, -31.40625 ] ] ] } },
{ "type": "Feature", "properties": { "nombre": "Ao. Yaguarón Chico", "DIS_AV_CMS": 12.711 }, "geometry": { "type": "MultiLineString", "coordinates": [ [ [ -54.03125, -31.72708 ], [ -54.05625, -31.81042 ], [ -54.03958, -31.83802 ], [ -54.06458, -31.85625 ], [ -54.05208, -31.88125 ] ], [ [ -54.01875, -31.91042 ], [ -53.98542, -31.90625 ] ] ] } },
{ "type": "Feature", "properties": { "nombre": "Ao. Yerbal Chico", "DIS_AV_CMS": 6.124 }, "geometry": { "type": "LineString", "coordinates": [ [ -54.41458, -33.01875 ], [ -54.39792, -33.04792 ], [ -54.40625, -33.06771 ], [ -54.39792, -33.08125 ] ] } },
{ "type": "Feature", "properties": { "nombre": "Ao. Yerbal Grande", "DIS_AV_CMS": 17.782 }, "geometry": { "type": "MultiLineString", "coordinates": [ [ [ -54.55208, -32.90208 ], [ -54.53958, -32.91875 ] ], [ [ -54.52292, -32.95208 ], [ -54.48542, -32.99375 ] ], [ [ -54.46042, -32.95208 ], [ -54.48542, -32.99375 ] ], [ [ -54.48542, -32.99375 ], [ -54.48125, -33.03542 ], [ -54.45208, -33.05208 ] ], [ [ -54.42708, -33.08958 ], [ -54.40234, -33.10677 ], [ -54.41042, -33.13542 ] ], [ [ -54.40208, -33.18958 ], [ -54.41042, -33.23542 ] ] ] } },
{ "type": "Feature", "properties": { "nombre": "Ao. Yerbalito", "DIS_AV_CMS": 2.006 }, "geometry": { "type": "LineString", "coordinates": [ [ -54.42708, -32.99792 ], [ -54.41458, -33.01875 ] ] } },
{ "type": "Feature", "properties": { "nombre": "Ao. Yucutujá", "DIS_AV_CMS": 17.741 }, "geometry": { "type": "MultiLineString", "coordinates": [ [ [ -57.32292, -30.35208 ], [ -57.39375, -30.30208 ] ], [ [ -57.31042, -30.42708 ], [ -57.31875, -30.41042 ] ], [ [ -57.26042, -30.48542 ], [ -57.29375, -30.45208 ] ], [ [ -57.16458, -30.63125 ], [ -57.20625, -30.58958 ], [ -57.21458, -30.55365 ], [ -57.22708, -30.55208 ] ] ] } },
{ "type": "Feature", "properties": { "nombre": "Ao. Yucutujá Miní", "DIS_AV_CMS": 10.243 }, "geometry": { "type": "MultiLineString", "coordinates": [ [ [ -57.37292, -30.49375 ], [ -57.35208, -30.48542 ] ], [ [ -57.29375, -30.45208 ], [ -57.31042, -30.42708 ] ] ] } },
{ "type": "Feature", "properties": { "nombre": "Ao. Zanja Honda", "DIS_AV_CMS": 2.607 }, "geometry": { "type": "MultiLineString", "coordinates": [ [ [ -57.39792, -31.91458 ], [ -57.39792, -31.96875 ] ], [ [ -54.59375, -32.32708 ], [ -54.68542, -32.25208 ] ] ] } },
{ "type": "Feature", "properties": { "nombre": "Ao. Zapallar", "DIS_AV_CMS": 3.373 }, "geometry": { "type": "MultiLineString", "coordinates": [ [ [ -54.53958, -32.17708 ], [ -54.59922, -32.17474 ], [ -54.63125, -32.20208 ], [ -54.60625, -32.21458 ] ], [ [ -54.46042, -32.23125 ], [ -54.51042, -32.20208 ] ] ] } },
{ "type": "Feature", "properties": { "nombre": "Ao. Zapata", "DIS_AV_CMS": 2.277 }, "geometry": { "type": "LineString", "coordinates": [ [ -53.51875, -32.96875 ], [ -53.50625, -32.98542 ] ] } },
{ "type": "Feature", "properties": { "nombre": "Ao. Zapatero", "DIS_AV_CMS": 14.785 }, "geometry": { "type": "LineString", "coordinates": [ [ -56.55625, -32.14375 ], [ -56.55625, -32.15625 ], [ -56.51042, -32.14792 ] ] } },
{ "type": "Feature", "properties": { "nombre": "Ao. Zapucay", "DIS_AV_CMS": 119.918 }, "geometry": { "type": "MultiLineString", "coordinates": [ [ [ -55.48542, -31.82708 ], [ -55.47292, -31.85208 ] ], [ [ -55.32292, -31.77708 ], [ -55.36484, -31.83073 ], [ -55.41042, -31.83958 ], [ -55.42708, -31.83125 ] ] ] } },
{ "type": "Feature", "properties": { "nombre": "Ao. Ñacurutú Grande", "DIS_AV_CMS": 3.268 }, "geometry": { "type": "LineString", "coordinates": [ [ -57.40625, -32.28542 ], [ -57.43906, -32.23854 ], [ -57.44792, -32.19792 ] ] } },
{ "type": "Feature", "properties": { "nombre": "Ao. Ñaquiñá", "DIS_AV_CMS": 4.113 }, "geometry": { "type": "LineString", "coordinates": [ [ -57.64375, -30.48542 ], [ -57.70781, -30.43542 ], [ -57.75208, -30.45625 ] ] } },
{ "type": "Feature", "properties": { "nombre": "Ao. Ñañez", "DIS_AV_CMS": 21.102 }, "geometry": { "type": "LineString", "coordinates": [ [ -57.88125, -32.64792 ], [ -57.94479, -32.59688 ], [ -57.95625, -32.57292 ], [ -57.98542, -32.56875 ] ] } },
{ "type": "Feature", "properties": { "nombre": "Bañado De Coimbra", "DIS_AV_CMS": 5.129 }, "geometry": { "type": "LineString", "coordinates": [ [ -54.72708, -32.57292 ], [ -54.75625, -32.56042 ] ] } },
{ "type": "Feature", "properties": { "nombre": "Bañado De Los Cinco Sauces", "DIS_AV_CMS": 19.374 }, "geometry": { "type": "MultiLineString", "coordinates": [ [ [ -55.16875, -32.16042 ], [ -55.14375, -32.21042 ], [ -55.21042, -32.24375 ] ], [ [ -55.14375, -32.03542 ], [ -55.14844, -32.09609 ], [ -55.17292, -32.12292 ] ] ] } },
{ "type": "Feature", "properties": { "nombre": "Bañado De Los Tres Hermanos", "DIS_AV_CMS": 131.919 }, "geometry": { "type": "LineString", "coordinates": [ [ -55.25208, -32.47708 ], [ -55.28125, -32.48542 ] ] } },
{ "type": "Feature", "properties": { "nombre": "Bañado Del Medio", "DIS_AV_CMS": 6.232 }, "geometry": { "type": "LineString", "coordinates": [ [ -54.28542, -31.98542 ], [ -54.30625, -31.98542 ] ] } },
{ "type": "Feature", "properties": { "nombre": "Bañado Del Rey", "DIS_AV_CMS": 11.326 }, "geometry": { "type": "LineString", "coordinates": [ [ -54.03542, -32.41458 ], [ -54.04375, -32.42708 ] ] } },
{ "type": "Feature", "properties": { "nombre": "Bañado Del Turupí", "DIS_AV_CMS": 2.091 }, "geometry": { "type": "LineString", "coordinates": [ [ -55.28958, -32.17708 ], [ -55.28698, -32.18698 ], [ -55.33125, -32.22708 ] ] } },
{ "type": "Feature", "properties": { "nombre": "Bañado Juan Jacinto", "DIS_AV_CMS": 45.189 }, "geometry": { "type": "LineString", "coordinates": [ [ -55.66875, -31.58125 ], [ -55.66458, -31.58958 ] ] } },
{ "type": "Feature", "properties": { "nombre": "Brazo Ao. Pan De Azúcar", "DIS_AV_CMS": 10.872 }, "geometry": { "type": "LineString", "coordinates": [ [ -55.17292, -34.81875 ], [ -55.11458, -34.83958 ] ] } },
{ "type": "Feature", "properties": { "nombre": "Brazo De La Paloma", "DIS_AV_CMS": 2.29 }, "geometry": { "type": "LineString", "coordinates": [ [ -54.23958, -34.58125 ], [ -54.24375, -34.57708 ] ] } },
{ "type": "Feature", "properties": { "nombre": "Brazo De Las Conchas", "DIS_AV_CMS": 2.863 }, "geometry": { "type": "LineString", "coordinates": [ [ -56.23958, -32.91042 ], [ -56.23542, -32.86458 ] ] } },
{ "type": "Feature", "properties": { "nombre": "Brazo De Los Perros", "DIS_AV_CMS": 11.876 }, "geometry": { "type": "MultiLineString", "coordinates": [ [ [ -56.22292, -32.86875 ], [ -56.23125, -32.86458 ] ], [ [ -56.17708, -32.87708 ], [ -56.22292, -32.86875 ] ], [ [ -56.19375, -32.93542 ], [ -56.21719, -32.90234 ], [ -56.22292, -32.86875 ] ] ] } },
{ "type": "Feature", "properties": { "nombre": "Brazo Del Achar", "DIS_AV_CMS": 1.688 }, "geometry": { "type": "LineString", "coordinates": [ [ -56.02708, -32.61458 ], [ -56.04375, -32.63542 ] ] } },
{ "type": "Feature", "properties": { "nombre": "Brazo Del Ao. Malo", "DIS_AV_CMS": 433.477 }, "geometry": { "type": "LineString", "coordinates": [ [ -55.64375, -32.48542 ], [ -55.65208, -32.48958 ] ] } },
{ "type": "Feature", "properties": { "nombre": "Brazo Del Arbolito", "DIS_AV_CMS": 4.866 }, "geometry": { "type": "LineString", "coordinates": [ [ -56.35625, -32.65625 ], [ -56.35625, -32.67708 ] ] } },
{ "type": "Feature", "properties": { "nombre": "Brazo Del Arroyo Grande", "DIS_AV_CMS": 851.233 }, "geometry": { "type": "LineString", "coordinates": [ [ -57.21875, -33.21458 ], [ -57.20521, -33.19271 ], [ -57.17708, -33.18125 ], [ -57.15625, -33.12292 ], [ -57.13542, -33.12292 ] ] } },
{ "type": "Feature", "properties": { "nombre": "Brazo Del Boycuá", "DIS_AV_CMS": 2.078 }, "geometry": { "type": "LineString", "coordinates": [ [ -57.76875, -30.88958 ], [ -57.77656, -30.90104 ], [ -57.81458, -30.89375 ] ] } },
{ "type": "Feature", "properties": { "nombre": "Brazo Del Buey", "DIS_AV_CMS": 4.559 }, "geometry": { "type": "LineString", "coordinates": [ [ -56.32708, -32.62708 ], [ -56.35625, -32.65625 ] ] } },
{ "type": "Feature", "properties": { "nombre": "Brazo Del Cardozo", "DIS_AV_CMS": 8.333 }, "geometry": { "type": "MultiLineString", "coordinates": [ [ [ -56.38542, -32.78125 ], [ -56.40208, -32.81458 ] ], [ [ -56.39375, -32.76875 ], [ -56.38542, -32.78125 ] ], [ [ -56.38125, -32.74792 ], [ -56.38542, -32.78125 ] ], [ [ -56.31042, -32.53542 ], [ -56.31198, -32.59115 ], [ -56.32708, -32.61458 ] ] ] } },
{ "type": "Feature", "properties": { "nombre": "Brazo Del Carpintería", "DIS_AV_CMS": 5.3 }, "geometry": { "type": "MultiLineString", "coordinates": [ [ [ -55.98958, -32.93958 ], [ -56.04063, -32.91094 ], [ -56.06875, -32.91458 ] ], [ [ -55.96458, -32.52292 ], [ -55.97292, -32.53281 ], [ -55.96458, -32.62292 ] ], [ [ -55.92292, -32.57708 ], [ -55.95625, -32.61875 ] ] ] } },
{ "type": "Feature", "properties": { "nombre": "Brazo Del Ceibal Grande", "DIS_AV_CMS": 5892.921 }, "geometry": { "type": "LineString", "coordinates": [ [ -57.87292, -31.08542 ], [ -57.87708, -31.09375 ] ] } },
{ "type": "Feature", "properties": { "nombre": "Brazo Del Chapicuy Chico", "DIS_AV_CMS": 6060.435 }, "geometry": { "type": "LineString", "coordinates": [ [ -57.98542, -31.62292 ], [ -58.00625, -31.66875 ] ] } },
{ "type": "Feature", "properties": { "nombre": "Brazo Del Cuareim", "DIS_AV_CMS": 5536.968 }, "geometry": { "type": "LineString", "coordinates": [ [ -57.63542, -30.17708 ], [ -57.64375, -30.20625 ] ] } },
{ "type": "Feature", "properties": { "nombre": "Brazo Del Curupí", "DIS_AV_CMS": 500.207 }, "geometry": { "type": "LineString", "coordinates": [ [ -56.06042, -32.65208 ], [ -56.13542, -32.66458 ] ] } },
{ "type": "Feature", "properties": { "nombre": "Brazo Del Grande", "DIS_AV_CMS": 35.114 }, "geometry": { "type": "LineString", "coordinates": [ [ -57.35625, -32.83542 ], [ -57.36042, -32.85625 ] ] } },
{ "type": "Feature", "properties": { "nombre": "Brazo Del Guaviyú", "DIS_AV_CMS": 14.446 }, "geometry": { "type": "MultiLineString", "coordinates": [ [ [ -58.03125, -31.75625 ], [ -58.04375, -31.76042 ] ], [ [ -57.78958, -30.63542 ], [ -57.83125, -30.65625 ] ] ] } },
{ "type": "Feature", "properties": { "nombre": "Brazo Del Itapebí Chico", "DIS_AV_CMS": 5.302 }, "geometry": { "type": "LineString", "coordinates": [ [ -57.79375, -31.19375 ], [ -57.83125, -31.18542 ] ] } },
{ "type": "Feature", "properties": { "nombre": "Brazo Del Itapebí Grande", "DIS_AV_CMS": 5895.719 }, "geometry": { "type": "MultiLineString", "coordinates": [ [ [ -57.89792, -31.13125 ], [ -57.89792, -31.21875 ] ], [ [ -57.83125, -31.18542 ], [ -57.85625, -31.19792 ] ], [ [ -57.78542, -31.25208 ], [ -57.80625, -31.23542 ] ] ] } },
{ "type": "Feature", "properties": { "nombre": "Brazo Del Laureles", "DIS_AV_CMS": 495.733 }, "geometry": { "type": "LineString", "coordinates": [ [ -55.96458, -32.62292 ], [ -55.98385, -32.63802 ], [ -56.04375, -32.63958 ] ] } },
{ "type": "Feature", "properties": { "nombre": "Brazo Del Maestre Campo", "DIS_AV_CMS": 6.712 }, "geometry": { "type": "LineString", "coordinates": [ [ -56.25625, -33.43125 ], [ -56.27708, -33.43542 ] ] } },
{ "type": "Feature", "properties": { "nombre": "Brazo Del Mandiyú", "DIS_AV_CMS": 5574.836 }, "geometry": { "type": "LineString", "coordinates": [ [ -57.83542, -30.46458 ], [ -57.83958, -30.46875 ] ] } },
{ "type": "Feature", "properties": { "nombre": "Brazo Del Mataojo Grande", "DIS_AV_CMS": 1.973 }, "geometry": { "type": "LineString", "coordinates": [ [ -56.14375, -32.62292 ], [ -56.13542, -32.63125 ] ] } },
{ "type": "Feature", "properties": { "nombre": "Brazo Del Negro", "DIS_AV_CMS": 6354.616 }, "geometry": { "type": "LineString", "coordinates": [ [ -58.19375, -32.45625 ], [ -58.19375, -32.48542 ] ] } },
{ "type": "Feature", "properties": { "nombre": "Brazo Del Palomas Grande", "DIS_AV_CMS": 228.172 }, "geometry": { "type": "LineString", "coordinates": [ [ -57.68958, -30.96875 ], [ -57.73125, -30.95625 ] ] } },
{ "type": "Feature", "properties": { "nombre": "Brazo Del Queguay", "DIS_AV_CMS": 6303.562 }, "geometry": { "type": "MultiLineString", "coordinates": [ [ [ -58.16042, -32.10625 ], [ -58.14792, -32.13958 ] ], [ [ -58.09375, -32.10625 ], [ -58.1276, -32.11536 ], [ -58.14792, -32.13958 ] ], [ [ -58.14792, -32.13958 ], [ -58.11042, -32.22708 ] ] ] } },
{ "type": "Feature", "properties": { "nombre": "Brazo Del Ramírez Grande", "DIS_AV_CMS": 1.785 }, "geometry": { "type": "LineString", "coordinates": [ [ -57.03542, -32.93125 ], [ -57.02005, -32.98099 ], [ -57.05625, -33.00625 ] ] } },
{ "type": "Feature", "properties": { "nombre": "Brazo Del Rolón", "DIS_AV_CMS": 2.365 }, "geometry": { "type": "LineString", "coordinates": [ [ -56.83958, -32.76875 ], [ -56.83958, -32.77708 ] ] } },
{ "type": "Feature", "properties": { "nombre": "Brazo Del Salsipuedes Grande", "DIS_AV_CMS": 24.393 }, "geometry": { "type": "MultiLineString", "coordinates": [ [ [ -56.64375, -32.71458 ], [ -56.63958, -32.72292 ] ], [ [ -56.63958, -32.73125 ], [ -56.63958, -32.74792 ] ] ] } },
{ "type": "Feature", "properties": { "nombre": "Brazo Del San José", "DIS_AV_CMS": 2.917 }, "geometry": { "type": "LineString", "coordinates": [ [ -55.93542, -32.72708 ], [ -55.98125, -32.72292 ] ] } },
{ "type": "Feature", "properties": { "nombre": "Brazo Del Santa Lucía", "DIS_AV_CMS": 257.737 }, "geometry": { "type": "LineString", "coordinates": [ [ -56.53542, -34.56875 ], [ -56.51927, -34.5724 ], [ -56.5026, -34.6013 ], [ -56.48125, -34.60625 ], [ -56.48125, -34.62708 ] ] } },
{ "type": "Feature", "properties": { "nombre": "Brazo Del Santa Rosa", "DIS_AV_CMS": 503.267 }, "geometry": { "type": "LineString", "coordinates": [ [ -56.17708, -32.69375 ], [ -56.19375, -32.71042 ], [ -56.15885, -32.72708 ], [ -56.10208, -32.72708 ] ] } },
{ "type": "Feature", "properties": { "nombre": "Brazo Del Sarandí", "DIS_AV_CMS": 4.685 }, "geometry": { "type": "MultiLineString", "coordinates": [ [ [ -55.91875, -32.77708 ], [ -55.91875, -32.74531 ], [ -55.93542, -32.72708 ] ], [ [ -55.66042, -32.53125 ], [ -55.67708, -32.52708 ] ] ] } },
{ "type": "Feature", "properties": { "nombre": "Brazo Del Sauce", "DIS_AV_CMS": 509.72 }, "geometry": { "type": "MultiLineString", "coordinates": [ [ [ -56.20625, -32.75208 ], [ -56.26458, -32.76042 ] ], [ [ -56.05625, -32.72708 ], [ -56.10208, -32.72708 ] ] ] } },
{ "type": "Feature", "properties": { "nombre": "Brazo Del Sauce Caído", "DIS_AV_CMS": 7.057 }, "geometry": { "type": "LineString", "coordinates": [ [ -55.62708, -32.46458 ], [ -55.64375, -32.48542 ] ] } },
{ "type": "Feature", "properties": { "nombre": "Brazo Del Sauce Chico", "DIS_AV_CMS": 510.394 }, "geometry": { "type": "LineString", "coordinates": [ [ -56.28125, -32.77708 ], [ -56.33125, -32.81458 ] ] } },
{ "type": "Feature", "properties": { "nombre": "Brazo Del Sauce De Vicente", "DIS_AV_CMS": 526.187 }, "geometry": { "type": "LineString", "coordinates": [ [ -56.33125, -32.81458 ], [ -56.40208, -32.81458 ] ] } },
{ "type": "Feature", "properties": { "nombre": "Brazo Del Tala", "DIS_AV_CMS": 2.826 }, "geometry": { "type": "LineString", "coordinates": [ [ -56.61042, -32.87708 ], [ -56.63958, -32.86042 ] ] } },
{ "type": "Feature", "properties": { "nombre": "Brazo Del Tello", "DIS_AV_CMS": 7.317 }, "geometry": { "type": "LineString", "coordinates": [ [ -56.11875, -32.89375 ], [ -56.13958, -32.89375 ] ] } },
{ "type": "Feature", "properties": { "nombre": "Brazo Del Tigre", "DIS_AV_CMS": 2.367 }, "geometry": { "type": "MultiLineString", "coordinates": [ [ [ -56.14792, -32.60208 ], [ -56.14375, -32.62292 ] ], [ [ -56.13542, -32.63125 ], [ -56.12448, -32.64635 ], [ -56.13542, -32.66458 ] ] ] } },
{ "type": "Feature", "properties": { "nombre": "Brazo Del Tres Árboles", "DIS_AV_CMS": 7.452 }, "geometry": { "type": "LineString", "coordinates": [ [ -56.73125, -32.70625 ], [ -56.74375, -32.72865 ], [ -56.73125, -32.78958 ] ] } },
{ "type": "Feature", "properties": { "nombre": "Brazo I Del Garzón", "DIS_AV_CMS": 5.154 }, "geometry": { "type": "LineString", "coordinates": [ [ -54.53958, -34.65208 ], [ -54.53854, -34.7151 ], [ -54.52292, -34.74375 ] ] } },
{ "type": "Feature", "properties": { "nombre": "Canal No. 1", "DIS_AV_CMS": 35.391 }, "geometry": { "type": "MultiLineString", "coordinates": [ [ [ -54.06458, -33.65208 ], [ -54.03958, -33.66042 ] ], [ [ -54.06042, -33.68125 ], [ -54.03958, -33.66042 ] ], [ [ -54.03958, -33.66042 ], [ -54.03125, -33.65625 ] ] ] } },
{ "type": "Feature", "properties": { "nombre": "Canal No. 2", "DIS_AV_CMS": 38.796 }, "geometry": { "type": "MultiLineString", "coordinates": [ [ [ -53.98125, -33.66875 ], [ -53.88125, -33.62292 ] ], [ [ -53.81875, -33.73958 ], [ -53.79844, -33.76823 ], [ -53.75625, -33.77292 ] ], [ [ -53.65208, -33.81458 ], [ -53.59792, -33.82292 ] ] ] } },
{ "type": "Feature", "properties": { "nombre": "Canal Quebracho", "DIS_AV_CMS": 3.577 }, "geometry": { "type": "LineString", "coordinates": [ [ -54.10208, -33.66042 ], [ -54.06458, -33.65208 ] ] } },
{ "type": "Feature", "properties": { "nombre": "Cda. Arrayanes", "DIS_AV_CMS": 70.542 }, "geometry": { "type": "LineString", "coordinates": [ [ -54.45625, -33.20625 ], [ -54.42708, -33.23958 ] ] } },
{ "type": "Feature", "properties": { "nombre": "Cda. Arévalo", "DIS_AV_CMS": 2.095 }, "geometry": { "type": "LineString", "coordinates": [ [ -57.52708, -34.34375 ], [ -57.52708, -34.35208 ] ] } },
{ "type": "Feature", "properties": { "nombre": "Cda. Atolladero", "DIS_AV_CMS": 14.684 }, "geometry": { "type": "LineString", "coordinates": [ [ -57.67292, -30.77708 ], [ -57.68542, -30.76875 ] ] } },
{ "type": "Feature", "properties": { "nombre": "Cda. Bella Vista", "DIS_AV_CMS": 44.433 }, "geometry": { "type": "LineString", "coordinates": [ [ -57.73125, -31.57292 ], [ -57.74792, -31.56458 ] ] } },
{ "type": "Feature", "properties": { "nombre": "Cda. Bellaca", "DIS_AV_CMS": 12.802 }, "geometry": { "type": "MultiLineString", "coordinates": [ [ [ -57.94792, -31.83542 ], [ -57.95755, -31.84609 ], [ -58.00625, -31.81042 ] ], [ [ -54.85208, -34.72708 ], [ -54.88125, -34.74375 ] ] ] } },
{ "type": "Feature", "properties": { "nombre": "Cda. Bonilla", "DIS_AV_CMS": 8.622 }, "geometry": { "type": "LineString", "coordinates": [ [ -55.53958, -34.48958 ], [ -55.5349, -34.5151 ], [ -55.50208, -34.52708 ] ] } },
{ "type": "Feature", "properties": { "nombre": "Cda. Boticario", "DIS_AV_CMS": 18.233 }, "geometry": { "type": "LineString", "coordinates": [ [ -57.96875, -33.22708 ], [ -57.97708, -33.23125 ] ] } },
{ "type": "Feature", "properties": { "nombre": "Cda. Brava", "DIS_AV_CMS": 1.559 }, "geometry": { "type": "LineString", "coordinates": [ [ -55.26875, -32.74792 ], [ -55.31458, -32.72708 ] ] } },
{ "type": "Feature", "properties": { "nombre": "Cda. Cerrillos", "DIS_AV_CMS": 12.432 }, "geometry": { "type": "LineString", "coordinates": [ [ -54.04792, -32.44375 ], [ -54.03958, -32.46042 ] ] } },
{ "type": "Feature", "properties": { "nombre": "Cda. Ciñuelo", "DIS_AV_CMS": 2.871 }, "geometry": { "type": "LineString", "coordinates": [ [ -54.21875, -31.98542 ], [ -54.23958, -31.99375 ] ] } },
{ "type": "Feature", "properties": { "nombre": "Cda. Coronilla", "DIS_AV_CMS": 2.248 }, "geometry": { "type": "LineString", "coordinates": [ [ -57.64792, -33.23958 ], [ -57.66042, -33.23125 ] ] } },
{ "type": "Feature", "properties": { "nombre": "Cda. Cortinas", "DIS_AV_CMS": 2.738 }, "geometry": { "type": "LineString", "coordinates": [ [ -56.11875, -34.46458 ], [ -56.13125, -34.46458 ] ] } },
{ "type": "Feature", "properties": { "nombre": "Cda. Curupí", "DIS_AV_CMS": 4.827 }, "geometry": { "type": "MultiLineString", "coordinates": [ [ [ -56.95208, -33.50208 ], [ -56.94375, -33.45208 ] ], [ [ -54.11042, -34.06875 ], [ -54.12708, -34.03958 ] ], [ [ -54.11042, -34.09792 ], [ -54.11042, -34.06875 ] ], [ [ -54.08125, -34.07708 ], [ -54.11042, -34.06875 ] ] ] } },
{ "type": "Feature", "properties": { "nombre": "Cda. De Aquino", "DIS_AV_CMS": 3.461 }, "geometry": { "type": "LineString", "coordinates": [ [ -56.91875, -32.51875 ], [ -56.93958, -32.54375 ] ] } },
{ "type": "Feature", "properties": { "nombre": "Cda. De Benavides", "DIS_AV_CMS": 1.952 }, "geometry": { "type": "LineString", "coordinates": [ [ -57.62292, -33.24792 ], [ -57.64792, -33.23958 ] ] } },
{ "type": "Feature", "properties": { "nombre": "Cda. De Coto", "DIS_AV_CMS": 4.559 }, "geometry": { "type": "LineString", "coordinates": [ [ -55.25208, -34.37292 ], [ -55.25625, -34.35208 ] ] } },
{ "type": "Feature", "properties": { "nombre": "Cda. De Doña Ana", "DIS_AV_CMS": 12.134 }, "geometry": { "type": "LineString", "coordinates": [ [ -55.73542, -32.63125 ], [ -55.75625, -32.61042 ] ] } },
{ "type": "Feature", "properties": { "nombre": "Cda. De Echevarría", "DIS_AV_CMS": 7.264 }, "geometry": { "type": "LineString", "coordinates": [ [ -56.31042, -34.50208 ], [ -56.33125, -34.48542 ] ] } },
{ "type": "Feature", "properties": { "nombre": "Cda. De Fidencio", "DIS_AV_CMS": 7.705 }, "geometry": { "type": "LineString", "coordinates": [ [ -57.66042, -30.79792 ], [ -57.66875, -30.79375 ] ] } },
{ "type": "Feature", "properties": { "nombre": "Cda. De Fleitas", "DIS_AV_CMS": 3.407 }, "geometry": { "type": "LineString", "coordinates": [ [ -57.97292, -32.30625 ], [ -57.99792, -32.29375 ] ] } },
{ "type": "Feature", "properties": { "nombre": "Cda. De Galván", "DIS_AV_CMS": 5.174 }, "geometry": { "type": "LineString", "coordinates": [ [ -55.35625, -32.88958 ], [ -55.33958, -32.87708 ] ] } },
{ "type": "Feature", "properties": { "nombre": "Cda. De Ganza", "DIS_AV_CMS": 17.349 }, "geometry": { "type": "LineString", "coordinates": [ [ -57.18125, -31.00208 ], [ -57.21458, -30.99792 ], [ -57.22135, -30.97865 ], [ -57.26458, -30.96042 ] ] } },
{ "type": "Feature", "properties": { "nombre": "Cda. De Garcete", "DIS_AV_CMS": 4.509 }, "geometry": { "type": "LineString", "coordinates": [ [ -54.99375, -32.51875 ], [ -54.99219, -32.50469 ], [ -54.97292, -32.49792 ] ] } },
{ "type": "Feature", "properties": { "nombre": "Cda. De Giménez", "DIS_AV_CMS": 3.479 }, "geometry": { "type": "LineString", "coordinates": [ [ -57.52708, -33.06875 ], [ -57.54792, -33.04792 ] ] } },
{ "type": "Feature", "properties": { "nombre": "Cda. De Ibáñez", "DIS_AV_CMS": 6.471 }, "geometry": { "type": "LineString", "coordinates": [ [ -54.02708, -32.28542 ], [ -54.01875, -32.29792 ] ] } },
{ "type": "Feature", "properties": { "nombre": "Cda. De Juan Manuel", "DIS_AV_CMS": 872.486 }, "geometry": { "type": "LineString", "coordinates": [ [ -57.24375, -33.12708 ], [ -57.27734, -33.13464 ], [ -57.29583, -33.10417 ], [ -57.31458, -33.09792 ] ] } },
{ "type": "Feature", "properties": { "nombre": "Cda. De La Aguada", "DIS_AV_CMS": 9.469 }, "geometry": { "type": "LineString", "coordinates": [ [ -56.92708, -32.01875 ], [ -56.95208, -32.04375 ] ] } },
{ "type": "Feature", "properties": { "nombre": "Cda. De La Antera", "DIS_AV_CMS": 4.754 }, "geometry": { "type": "LineString", "coordinates": [ [ -55.36875, -32.93542 ], [ -55.35625, -32.88958 ] ] } },
{ "type": "Feature", "properties": { "nombre": "Cda. De La Arena", "DIS_AV_CMS": 7.88 }, "geometry": { "type": "MultiLineString", "coordinates": [ [ [ -56.64375, -34.09375 ], [ -56.65208, -34.11875 ] ], [ [ -55.29375, -31.91042 ], [ -55.32708, -31.94375 ] ], [ [ -54.68125, -33.70625 ], [ -54.67708, -33.73125 ] ], [ [ -54.22708, -32.30625 ], [ -54.20703, -32.33516 ], [ -54.21042, -32.35208 ] ] ] } },
{ "type": "Feature", "properties": { "nombre": "Cda. De La Aruera", "DIS_AV_CMS": 2.34 }, "geometry": { "type": "LineString", "coordinates": [ [ -56.33958, -30.79792 ], [ -56.33958, -30.79375 ] ] } },
{ "type": "Feature", "properties": { "nombre": "Cda. De La Atahona", "DIS_AV_CMS": 17.515 }, "geometry": { "type": "LineString", "coordinates": [ [ -56.56042, -32.16875 ], [ -56.56458, -32.17292 ] ] } },
{ "type": "Feature", "properties": { "nombre": "Cda. De La Azotea", "DIS_AV_CMS": 10.962 }, "geometry": { "type": "LineString", "coordinates": [ [ -57.78125, -33.81042 ], [ -57.81875, -33.81042 ] ] } },
{ "type": "Feature", "properties": { "nombre": "Cda. De La Campanilla", "DIS_AV_CMS": 7.289 }, "geometry": { "type": "LineString", "coordinates": [ [ -57.01042, -32.63125 ], [ -57.02422, -32.64766 ], [ -57.06458, -32.64792 ] ] } },
{ "type": "Feature", "properties": { "nombre": "Cda. De La Cancela", "DIS_AV_CMS": 2.088 }, "geometry": { "type": "LineString", "coordinates": [ [ -56.99792, -30.91042 ], [ -57.02031, -30.92708 ], [ -57.05208, -30.92708 ] ] } },
{ "type": "Feature", "properties": { "nombre": "Cda. De La Canelera", "DIS_AV_CMS": 7.36 }, "geometry": { "type": "MultiLineString", "coordinates": [ [ [ -57.25625, -30.62292 ], [ -57.26745, -30.59818 ], [ -57.22708, -30.55469 ], [ -57.23958, -30.53802 ], [ -57.23125, -30.52292 ] ], [ [ -56.61875, -31.94375 ], [ -56.63542, -31.95208 ] ] ] } },
{ "type": "Feature", "properties": { "nombre": "Cda. De La Cantera", "DIS_AV_CMS": 11.011 }, "geometry": { "type": "MultiLineString", "coordinates": [ [ [ -56.07292, -32.18958 ], [ -56.05208, -32.18125 ] ], [ [ -54.12292, -33.87708 ], [ -54.08542, -33.85625 ] ] ] } },
{ "type": "Feature", "properties": { "nombre": "Cda. De La Chacra", "DIS_AV_CMS": 6.083 }, "geometry": { "type": "MultiLineString", "coordinates": [ [ [ -57.72708, -33.72292 ], [ -57.78542, -33.71458 ] ], [ [ -56.54792, -31.46042 ], [ -56.56458, -31.45208 ] ] ] } },
{ "type": "Feature", "properties": { "nombre": "Cda. De La Chancha Mora", "DIS_AV_CMS": 69.167 }, "geometry": { "type": "LineString", "coordinates": [ [ -56.56875, -34.54792 ], [ -56.54375, -34.56875 ] ] } },
{ "type": "Feature", "properties": { "nombre": "Cda. De La Concha", "DIS_AV_CMS": 20.899 }, "geometry": { "type": "LineString", "coordinates": [ [ -56.87292, -30.68125 ], [ -56.88958, -30.66875 ] ] } },
{ "type": "Feature", "properties": { "nombre": "Cda. De La Coronilla", "DIS_AV_CMS": 13.103 }, "geometry": { "type": "LineString", "coordinates": [ [ -56.81875, -32.16458 ], [ -56.82708, -32.16875 ] ] } },
{ "type": "Feature", "properties": { "nombre": "Cda. De La Correntina", "DIS_AV_CMS": 15.784 }, "geometry": { "type": "LineString", "coordinates": [ [ -56.25625, -32.84375 ], [ -56.26875, -32.83542 ] ] } },
{ "type": "Feature", "properties": { "nombre": "Cda. De La Costa", "DIS_AV_CMS": 204.982 }, "geometry": { "type": "LineString", "coordinates": [ [ -57.13542, -30.17292 ], [ -57.14792, -30.19375 ] ] } },
{ "type": "Feature", "properties": { "nombre": "Cda. De La Cruz", "DIS_AV_CMS": 11.813 }, "geometry": { "type": "MultiLineString", "coordinates": [ [ [ -57.27708, -34.22292 ], [ -57.27292, -34.22708 ] ], [ [ -56.33542, -31.02708 ], [ -56.35625, -31.04375 ] ], [ [ -55.27292, -34.32292 ], [ -55.29792, -34.29375 ] ] ] } },
{ "type": "Feature", "properties": { "nombre": "Cda. De La Cueva Del Rengo", "DIS_AV_CMS": 5.159 }, "geometry": { "type": "LineString", "coordinates": [ [ -56.66875, -32.00208 ], [ -56.67708, -32.01458 ] ] } },
{ "type": "Feature", "properties": { "nombre": "Cda. De La Divisa", "DIS_AV_CMS": 27.796 }, "geometry": { "type": "MultiLineString", "coordinates": [ [ [ -57.05208, -30.30208 ], [ -57.09375, -30.28958 ] ], [ [ -56.85208, -30.70208 ], [ -56.87292, -30.68125 ] ] ] } },
{ "type": "Feature", "properties": { "nombre": "Cda. De La Estancia", "DIS_AV_CMS": 199.137 }, "geometry": { "type": "MultiLineString", "coordinates": [ [ [ -57.34792, -32.82292 ], [ -57.35625, -32.83542 ] ], [ [ -57.31042, -31.73542 ], [ -57.33542, -31.69792 ] ], [ [ -56.84792, -32.26042 ], [ -56.86458, -32.24375 ] ], [ [ -56.66458, -34.12292 ], [ -56.67292, -34.13125 ] ], [ [ -56.57292, -32.18958 ], [ -56.58542, -32.20625 ] ], [ [ -55.48125, -32.17292 ], [ -55.46042, -32.19375 ] ] ] } },
{ "type": "Feature", "properties": { "nombre": "Cda. De La Estiva", "DIS_AV_CMS": 4.506 }, "geometry": { "type": "LineString", "coordinates": [ [ -55.96042, -31.30625 ], [ -55.94375, -31.33125 ] ] } },
{ "type": "Feature", "properties": { "nombre": "Cda. De La Fuente", "DIS_AV_CMS": 66.782 }, "geometry": { "type": "LineString", "coordinates": [ [ -54.66042, -33.78125 ], [ -54.63099, -33.77422 ], [ -54.59375, -33.78958 ] ] } },
{ "type": "Feature", "properties": { "nombre": "Cda. De La Horqueta", "DIS_AV_CMS": 2.729 }, "geometry": { "type": "LineString", "coordinates": [ [ -57.53542, -32.48542 ], [ -57.53958, -32.49792 ] ] } },
{ "type": "Feature", "properties": { "nombre": "Cda. De La Invernada", "DIS_AV_CMS": 4.433 }, "geometry": { "type": "LineString", "coordinates": [ [ -57.76875, -30.63125 ], [ -57.78958, -30.63542 ] ] } },
{ "type": "Feature", "properties": { "nombre": "Cda. De La Isla", "DIS_AV_CMS": 1.792 }, "geometry": { "type": "LineString", "coordinates": [ [ -54.65625, -33.02708 ], [ -54.65208, -33.06458 ] ] } },
{ "type": "Feature", "properties": { "nombre": "Cda. De La Isla De Los Malevos", "DIS_AV_CMS": 22.857 }, "geometry": { "type": "LineString", "coordinates": [ [ -56.71875, -32.24792 ], [ -56.72708, -32.26458 ] ] } },
{ "type": "Feature", "properties": { "nombre": "Cda. De La Isla Del León", "DIS_AV_CMS": 1.23 }, "geometry": { "type": "LineString", "coordinates": [ [ -55.13542, -32.62917 ], [ -55.13802, -32.60365 ], [ -55.17344, -32.60547 ], [ -55.18438, -32.57813 ], [ -55.20885, -32.56615 ], [ -55.22344, -32.50729 ], [ -55.25208, -32.47708 ] ] } },
{ "type": "Feature", "properties": { "nombre": "Cda. De La Isleta", "DIS_AV_CMS": 224.829 }, "geometry": { "type": "MultiLineString", "coordinates": [ [ [ -57.66875, -30.79375 ], [ -57.67292, -30.77708 ] ], [ [ -57.56042, -30.93542 ], [ -57.56875, -30.93958 ] ], [ [ -57.22708, -32.16875 ], [ -57.23125, -32.16875 ] ], [ [ -57.03958, -32.42292 ], [ -57.04375, -32.42292 ] ], [ [ -56.61875, -31.75625 ], [ -56.61875, -31.73542 ] ] ] } },
{ "type": "Feature", "properties": { "nombre": "Cda. De La Ladrona", "DIS_AV_CMS": 4.077 }, "geometry": { "type": "LineString", "coordinates": [ [ -57.99792, -32.29375 ], [ -58.01641, -32.29141 ], [ -58.05208, -32.25208 ] ] } },
{ "type": "Feature", "properties": { "nombre": "Cda. De La Laguna", "DIS_AV_CMS": 203.838 }, "geometry": { "type": "MultiLineString", "coordinates": [ [ [ -57.99792, -32.55208 ], [ -58.02708, -32.52708 ] ], [ [ -57.77708, -33.30625 ], [ -57.80625, -33.30625 ] ], [ [ -57.31875, -30.41042 ], [ -57.32292, -30.38542 ] ], [ [ -57.11458, -30.14792 ], [ -57.12292, -30.15625 ] ], [ [ -54.46875, -33.88542 ], [ -54.45208, -33.88542 ] ] ] } },
{ "type": "Feature", "properties": { "nombre": "Cda. De La Manga", "DIS_AV_CMS": 1.293 }, "geometry": { "type": "LineString", "coordinates": [ [ -56.97292, -33.32708 ], [ -56.94453, -33.2763 ], [ -56.95208, -33.24375 ] ] } },
{ "type": "Feature", "properties": { "nombre": "Cda. De La Manga De Macedo", "DIS_AV_CMS": 24.282 }, "geometry": { "type": "LineString", "coordinates": [ [ -57.91042, -34.22292 ], [ -57.93958, -34.23958 ] ] } },
{ "type": "Feature", "properties": { "nombre": "Cda. De La Manguera", "DIS_AV_CMS": 3.335 }, "geometry": { "type": "MultiLineString", "coordinates": [ [ [ -57.08958, -32.46042 ], [ -57.09792, -32.46042 ] ], [ [ -54.58542, -32.22292 ], [ -54.60625, -32.21458 ] ] ] } },
{ "type": "Feature", "properties": { "nombre": "Cda. De La Negrita", "DIS_AV_CMS": 3.515 }, "geometry": { "type": "LineString", "coordinates": [ [ -54.04792, -32.67292 ], [ -54.02604, -32.66458 ], [ -53.97708, -32.68125 ] ] } },
{ "type": "Feature", "properties": { "nombre": "Cda. De La Oficina", "DIS_AV_CMS": 14.053 }, "geometry": { "type": "LineString", "coordinates": [ [ -57.07708, -32.05208 ], [ -57.09375, -32.04792 ] ] } },
{ "type": "Feature", "properties": { "nombre": "Cda. De La Paja", "DIS_AV_CMS": 16.167 }, "geometry": { "type": "LineString", "coordinates": [ [ -54.89792, -34.78958 ], [ -54.90625, -34.79792 ] ] } },
{ "type": "Feature", "properties": { "nombre": "Cda. De La Palma", "DIS_AV_CMS": 51.739 }, "geometry": { "type": "LineString", "coordinates": [ [ -53.89375, -32.75208 ], [ -53.88125, -32.76042 ] ] } },
{ "type": "Feature", "properties": { "nombre": "Cda. De La Palma Torcida", "DIS_AV_CMS": 11.976 }, "geometry": { "type": "LineString", "coordinates": [ [ -54.08125, -33.85208 ], [ -54.06875, -33.81458 ] ] } },
{ "type": "Feature", "properties": { "nombre": "Cda. De La Palmita", "DIS_AV_CMS": 7.911 }, "geometry": { "type": "MultiLineString", "coordinates": [ [ [ -57.76042, -31.17708 ], [ -57.78125, -31.18125 ] ], [ [ -56.92708, -32.01042 ], [ -56.92708, -32.01875 ] ] ] } },
{ "type": "Feature", "properties": { "nombre": "Cda. De La Paloma", "DIS_AV_CMS": 124.368 }, "geometry": { "type": "LineString", "coordinates": [ [ -54.43125, -33.73958 ], [ -54.39792, -33.70625 ] ] } },
{ "type": "Feature", "properties": { "nombre": "Cda. De La Piedra Sola", "DIS_AV_CMS": 14.235 }, "geometry": { "type": "MultiLineString", "coordinates": [ [ [ -56.43542, -31.53125 ], [ -56.46042, -31.53125 ] ], [ [ -55.89375, -31.66042 ], [ -55.87708, -31.67708 ] ] ] } },
{ "type": "Feature", "properties": { "nombre": "Cda. De La Pierna De Palo", "DIS_AV_CMS": 6.458 }, "geometry": { "type": "LineString", "coordinates": [ [ -56.79792, -33.51458 ], [ -56.81875, -33.48125 ] ] } },
{ "type": "Feature", "properties": { "nombre": "Cda. De La Sociedad", "DIS_AV_CMS": 33.681 }, "geometry": { "type": "LineString", "coordinates": [ [ -56.92292, -31.36875 ], [ -56.91875, -31.36458 ] ] } },
{ "type": "Feature", "properties": { "nombre": "Cda. De La Sorpresa", "DIS_AV_CMS": 10.305 }, "geometry": { "type": "LineString", "coordinates": [ [ -56.98542, -32.04375 ], [ -56.99375, -32.03958 ] ] } },
{ "type": "Feature", "properties": { "nombre": "Cda. De La Taboa", "DIS_AV_CMS": 64.793 }, "geometry": { "type": "LineString", "coordinates": [ [ -55.54792, -31.71042 ], [ -55.53203, -31.72734 ], [ -55.53125, -31.75208 ] ] } },
{ "type": "Feature", "properties": { "nombre": "Cda. De La Tapera", "DIS_AV_CMS": 4.462 }, "geometry": { "type": "MultiLineString", "coordinates": [ [ [ -56.25625, -31.10208 ], [ -56.28542, -31.08958 ] ], [ [ -54.51042, -32.20208 ], [ -54.53958, -32.17708 ] ] ] } },
{ "type": "Feature", "properties": { "nombre": "Cda. De La Tapera II", "DIS_AV_CMS": 11.474 }, "geometry": { "type": "LineString", "coordinates": [ [ -57.18958, -31.33125 ], [ -57.18542, -31.30625 ] ] } },
{ "type": "Feature", "properties": { "nombre": "Cda. De La Totora", "DIS_AV_CMS": 44.674 }, "geometry": { "type": "MultiLineString", "coordinates": [ [ [ -57.58542, -34.06875 ], [ -57.62292, -34.08125 ] ], [ [ -57.53958, -32.49792 ], [ -57.62292, -32.53542 ] ], [ [ -53.98958, -32.64792 ], [ -53.98125, -32.65625 ] ] ] } },
{ "type": "Feature", "properties": { "nombre": "Cda. De La Tranquera", "DIS_AV_CMS": 11.618 }, "geometry": { "type": "LineString", "coordinates": [ [ -55.71875, -32.66875 ], [ -55.73542, -32.63125 ] ] } },
{ "type": "Feature", "properties": { "nombre": "Cda. De La Yeguada", "DIS_AV_CMS": 35.154 }, "geometry": { "type": "LineString", "coordinates": [ [ -57.58542, -31.59792 ], [ -57.63542, -31.58542 ] ] } },
{ "type": "Feature", "properties": { "nombre": "Cda. De Las Barrancas", "DIS_AV_CMS": 7.949 }, "geometry": { "type": "LineString", "coordinates": [ [ -55.46042, -33.46458 ], [ -55.47292, -33.46042 ] ] } },
{ "type": "Feature", "properties": { "nombre": "Cda. De Las Canteras", "DIS_AV_CMS": 4.055 }, "geometry": { "type": "LineString", "coordinates": [ [ -56.05625, -34.84375 ], [ -56.05885, -34.86615 ], [ -56.03125, -34.87708 ] ] } },
{ "type": "Feature", "properties": { "nombre": "Cda. De Las Casas", "DIS_AV_CMS": 3.593 }, "geometry": { "type": "LineString", "coordinates": [ [ -56.59375, -33.96042 ], [ -56.60625, -33.98125 ] ] } },
{ "type": "Feature", "properties": { "nombre": "Cda. De Las Flores", "DIS_AV_CMS": 2.935 }, "geometry": { "type": "LineString", "coordinates": [ [ -53.69375, -33.65625 ], [ -53.68125, -33.62708 ] ] } },
{ "type": "Feature", "properties": { "nombre": "Cda. De Las Horquetas", "DIS_AV_CMS": 2.059 }, "geometry": { "type": "LineString", "coordinates": [ [ -58.17292, -33.38958 ], [ -58.19375, -33.39375 ], [ -58.21719, -33.36198 ], [ -58.24792, -33.35625 ] ] } },
{ "type": "Feature", "properties": { "nombre": "Cda. De Las Isletas", "DIS_AV_CMS": 2.453 }, "geometry": { "type": "MultiLineString", "coordinates": [ [ [ -58.10625, -31.90208 ], [ -58.11458, -31.89375 ] ], [ [ -57.66458, -31.96875 ], [ -57.69635, -31.99635 ], [ -57.70052, -32.01719 ], [ -57.74792, -32.03125 ] ], [ [ -56.05208, -31.95208 ], [ -56.01042, -31.94375 ] ] ] } },
{ "type": "Feature", "properties": { "nombre": "Cda. De Las Lagunas", "DIS_AV_CMS": 10.237 }, "geometry": { "type": "LineString", "coordinates": [ [ -56.76458, -32.12292 ], [ -56.76875, -32.12708 ] ] } },
{ "type": "Feature", "properties": { "nombre": "Cda. De Las Losas", "DIS_AV_CMS": 10.861 }, "geometry": { "type": "LineString", "coordinates": [ [ -54.76875, -32.34792 ], [ -54.83542, -32.32708 ] ] } },
{ "type": "Feature", "properties": { "nombre": "Cda. De Las Mulitas", "DIS_AV_CMS": 14.451 }, "geometry": { "type": "LineString", "coordinates": [ [ -57.90208, -33.28958 ], [ -57.91042, -33.28542 ], [ -57.87708, -33.27708 ] ] } },
{ "type": "Feature", "properties": { "nombre": "Cda. De Las Nutrias", "DIS_AV_CMS": 34.209 }, "geometry": { "type": "MultiLineString", "coordinates": [ [ [ -56.84375, -34.45208 ], [ -56.84792, -34.46875 ] ], [ [ -56.53125, -32.40208 ], [ -56.53125, -32.41458 ] ], [ [ -56.36042, -32.90625 ], [ -56.36458, -32.90208 ] ], [ [ -55.56458, -34.21875 ], [ -55.59792, -34.21042 ], [ -55.60625, -34.19375 ] ] ] } },
{ "type": "Feature", "properties": { "nombre": "Cda. De Las Pajas", "DIS_AV_CMS": 70.325 }, "geometry": { "type": "MultiLineString", "coordinates": [ [ [ -57.69375, -33.21458 ], [ -57.69453, -33.19323 ], [ -57.71042, -33.18542 ] ], [ [ -55.34375, -31.96042 ], [ -55.35625, -32.00208 ] ], [ [ -54.83958, -32.56042 ], [ -54.78958, -32.52292 ] ], [ [ -54.50625, -33.78125 ], [ -54.45625, -33.76042 ] ], [ [ -54.17292, -31.98542 ], [ -54.18125, -31.98958 ] ], [ [ -53.93542, -32.71458 ], [ -53.91042, -32.72292 ] ] ] } },
{ "type": "Feature", "properties": { "nombre": "Cda. De Las Palmas", "DIS_AV_CMS": 5.827 }, "geometry": { "type": "LineString", "coordinates": [ [ -53.64792, -32.40625 ], [ -53.61458, -32.41042 ] ] } },
{ "type": "Feature", "properties": { "nombre": "Cda. De Las Pavas", "DIS_AV_CMS": 4.838 }, "geometry": { "type": "LineString", "coordinates": [ [ -57.78125, -31.18125 ], [ -57.79375, -31.19375 ] ] } },
{ "type": "Feature", "properties": { "nombre": "Cda. De Las Pencas", "DIS_AV_CMS": 2.085 }, "geometry": { "type": "LineString", "coordinates": [ [ -56.97708, -33.98125 ], [ -56.96458, -33.97708 ] ] } },
{ "type": "Feature", "properties": { "nombre": "Cda. De Las Piedras", "DIS_AV_CMS": 100.927 }, "geometry": { "type": "MultiLineString", "coordinates": [ [ [ -56.11042, -32.16042 ], [ -56.08542, -32.18542 ] ], [ [ -55.74375, -34.60625 ], [ -55.74375, -34.64792 ] ], [ [ -55.28958, -32.00208 ], [ -55.35625, -32.00208 ] ], [ [ -54.84375, -32.32708 ], [ -54.8776, -32.34766 ], [ -54.89375, -32.34375 ] ], [ [ -54.01875, -32.32708 ], [ -54.03125, -32.33542 ] ] ] } },
{ "type": "Feature", "properties": { "nombre": "Cda. De Las Toscas", "DIS_AV_CMS": 27.813 }, "geometry": { "type": "LineString", "coordinates": [ [ -54.71042, -34.05625 ], [ -54.69635, -34.04792 ], [ -54.67682, -34.05911 ], [ -54.64375, -34.05625 ] ] } },
{ "type": "Feature", "properties": { "nombre": "Cda. De Las Totoras", "DIS_AV_CMS": 2.768 }, "geometry": { "type": "LineString", "coordinates": [ [ -57.49792, -31.72708 ], [ -57.51875, -31.69792 ] ] } },
{ "type": "Feature", "properties": { "nombre": "Cda. De Las Tunas", "DIS_AV_CMS": 6.929 }, "geometry": { "type": "MultiLineString", "coordinates": [ [ [ -57.74375, -33.45625 ], [ -57.76042, -33.43125 ] ], [ [ -57.65625, -34.10625 ], [ -57.67708, -34.13125 ] ] ] } },
{ "type": "Feature", "properties": { "nombre": "Cda. De Las Yeguas", "DIS_AV_CMS": 28.871 }, "geometry": { "type": "LineString", "coordinates": [ [ -57.46042, -31.64375 ], [ -57.50625, -31.63542 ] ] } },
{ "type": "Feature", "properties": { "nombre": "Cda. De Las Ánimas", "DIS_AV_CMS": 14.15 }, "geometry": { "type": "LineString", "coordinates": [ [ -54.23125, -33.88125 ], [ -54.17161, -33.87552 ], [ -54.10625, -33.78958 ] ] } },
{ "type": "Feature", "properties": { "nombre": "Cda. De Los Abrojos", "DIS_AV_CMS": 3.807 }, "geometry": { "type": "LineString", "coordinates": [ [ -54.86458, -31.89375 ], [ -54.89219, -31.91302 ], [ -54.89792, -31.94375 ] ] } },
{ "type": "Feature", "properties": { "nombre": "Cda. De Los Alfileres", "DIS_AV_CMS": 6.553 }, "geometry": { "type": "LineString", "coordinates": [ [ -55.46458, -34.04792 ], [ -55.48542, -34.05208 ] ] } },
{ "type": "Feature", "properties": { "nombre": "Cda. De Los Amarillos", "DIS_AV_CMS": 920.285 }, "geometry": { "type": "LineString", "coordinates": [ [ -58.04375, -33.16458 ], [ -58.01458, -33.22708 ] ] } },
{ "type": "Feature", "properties": { "nombre": "Cda. De Los Apretados", "DIS_AV_CMS": 7.118 }, "geometry": { "type": "LineString", "coordinates": [ [ -56.98958, -31.48958 ], [ -56.99792, -31.46875 ] ] } },
{ "type": "Feature", "properties": { "nombre": "Cda. De Los Brotes", "DIS_AV_CMS": 6.979 }, "geometry": { "type": "LineString", "coordinates": [ [ -54.63125, -32.20208 ], [ -54.68854, -32.18958 ], [ -54.71094, -32.20208 ], [ -54.78802, -32.19792 ], [ -54.80208, -32.18542 ] ] } },
{ "type": "Feature", "properties": { "nombre": "Cda. De Los Burros", "DIS_AV_CMS": 2.858 }, "geometry": { "type": "LineString", "coordinates": [ [ -53.86042, -32.05625 ], [ -53.84375, -32.02292 ] ] } },
{ "type": "Feature", "properties": { "nombre": "Cda. De Los Caponcitos", "DIS_AV_CMS": 2.637 }, "geometry": { "type": "LineString", "coordinates": [ [ -55.32708, -31.94375 ], [ -55.34375, -31.96042 ] ] } },
{ "type": "Feature", "properties": { "nombre": "Cda. De Los Carpinchos", "DIS_AV_CMS": 25.588 }, "geometry": { "type": "MultiLineString", "coordinates": [ [ [ -57.95625, -34.24792 ], [ -57.98542, -34.27708 ] ], [ [ -57.59375, -32.59792 ], [ -57.63542, -32.60208 ] ] ] } },
{ "type": "Feature", "properties": { "nombre": "Cda. De Los Carros", "DIS_AV_CMS": 2.416 }, "geometry": { "type": "LineString", "coordinates": [ [ -54.25625, -34.18125 ], [ -54.26042, -34.16875 ] ] } },
{ "type": "Feature", "properties": { "nombre": "Cda. De Los Ceibos", "DIS_AV_CMS": 3.116 }, "geometry": { "type": "LineString", "coordinates": [ [ -53.71458, -32.36042 ], [ -53.69792, -32.38542 ] ] } },
{ "type": "Feature", "properties": { "nombre": "Cda. De Los Cerros", "DIS_AV_CMS": 13.935 }, "geometry": { "type": "LineString", "coordinates": [ [ -56.82708, -32.16875 ], [ -56.86458, -32.21875 ] ] } },
{ "type": "Feature", "properties": { "nombre": "Cda. De Los Chanchos", "DIS_AV_CMS": 7.782 }, "geometry": { "type": "MultiLineString", "coordinates": [ [ [ -57.87292, -33.70625 ], [ -57.89375, -33.69792 ] ], [ [ -57.27292, -34.22708 ], [ -57.25208, -34.25625 ] ], [ [ -56.02292, -34.33542 ], [ -56.06458, -34.33958 ] ] ] } },
{ "type": "Feature", "properties": { "nombre": "Cda. De Los Curupíes", "DIS_AV_CMS": 5.523 }, "geometry": { "type": "LineString", "coordinates": [ [ -53.66458, -32.97708 ], [ -53.60625, -32.98958 ] ] } },
{ "type": "Feature", "properties": { "nombre": "Cda. De Los Gansos", "DIS_AV_CMS": 52.071 }, "geometry": { "type": "LineString", "coordinates": [ [ -55.59792, -34.21042 ], [ -55.66042, -34.22292 ] ] } },
{ "type": "Feature", "properties": { "nombre": "Cda. De Los Juncos", "DIS_AV_CMS": 9.602 }, "geometry": { "type": "LineString", "coordinates": [ [ -54.24792, -34.00208 ], [ -54.24792, -33.98542 ] ] } },
{ "type": "Feature", "properties": { "nombre": "Cda. De Los Manantiales", "DIS_AV_CMS": 39.672 }, "geometry": { "type": "MultiLineString", "coordinates": [ [ [ -57.35625, -30.93125 ], [ -57.36875, -30.94792 ], [ -57.38542, -30.94792 ] ], [ [ -57.36042, -33.43958 ], [ -57.37708, -33.41458 ] ], [ [ -57.15625, -32.29375 ], [ -57.17292, -32.28542 ] ], [ [ -56.95208, -30.61458 ], [ -56.96458, -30.58958 ] ], [ [ -56.87708, -31.29375 ], [ -56.91042, -31.28125 ] ], [ [ -56.13958, -32.89375 ], [ -56.17708, -32.87708 ] ], [ [ -54.69375, -34.57708 ], [ -54.69792, -34.59375 ] ] ] } },
{ "type": "Feature", "properties": { "nombre": "Cda. De Los Mimbres", "DIS_AV_CMS": 5.347 }, "geometry": { "type": "MultiLineString", "coordinates": [ [ [ -56.67708, -32.01458 ], [ -56.68125, -32.02292 ] ], [ [ -56.06458, -32.13958 ], [ -56.06797, -32.15625 ], [ -56.05208, -32.18125 ] ], [ [ -54.33542, -32.39375 ], [ -54.32448, -32.40885 ], [ -54.29792, -32.41042 ] ] ] } },
{ "type": "Feature", "properties": { "nombre": "Cda. De Los Minuanos", "DIS_AV_CMS": 2.603 }, "geometry": { "type": "LineString", "coordinates": [ [ -55.06458, -32.39375 ], [ -55.10208, -32.47708 ] ] } },
{ "type": "Feature", "properties": { "nombre": "Cda. De Los Molles", "DIS_AV_CMS": 99.315 }, "geometry": { "type": "MultiLineString", "coordinates": [ [ [ -57.16458, -33.79375 ], [ -57.18125, -33.78125 ] ], [ [ -56.28542, -34.06042 ], [ -56.28125, -34.06458 ] ], [ [ -54.51458, -34.56458 ], [ -54.52292, -34.57708 ] ], [ [ -54.28958, -32.07708 ], [ -54.28125, -32.05625 ], [ -54.29115, -32.03385 ], [ -54.30625, -32.03125 ], [ -54.33542, -31.99375 ] ], [ [ -53.66042, -32.27292 ], [ -53.64375, -32.29792 ] ] ] } },
{ "type": "Feature", "properties": { "nombre": "Cda. De Los Mongoles", "DIS_AV_CMS": 2.251 }, "geometry": { "type": "LineString", "coordinates": [ [ -54.69375, -32.07292 ], [ -54.72292, -32.08125 ] ] } },
{ "type": "Feature", "properties": { "nombre": "Cda. De Los Núñez", "DIS_AV_CMS": 8.465 }, "geometry": { "type": "LineString", "coordinates": [ [ -56.02292, -31.52292 ], [ -56.02708, -31.53542 ] ] } },
{ "type": "Feature", "properties": { "nombre": "Cda. De Los Pedregales", "DIS_AV_CMS": 4.848 }, "geometry": { "type": "LineString", "coordinates": [ [ -56.13958, -33.37292 ], [ -56.16042, -33.39375 ] ] } },
{ "type": "Feature", "properties": { "nombre": "Cda. De Los Pereira", "DIS_AV_CMS": 10.544 }, "geometry": { "type": "LineString", "coordinates": [ [ -56.67708, -31.39375 ], [ -56.69792, -31.38958 ] ] } },
{ "type": "Feature", "properties": { "nombre": "Cda. De Los Perros", "DIS_AV_CMS": 6341.25 }, "geometry": { "type": "MultiLineString", "coordinates": [ [ [ -58.18542, -32.41875 ], [ -58.19375, -32.43958 ] ], [ [ -54.20208, -34.39375 ], [ -54.17292, -34.40208 ] ] ] } },
{ "type": "Feature", "properties": { "nombre": "Cda. De Los Rivero", "DIS_AV_CMS": 10.211 }, "geometry": { "type": "LineString", "coordinates": [ [ -54.47708, -34.07292 ], [ -54.46875, -34.02708 ] ] } },
{ "type": "Feature", "properties": { "nombre": "Cda. De Los Sauces", "DIS_AV_CMS": 4.603 }, "geometry": { "type": "LineString", "coordinates": [ [ -53.93542, -32.03958 ], [ -53.92292, -32.02708 ] ] } },
{ "type": "Feature", "properties": { "nombre": "Cda. De Los Sánchez", "DIS_AV_CMS": 2.382 }, "geometry": { "type": "LineString", "coordinates": [ [ -54.52292, -34.57708 ], [ -54.53542, -34.58958 ] ] } },
{ "type": "Feature", "properties": { "nombre": "Cda. De Los Talas", "DIS_AV_CMS": 8.089 }, "geometry": { "type": "MultiLineString", "coordinates": [ [ [ -57.55625, -31.65208 ], [ -57.57292, -31.63542 ] ], [ [ -54.96458, -32.04792 ], [ -54.96875, -32.06042 ] ] ] } },
{ "type": "Feature", "properties": { "nombre": "Cda. De Los Tapes", "DIS_AV_CMS": 2.81 }, "geometry": { "type": "LineString", "coordinates": [ [ -57.53125, -31.60208 ], [ -57.55625, -31.58958 ] ] } },
{ "type": "Feature", "properties": { "nombre": "Cda. De Los Toros", "DIS_AV_CMS": 1.998 }, "geometry": { "type": "LineString", "coordinates": [ [ -55.01042, -32.82708 ], [ -55.02708, -32.81042 ] ] } },
{ "type": "Feature", "properties": { "nombre": "Cda. De Los Yeguaces", "DIS_AV_CMS": 2.829 }, "geometry": { "type": "LineString", "coordinates": [ [ -56.93542, -31.58125 ], [ -56.94792, -31.56875 ] ] } },
{ "type": "Feature", "properties": { "nombre": "Cda. De Los Álamos", "DIS_AV_CMS": 156.544 }, "geometry": { "type": "LineString", "coordinates": [ [ -56.38542, -34.40625 ], [ -56.38958, -34.42708 ] ] } },
{ "type": "Feature", "properties": { "nombre": "Cda. De Los Álvez", "DIS_AV_CMS": 2.89 }, "geometry": { "type": "MultiLineString", "coordinates": [ [ [ -55.23958, -31.34792 ], [ -55.24792, -31.38125 ] ], [ [ -55.19792, -31.38125 ], [ -55.22708, -31.38542 ] ] ] } },
{ "type": "Feature", "properties": { "nombre": "Cda. De Micaela", "DIS_AV_CMS": 2.223 }, "geometry": { "type": "LineString", "coordinates": [ [ -57.74792, -32.03125 ], [ -57.78125, -32.05208 ] ] } },
{ "type": "Feature", "properties": { "nombre": "Cda. De Palma", "DIS_AV_CMS": 2.88 }, "geometry": { "type": "LineString", "coordinates": [ [ -54.13125, -33.01875 ], [ -54.11458, -33.01875 ] ] } },
{ "type": "Feature", "properties": { "nombre": "Cda. De Piegas", "DIS_AV_CMS": 7.367 }, "geometry": { "type": "LineString", "coordinates": [ [ -56.99792, -31.46875 ], [ -56.99375, -31.45625 ] ] } },
{ "type": "Feature", "properties": { "nombre": "Cda. De Potrero", "DIS_AV_CMS": 5.604 }, "geometry": { "type": "LineString", "coordinates": [ [ -54.16458, -32.82708 ], [ -54.10208, -32.82292 ] ] } },
{ "type": "Feature", "properties": { "nombre": "Cda. De Pozzolo", "DIS_AV_CMS": 19.94 }, "geometry": { "type": "LineString", "coordinates": [ [ -56.61875, -32.21042 ], [ -56.64792, -32.21458 ] ] } },
{ "type": "Feature", "properties": { "nombre": "Cda. De Ramírez", "DIS_AV_CMS": 583.074 }, "geometry": { "type": "LineString", "coordinates": [ [ -57.05625, -33.00625 ], [ -57.10208, -32.99375 ] ] } },
{ "type": "Feature", "properties": { "nombre": "Cda. De Risso", "DIS_AV_CMS": 582.749 }, "geometry": { "type": "LineString", "coordinates": [ [ -57.01042, -33.02292 ], [ -57.04792, -33.01458 ] ] } },
{ "type": "Feature", "properties": { "nombre": "Cda. De San Diego", "DIS_AV_CMS": 2.235 }, "geometry": { "type": "LineString", "coordinates": [ [ -57.51042, -31.37708 ], [ -57.51875, -31.37292 ] ] } },
{ "type": "Feature", "properties": { "nombre": "Cda. De Santos", "DIS_AV_CMS": 7.487 }, "geometry": { "type": "LineString", "coordinates": [ [ -53.61875, -32.59792 ], [ -53.61042, -32.63542 ], [ -53.55365, -32.70885 ], [ -53.48542, -32.74375 ] ] } },
{ "type": "Feature", "properties": { "nombre": "Cda. De Sasso", "DIS_AV_CMS": 42.519 }, "geometry": { "type": "LineString", "coordinates": [ [ -58.23958, -33.52708 ], [ -58.28542, -33.53542 ] ] } },
{ "type": "Feature", "properties": { "nombre": "Cda. De Sosa", "DIS_AV_CMS": 13.066 }, "geometry": { "type": "MultiLineString", "coordinates": [ [ [ -57.86042, -33.81042 ], [ -57.86458, -33.81458 ] ], [ [ -57.79375, -32.44375 ], [ -57.82266, -32.44036 ], [ -57.84375, -32.45625 ] ] ] } },
{ "type": "Feature", "properties": { "nombre": "Cda. De Taboada", "DIS_AV_CMS": 15.505 }, "geometry": { "type": "LineString", "coordinates": [ [ -57.32292, -30.38542 ], [ -57.32292, -30.35208 ] ] } },
{ "type": "Feature", "properties": { "nombre": "Cda. De Tingutí", "DIS_AV_CMS": 9.391 }, "geometry": { "type": "LineString", "coordinates": [ [ -57.74792, -32.53958 ], [ -57.76458, -32.57708 ] ] } },
{ "type": "Feature", "properties": { "nombre": "Cda. De Valdéz", "DIS_AV_CMS": 9.315 }, "geometry": { "type": "LineString", "coordinates": [ [ -56.79792, -33.36875 ], [ -56.79792, -33.35208 ] ] } },
{ "type": "Feature", "properties": { "nombre": "Cda. De Varge", "DIS_AV_CMS": 3.256 }, "geometry": { "type": "LineString", "coordinates": [ [ -57.12292, -31.51042 ], [ -57.14974, -31.47813 ], [ -57.17708, -31.39375 ] ] } },
{ "type": "Feature", "properties": { "nombre": "Cda. De Viera", "DIS_AV_CMS": 47.978 }, "geometry": { "type": "MultiLineString", "coordinates": [ [ [ -58.28542, -33.53542 ], [ -58.35625, -33.53542 ] ], [ [ -55.43125, -34.74792 ], [ -55.39792, -34.78958 ] ] ] } },
{ "type": "Feature", "properties": { "nombre": "Cda. De Votarte", "DIS_AV_CMS": 1.951 }, "geometry": { "type": "LineString", "coordinates": [ [ -58.15625, -33.87292 ], [ -58.17708, -33.90208 ] ] } },
{ "type": "Feature", "properties": { "nombre": "Cda. Del Aguará", "DIS_AV_CMS": 4.311 }, "geometry": { "type": "LineString", "coordinates": [ [ -54.99792, -32.54375 ], [ -54.98698, -32.53125 ], [ -54.99375, -32.51875 ] ] } },
{ "type": "Feature", "properties": { "nombre": "Cda. Del Andaluz", "DIS_AV_CMS": 13.991 }, "geometry": { "type": "LineString", "coordinates": [ [ -56.02708, -33.98958 ], [ -56.04792, -33.98125 ] ] } },
{ "type": "Feature", "properties": { "nombre": "Cda. Del Apio", "DIS_AV_CMS": 12.04 }, "geometry": { "type": "MultiLineString", "coordinates": [ [ [ -57.80625, -31.23542 ], [ -57.83125, -31.22708 ] ], [ [ -56.38542, -31.43958 ], [ -56.41875, -31.41875 ] ] ] } },
{ "type": "Feature", "properties": { "nombre": "Cda. Del Apios", "DIS_AV_CMS": 2.425 }, "geometry": { "type": "LineString", "coordinates": [ [ -53.47708, -32.86875 ], [ -53.45208, -32.94792 ] ] } },
{ "type": "Feature", "properties": { "nombre": "Cda. Del Azud", "DIS_AV_CMS": 4.424 }, "geometry": { "type": "LineString", "coordinates": [ [ -54.19792, -32.37292 ], [ -54.18125, -32.38125 ] ] } },
{ "type": "Feature", "properties": { "nombre": "Cda. Del Bagre", "DIS_AV_CMS": 34.017 }, "geometry": { "type": "LineString", "coordinates": [ [ -56.62292, -31.13542 ], [ -56.63385, -31.13958 ], [ -56.62292, -31.15208 ] ] } },
{ "type": "Feature", "properties": { "nombre": "Cda. Del Barro Blanco", "DIS_AV_CMS": 6.436 }, "geometry": { "type": "LineString", "coordinates": [ [ -57.52708, -30.85208 ], [ -57.56146, -30.86458 ], [ -57.59375, -30.84375 ] ] } },
{ "type": "Feature", "properties": { "nombre": "Cda. Del Bañadero", "DIS_AV_CMS": 10.282 }, "geometry": { "type": "LineString", "coordinates": [ [ -57.35208, -33.49792 ], [ -57.33958, -33.45938 ], [ -57.36042, -33.43958 ] ] } },
{ "type": "Feature", "properties": { "nombre": "Cda. Del Blanquillo", "DIS_AV_CMS": 21.514 }, "geometry": { "type": "MultiLineString", "coordinates": [ [ [ -56.36042, -32.23125 ], [ -56.38125, -32.24375 ] ], [ [ -55.23125, -32.26042 ], [ -55.26146, -32.25417 ], [ -55.27708, -32.26458 ] ], [ [ -55.05208, -32.18125 ], [ -55.09792, -32.18958 ] ] ] } },
{ "type": "Feature", "properties": { "nombre": "Cda. Del Camunda", "DIS_AV_CMS": 2.367 }, "geometry": { "type": "LineString", "coordinates": [ [ -54.38125, -31.81458 ], [ -54.41042, -31.83542 ] ] } },
{ "type": "Feature", "properties": { "nombre": "Cda. Del Canario", "DIS_AV_CMS": 23.696 }, "geometry": { "type": "LineString", "coordinates": [ [ -56.72708, -32.26458 ], [ -56.75625, -32.27708 ] ] } },
{ "type": "Feature", "properties": { "nombre": "Cda. Del Canelón", "DIS_AV_CMS": 52.444 }, "geometry": { "type": "MultiLineString", "coordinates": [ [ [ -58.38125, -33.49375 ], [ -58.38958, -33.47292 ] ], [ [ -57.49375, -32.07708 ], [ -57.50625, -32.08958 ] ] ] } },
{ "type": "Feature", "properties": { "nombre": "Cda. Del Capón", "DIS_AV_CMS": 26.96 }, "geometry": { "type": "LineString", "coordinates": [ [ -57.04792, -30.31042 ], [ -57.05208, -30.30208 ] ] } },
{ "type": "Feature", "properties": { "nombre": "Cda. Del Carro", "DIS_AV_CMS": 5.586 }, "geometry": { "type": "LineString", "coordinates": [ [ -55.63125, -32.35208 ], [ -55.61458, -32.41458 ] ] } },
{ "type": "Feature", "properties": { "nombre": "Cda. Del Catalán", "DIS_AV_CMS": 12.432 }, "geometry": { "type": "LineString", "coordinates": [ [ -56.31875, -30.68958 ], [ -56.32292, -30.68125 ] ] } },
{ "type": "Feature", "properties": { "nombre": "Cda. Del Ceibal", "DIS_AV_CMS": 2.6 }, "geometry": { "type": "LineString", "coordinates": [ [ -55.24792, -31.72708 ], [ -55.22292, -31.76042 ] ] } },
{ "type": "Feature", "properties": { "nombre": "Cda. Del Ceibo", "DIS_AV_CMS": 40.486 }, "geometry": { "type": "MultiLineString", "coordinates": [ [ [ -57.38542, -30.94792 ], [ -57.44792, -30.94792 ] ], [ [ -56.91042, -31.28125 ], [ -56.95208, -31.26458 ] ] ] } },
{ "type": "Feature", "properties": { "nombre": "Cda. Del Centro", "DIS_AV_CMS": 2.214 }, "geometry": { "type": "LineString", "coordinates": [ [ -57.67708, -31.62708 ], [ -57.67708, -31.58542 ] ] } },
{ "type": "Feature", "properties": { "nombre": "Cda. Del Cerrito", "DIS_AV_CMS": 5961.865 }, "geometry": { "type": "MultiLineString", "coordinates": [ [ [ -58.04375, -31.42708 ], [ -58.07292, -31.45208 ] ], [ [ -55.28958, -34.12708 ], [ -55.30208, -34.13125 ] ] ] } },
{ "type": "Feature", "properties": { "nombre": "Cda. Del Cerro", "DIS_AV_CMS": 9.122 }, "geometry": { "type": "LineString", "coordinates": [ [ -55.63125, -32.79375 ], [ -55.64792, -32.76042 ] ] } },
{ "type": "Feature", "properties": { "nombre": "Cda. Del Cerro Pelado", "DIS_AV_CMS": 2.425 }, "geometry": { "type": "LineString", "coordinates": [ [ -55.19375, -31.38542 ], [ -55.19792, -31.38125 ] ] } },
{ "type": "Feature", "properties": { "nombre": "Cda. Del Charrúa", "DIS_AV_CMS": 12.789 }, "geometry": { "type": "LineString", "coordinates": [ [ -57.18958, -32.68125 ], [ -57.20625, -32.68958 ] ] } },
{ "type": "Feature", "properties": { "nombre": "Cda. Del Chircal", "DIS_AV_CMS": 2.584 }, "geometry": { "type": "LineString", "coordinates": [ [ -57.32708, -31.13958 ], [ -57.31875, -31.13542 ] ] } },
{ "type": "Feature", "properties": { "nombre": "Cda. Del Chorro", "DIS_AV_CMS": 1.9 }, "geometry": { "type": "LineString", "coordinates": [ [ -57.87292, -31.51458 ], [ -57.90208, -31.46042 ] ] } },
{ "type": "Feature", "properties": { "nombre": "Cda. Del Cobre", "DIS_AV_CMS": 32.631 }, "geometry": { "type": "LineString", "coordinates": [ [ -57.27292, -30.95625 ], [ -57.30208, -30.93542 ] ] } },
{ "type": "Feature", "properties": { "nombre": "Cda. Del Convoy", "DIS_AV_CMS": 11.114 }, "geometry": { "type": "LineString", "coordinates": [ [ -57.75208, -31.26458 ], [ -57.78542, -31.25208 ] ] } },
{ "type": "Feature", "properties": { "nombre": "Cda. Del Convoy Grande", "DIS_AV_CMS": 4.532 }, "geometry": { "type": "LineString", "coordinates": [ [ -57.50208, -30.41458 ], [ -57.51875, -30.37708 ] ] } },
{ "type": "Feature", "properties": { "nombre": "Cda. Del Corral Viejo", "DIS_AV_CMS": 5915.049 }, "geometry": { "type": "LineString", "coordinates": [ [ -57.86875, -31.19792 ], [ -57.91042, -31.23958 ] ] } },
{ "type": "Feature", "properties": { "nombre": "Cda. Del Cortado", "DIS_AV_CMS": 7.711 }, "geometry": { "type": "LineString", "coordinates": [ [ -57.23125, -30.52292 ], [ -57.25625, -30.48958 ] ] } },
{ "type": "Feature", "properties": { "nombre": "Cda. Del Curupí", "DIS_AV_CMS": 543.724 }, "geometry": { "type": "LineString", "coordinates": [ [ -56.58125, -32.80625 ], [ -56.63958, -32.86042 ] ] } },
{ "type": "Feature", "properties": { "nombre": "Cda. Del Delfín", "DIS_AV_CMS": 5.807 }, "geometry": { "type": "LineString", "coordinates": [ [ -55.33542, -34.18125 ], [ -55.41458, -34.23125 ] ] } },
{ "type": "Feature", "properties": { "nombre": "Cda. Del Estaqueadero", "DIS_AV_CMS": 16.681 }, "geometry": { "type": "LineString", "coordinates": [ [ -56.88125, -30.37708 ], [ -56.88958, -30.36875 ] ] } },
{ "type": "Feature", "properties": { "nombre": "Cda. Del Estero", "DIS_AV_CMS": 3.415 }, "geometry": { "type": "LineString", "coordinates": [ [ -56.57708, -34.41458 ], [ -56.58542, -34.47292 ] ] } },
{ "type": "Feature", "properties": { "nombre": "Cda. Del Fondo", "DIS_AV_CMS": 18.516 }, "geometry": { "type": "LineString", "coordinates": [ [ -57.85625, -31.19792 ], [ -57.86875, -31.19792 ] ] } },
{ "type": "Feature", "properties": { "nombre": "Cda. Del Guaviyú", "DIS_AV_CMS": 58.438 }, "geometry": { "type": "LineString", "coordinates": [ [ -57.14792, -32.16875 ], [ -57.18958, -32.16042 ] ] } },
{ "type": "Feature", "properties": { "nombre": "Cda. Del Herrero", "DIS_AV_CMS": 5894.126 }, "geometry": { "type": "LineString", "coordinates": [ [ -57.87708, -31.09375 ], [ -57.89792, -31.12292 ] ] } },
{ "type": "Feature", "properties": { "nombre": "Cda. Del Horno", "DIS_AV_CMS": 37.301 }, "geometry": { "type": "MultiLineString", "coordinates": [ [ [ -58.13542, -33.60625 ], [ -58.15469, -33.59948 ], [ -58.15625, -33.57708 ] ], [ [ -57.20208, -32.26042 ], [ -57.21875, -32.25625 ] ], [ [ -56.85625, -31.04375 ], [ -56.86875, -31.04792 ] ], [ [ -56.84375, -32.73542 ], [ -56.83958, -32.76875 ] ] ] } },
{ "type": "Feature", "properties": { "nombre": "Cda. Del Juncal", "DIS_AV_CMS": 168.912 }, "geometry": { "type": "MultiLineString", "coordinates": [ [ [ -57.73125, -31.28542 ], [ -57.73958, -31.27708 ] ], [ [ -56.84375, -30.10208 ], [ -56.88958, -30.10208 ] ], [ [ -56.81042, -34.64375 ], [ -56.82708, -34.66875 ] ] ] } },
{ "type": "Feature", "properties": { "nombre": "Cda. Del Juncal I", "DIS_AV_CMS": 8.804 }, "geometry": { "type": "LineString", "coordinates": [ [ -55.31458, -31.43542 ], [ -55.33542, -31.45625 ] ] } },
{ "type": "Feature", "properties": { "nombre": "Cda. Del Lagarto", "DIS_AV_CMS": 19.969 }, "geometry": { "type": "LineString", "coordinates": [ [ -57.16042, -32.06875 ], [ -57.16875, -32.07292 ] ] } },
{ "type": "Feature", "properties": { "nombre": "Cda. Del León", "DIS_AV_CMS": 17.917 }, "geometry": { "type": "LineString", "coordinates": [ [ -56.97292, -31.26875 ], [ -56.98958, -31.26458 ] ] } },
{ "type": "Feature", "properties": { "nombre": "Cda. Del Llorón", "DIS_AV_CMS": 57.778 }, "geometry": { "type": "LineString", "coordinates": [ [ -56.66458, -34.43542 ], [ -56.66875, -34.44375 ] ] } },
{ "type": "Feature", "properties": { "nombre": "Cda. Del Manantial", "DIS_AV_CMS": 5.497 }, "geometry": { "type": "LineString", "coordinates": [ [ -57.82292, -34.07708 ], [ -57.87292, -34.14375 ] ] } },
{ "type": "Feature", "properties": { "nombre": "Cda. Del Mayor", "DIS_AV_CMS": 15.205 }, "geometry": { "type": "LineString", "coordinates": [ [ -57.07708, -31.06875 ], [ -57.09375, -31.05625 ] ] } },
{ "type": "Feature", "properties": { "nombre": "Cda. Del Medio", "DIS_AV_CMS": 244.327 }, "geometry": { "type": "MultiLineString", "coordinates": [ [ [ -57.86458, -31.83125 ], [ -57.87292, -31.84375 ] ], [ [ -56.98958, -31.26458 ], [ -57.03542, -31.25625 ] ], [ [ -56.63958, -31.00625 ], [ -56.67708, -31.02292 ] ], [ [ -55.42708, -32.23125 ], [ -55.41875, -32.26458 ] ], [ [ -55.35625, -32.76042 ], [ -55.34766, -32.74922 ], [ -55.31719, -32.75469 ], [ -55.31458, -32.72708 ] ], [ [ -54.51042, -33.56042 ], [ -54.47188, -33.56875 ], [ -54.41042, -33.54792 ] ] ] } },
{ "type": "Feature", "properties": { "nombre": "Cda. Del Mostardero", "DIS_AV_CMS": 14.265 }, "geometry": { "type": "LineString", "coordinates": [ [ -56.51458, -32.11042 ], [ -56.55625, -32.14375 ] ] } },
{ "type": "Feature", "properties": { "nombre": "Cda. Del Mudador", "DIS_AV_CMS": 32.647 }, "geometry": { "type": "LineString", "coordinates": [ [ -55.26042, -31.93542 ], [ -55.26458, -31.94375 ] ] } },
{ "type": "Feature", "properties": { "nombre": "Cda. Del Ombú", "DIS_AV_CMS": 2.81 }, "geometry": { "type": "LineString", "coordinates": [ [ -56.55208, -30.78958 ], [ -56.56042, -30.78542 ] ] } },
{ "type": "Feature", "properties": { "nombre": "Cda. Del Pajal", "DIS_AV_CMS": 1.825 }, "geometry": { "type": "LineString", "coordinates": [ [ -57.69375, -32.83125 ], [ -57.71042, -32.86042 ] ] } },
{ "type": "Feature", "properties": { "nombre": "Cda. Del Palomar", "DIS_AV_CMS": 4.06 }, "geometry": { "type": "LineString", "coordinates": [ [ -54.48542, -33.69375 ], [ -54.45208, -33.69792 ], [ -54.41458, -33.66458 ] ] } },
{ "type": "Feature", "properties": { "nombre": "Cda. Del Pantano", "DIS_AV_CMS": 52.668 }, "geometry": { "type": "LineString", "coordinates": [ [ -57.01042, -32.20208 ], [ -57.02708, -32.19792 ] ] } },
{ "type": "Feature", "properties": { "nombre": "Cda. Del Paso Hondo", "DIS_AV_CMS": 13.442 }, "geometry": { "type": "LineString", "coordinates": [ [ -54.23125, -32.44375 ], [ -54.19792, -32.44792 ] ] } },
{ "type": "Feature", "properties": { "nombre": "Cda. Del Patito", "DIS_AV_CMS": 6.448 }, "geometry": { "type": "LineString", "coordinates": [ [ -54.10208, -32.82292 ], [ -54.03698, -32.85156 ], [ -54.01042, -32.84792 ] ] } },
{ "type": "Feature", "properties": { "nombre": "Cda. Del Pedregal", "DIS_AV_CMS": 5.106 }, "geometry": { "type": "MultiLineString", "coordinates": [ [ [ -57.83542, -33.71458 ], [ -57.87292, -33.70625 ] ], [ [ -56.65625, -30.55625 ], [ -56.68542, -30.53958 ] ] ] } },
{ "type": "Feature", "properties": { "nombre": "Cda. Del Portugués", "DIS_AV_CMS": 29.139 }, "geometry": { "type": "LineString", "coordinates": [ [ -54.90208, -34.88542 ], [ -54.86875, -34.91042 ] ] } },
{ "type": "Feature", "properties": { "nombre": "Cda. Del Potrero", "DIS_AV_CMS": 183.47 }, "geometry": { "type": "MultiLineString", "coordinates": [ [ [ -57.89792, -31.84375 ], [ -57.91042, -31.86042 ] ], [ [ -56.63958, -32.72292 ], [ -56.63958, -32.73125 ] ], [ [ -56.43958, -34.53542 ], [ -56.47292, -34.57708 ] ], [ [ -55.33125, -32.69792 ], [ -55.33125, -32.68125 ] ] ] } },
{ "type": "Feature", "properties": { "nombre": "Cda. Del Pozo Hondo", "DIS_AV_CMS": 28.61 }, "geometry": { "type": "LineString", "coordinates": [ [ -57.09375, -30.28958 ], [ -57.13958, -30.28125 ] ] } },
{ "type": "Feature", "properties": { "nombre": "Cda. Del Puente", "DIS_AV_CMS": 20.476 }, "geometry": { "type": "LineString", "coordinates": [ [ -57.28958, -33.44792 ], [ -57.29844, -33.41823 ], [ -57.35625, -33.37292 ] ] } },
{ "type": "Feature", "properties": { "nombre": "Cda. Del Puente Blanco", "DIS_AV_CMS": 58.562 }, "geometry": { "type": "LineString", "coordinates": [ [ -57.83125, -31.47292 ], [ -57.85365, -31.45208 ], [ -57.86875, -31.45625 ] ] } },
{ "type": "Feature", "properties": { "nombre": "Cda. Del Puesto", "DIS_AV_CMS": 13.019 }, "geometry": { "type": "MultiLineString", "coordinates": [ [ [ -57.83125, -31.22708 ], [ -57.85625, -31.19792 ] ], [ [ -56.78125, -31.37292 ], [ -56.78542, -31.36458 ] ] ] } },
{ "type": "Feature", "properties": { "nombre": "Cda. Del Rincón", "DIS_AV_CMS": 3.227 }, "geometry": { "type": "LineString", "coordinates": [ [ -57.90625, -31.67708 ], [ -57.93958, -31.66042 ] ] } },
{ "type": "Feature", "properties": { "nombre": "Cda. Del Rodeo", "DIS_AV_CMS": 24.711 }, "geometry": { "type": "MultiLineString", "coordinates": [ [ [ -57.00625, -30.34375 ], [ -57.01458, -30.32708 ] ], [ [ -56.81875, -34.41458 ], [ -56.84375, -34.45208 ] ] ] } },
{ "type": "Feature", "properties": { "nombre": "Cda. Del Salteño", "DIS_AV_CMS": 949.647 }, "geometry": { "type": "LineString", "coordinates": [ [ -58.24792, -33.35625 ], [ -58.28958, -33.38125 ] ] } },
{ "type": "Feature", "properties": { "nombre": "Cda. Del Sarandí", "DIS_AV_CMS": 123.893 }, "geometry": { "type": "MultiLineString", "coordinates": [ [ [ -57.13958, -30.46875 ], [ -57.13958, -30.46042 ] ], [ [ -56.80208, -31.14375 ], [ -56.80625, -31.14375 ] ], [ [ -56.49375, -31.14375 ], [ -56.51484, -31.12839 ], [ -56.52266, -31.13828 ], [ -56.56042, -31.12292 ] ], [ [ -54.71875, -32.35208 ], [ -54.75208, -32.33958 ] ], [ [ -54.58958, -32.44792 ], [ -54.60208, -32.44375 ] ], [ [ -54.45208, -33.78958 ], [ -54.45625, -33.76042 ], [ -54.43125, -33.73958 ] ], [ [ -54.13958, -33.69792 ], [ -54.09792, -33.67292 ] ], [ [ -54.04375, -32.42708 ], [ -54.04792, -32.44375 ] ] ] } },
{ "type": "Feature", "properties": { "nombre": "Cda. Del Sauce", "DIS_AV_CMS": 585.813 }, "geometry": { "type": "MultiLineString", "coordinates": [ [ [ -57.96042, -33.23125 ], [ -57.96875, -33.22708 ] ], [ [ -57.83542, -33.81042 ], [ -57.84792, -33.81458 ] ], [ [ -57.74792, -31.56458 ], [ -57.75208, -31.53125 ] ], [ [ -57.69375, -33.36458 ], [ -57.71458, -33.34792 ] ], [ [ -57.64375, -33.88125 ], [ -57.67708, -33.87708 ] ], [ [ -57.65208, -30.95208 ], [ -57.66458, -30.95208 ] ], [ [ -57.52708, -32.12708 ], [ -57.57708, -32.15208 ] ], [ [ -57.30625, -32.25208 ], [ -57.31875, -32.24375 ] ], [ [ -57.05208, -31.29792 ], [ -57.07708, -31.28125 ] ], [ [ -57.06042, -30.92708 ], [ -57.07292, -30.92292 ] ], [ [ -56.95625, -32.95625 ], [ -56.93906, -32.98047 ], [ -56.97318, -32.96901 ], [ -57.0, -32.97604 ], [ -56.96771, -32.99479 ], [ -56.96458, -33.02292 ] ], [ [ -56.93542, -31.16875 ], [ -56.96042, -31.16042 ] ], [ [ -56.92708, -33.99792 ], [ -56.9013, -33.98776 ], [ -56.85469, -34.00625 ], [ -56.83542, -33.99792 ] ], [ [ -56.86458, -31.43542 ], [ -56.88958, -31.41953 ], [ -56.91042, -31.42292 ] ], [ [ -56.88958, -33.81458 ], [ -56.90208, -33.85208 ] ], [ [ -56.83958, -32.77708 ], [ -56.81458, -32.81458 ] ], [ [ -56.77708, -33.26458 ], [ -56.79115, -33.26615 ], [ -56.79531, -33.28125 ], [ -56.81042, -33.26615 ], [ -56.83542, -33.26458 ] ], [ [ -56.78958, -33.93958 ], [ -56.81042, -33.95625 ] ], [ [ -56.58542, -34.47292 ], [ -56.58542, -34.49792 ] ], [ [ -56.39375, -31.32708 ], [ -56.41458, -31.32292 ] ], [ [ -56.23542, -32.86458 ], [ -56.25625, -32.84375 ] ], [ [ -55.68542, -32.45625 ], [ -55.66094, -32.46823 ], [ -55.65208, -32.48958 ] ], [ [ -55.41458, -32.47292 ], [ -55.42292, -32.46458 ] ], [ [ -55.18125, -31.88958 ], [ -55.19427, -31.88125 ], [ -55.21458, -31.88958 ], [ -55.20625, -31.83542 ] ], [ [ -54.98125, -32.12708 ], [ -54.98542, -32.14792 ] ], [ [ -54.78125, -32.76042 ], [ -54.79401, -32.7401 ], [ -54.86875, -32.70208 ] ], [ [ -54.82292, -31.83542 ], [ -54.84792, -31.83542 ] ], [ [ -54.59792, -31.64792 ], [ -54.60625, -31.65781 ], [ -54.59792, -31.67708 ], [ -54.56875, -31.71042 ] ], [ [ -54.33542, -32.49375 ], [ -54.30208, -32.44792 ] ], [ [ -53.98542, -32.00625 ], [ -53.97292, -32.01875 ] ], [ [ -53.92292, -34.26458 ], [ -53.89792, -34.28542 ] ] ] } },
{ "type": "Feature", "properties": { "nombre": "Cda. Del Sauce De Amaro", "DIS_AV_CMS": 6.346 }, "geometry": { "type": "LineString", "coordinates": [ [ -55.61458, -32.41458 ], [ -55.62708, -32.46458 ] ] } },
{ "type": "Feature", "properties": { "nombre": "Cda. Del Sauce I", "DIS_AV_CMS": 6.966 }, "geometry": { "type": "LineString", "coordinates": [ [ -57.48125, -32.06458 ], [ -57.49375, -32.07708 ] ] } },
{ "type": "Feature", "properties": { "nombre": "Cda. Del Sauce II", "DIS_AV_CMS": 101.389 }, "geometry": { "type": "MultiLineString", "coordinates": [ [ [ -56.12708, -31.81458 ], [ -56.11042, -31.81458 ] ], [ [ -54.89375, -32.34375 ], [ -54.91146, -32.37396 ], [ -54.92292, -32.37292 ] ] ] } },
{ "type": "Feature", "properties": { "nombre": "Cda. Del Sauce III", "DIS_AV_CMS": 8.115 }, "geometry": { "type": "LineString", "coordinates": [ [ -57.52292, -32.10208 ], [ -57.52708, -32.12708 ] ] } },
{ "type": "Feature", "properties": { "nombre": "Cda. Del Sauce Solo", "DIS_AV_CMS": 8.183 }, "geometry": { "type": "LineString", "coordinates": [ [ -57.25625, -30.48958 ], [ -57.26042, -30.48542 ] ] } },
{ "type": "Feature", "properties": { "nombre": "Cda. Del Saucecito", "DIS_AV_CMS": 44.443 }, "geometry": { "type": "LineString", "coordinates": [ [ -57.19792, -30.33542 ], [ -57.18958, -30.31458 ] ] } },
{ "type": "Feature", "properties": { "nombre": "Cda. Del Sauzal", "DIS_AV_CMS": 25.697 }, "geometry": { "type": "MultiLineString", "coordinates": [ [ [ -57.01875, -30.60625 ], [ -57.05208, -30.53958 ] ], [ [ -57.01458, -30.32708 ], [ -57.04792, -30.31042 ] ], [ [ -56.63958, -32.74792 ], [ -56.64115, -32.77031 ], [ -56.67292, -32.78542 ] ] ] } },
{ "type": "Feature", "properties": { "nombre": "Cda. Del Tajamar", "DIS_AV_CMS": 6.754 }, "geometry": { "type": "LineString", "coordinates": [ [ -57.40625, -32.66042 ], [ -57.43542, -32.66875 ] ] } },
{ "type": "Feature", "properties": { "nombre": "Cda. Del Tala", "DIS_AV_CMS": 16.169 }, "geometry": { "type": "MultiLineString", "coordinates": [ [ [ -57.81458, -34.20625 ], [ -57.83958, -34.19375 ] ], [ [ -57.01458, -31.37292 ], [ -57.02708, -31.34375 ] ], [ [ -56.89375, -31.96875 ], [ -56.91042, -31.97708 ] ], [ [ -56.80208, -30.76875 ], [ -56.81458, -30.74792 ] ], [ [ -56.36458, -31.32708 ], [ -56.38281, -31.33542 ], [ -56.39375, -31.32708 ] ], [ [ -56.35208, -31.19375 ], [ -56.36042, -31.18125 ] ] ] } },
{ "type": "Feature", "properties": { "nombre": "Cda. Del Talita", "DIS_AV_CMS": 44.456 }, "geometry": { "type": "MultiLineString", "coordinates": [ [ [ -57.22292, -32.23958 ], [ -57.23958, -32.21458 ] ], [ [ -53.80208, -33.17708 ], [ -53.78125, -33.19792 ] ] ] } },
{ "type": "Feature", "properties": { "nombre": "Cda. Del Tigre", "DIS_AV_CMS": 243.582 }, "geometry": { "type": "MultiLineString", "coordinates": [ [ [ -55.66042, -34.22292 ], [ -55.68125, -34.21458 ] ], [ [ -55.46042, -32.19375 ], [ -55.43958, -32.21875 ] ] ] } },
{ "type": "Feature", "properties": { "nombre": "Cda. Del Totoral", "DIS_AV_CMS": 11.73 }, "geometry": { "type": "LineString", "coordinates": [ [ -57.13542, -31.78542 ], [ -57.16875, -31.77292 ] ] } },
{ "type": "Feature", "properties": { "nombre": "Cda. Del Totoral II", "DIS_AV_CMS": 2.587 }, "geometry": { "type": "LineString", "coordinates": [ [ -57.63125, -33.75625 ], [ -57.69375, -33.79792 ] ] } },
{ "type": "Feature", "properties": { "nombre": "Cda. Del Ubajay", "DIS_AV_CMS": 2.485 }, "geometry": { "type": "LineString", "coordinates": [ [ -57.87708, -31.29375 ], [ -57.88958, -31.28125 ] ] } },
{ "type": "Feature", "properties": { "nombre": "Cda. Del Valdenegro", "DIS_AV_CMS": 5.495 }, "geometry": { "type": "LineString", "coordinates": [ [ -55.93542, -34.62292 ], [ -55.93542, -34.62708 ] ] } },
{ "type": "Feature", "properties": { "nombre": "Cda. Del Valiente", "DIS_AV_CMS": 14.914 }, "geometry": { "type": "LineString", "coordinates": [ [ -57.06042, -31.06458 ], [ -57.07708, -31.06875 ] ] } },
{ "type": "Feature", "properties": { "nombre": "Cda. Del Viejo Eusebio", "DIS_AV_CMS": 5.77 }, "geometry": { "type": "LineString", "coordinates": [ [ -56.85625, -31.94792 ], [ -56.89375, -31.96875 ] ] } },
{ "type": "Feature", "properties": { "nombre": "Cda. Del Vizcaíno", "DIS_AV_CMS": 6065.496 }, "geometry": { "type": "MultiLineString", "coordinates": [ [ [ -58.00625, -31.67708 ], [ -58.02292, -31.71042 ] ], [ [ -56.94792, -32.54792 ], [ -56.96875, -32.57708 ] ] ] } },
{ "type": "Feature", "properties": { "nombre": "Cda. Del Yacaré", "DIS_AV_CMS": 171.835 }, "geometry": { "type": "MultiLineString", "coordinates": [ [ [ -57.62292, -30.51042 ], [ -57.64375, -30.48542 ] ], [ [ -57.44792, -30.54375 ], [ -57.48125, -30.48958 ] ], [ [ -57.38125, -31.06458 ], [ -57.41458, -31.04792 ] ] ] } },
{ "type": "Feature", "properties": { "nombre": "Cda. Del Zanjón", "DIS_AV_CMS": 2.165 }, "geometry": { "type": "LineString", "coordinates": [ [ -53.77292, -33.84375 ], [ -53.72708, -33.83125 ] ] } },
{ "type": "Feature", "properties": { "nombre": "Cda. Del Árbol", "DIS_AV_CMS": 3.15 }, "geometry": { "type": "LineString", "coordinates": [ [ -57.93542, -32.31458 ], [ -57.97292, -32.30625 ] ] } },
{ "type": "Feature", "properties": { "nombre": "Cda. Del Ñandubay", "DIS_AV_CMS": 209.315 }, "geometry": { "type": "LineString", "coordinates": [ [ -57.14792, -30.22292 ], [ -57.17292, -30.26458 ] ] } },
{ "type": "Feature", "properties": { "nombre": "Cda. Divisa", "DIS_AV_CMS": 8.334 }, "geometry": { "type": "LineString", "coordinates": [ [ -57.68125, -31.47292 ], [ -57.69375, -31.47708 ] ] } },
{ "type": "Feature", "properties": { "nombre": "Cda. Divisoria", "DIS_AV_CMS": 8.207 }, "geometry": { "type": "MultiLineString", "coordinates": [ [ [ -57.63958, -31.34375 ], [ -57.68125, -31.31042 ] ], [ [ -55.21875, -34.78542 ], [ -55.18542, -34.81042 ] ] ] } },
{ "type": "Feature", "properties": { "nombre": "Cda. Dotta", "DIS_AV_CMS": 4.525 }, "geometry": { "type": "LineString", "coordinates": [ [ -57.48542, -34.40208 ], [ -57.47708, -34.41042 ] ] } },
{ "type": "Feature", "properties": { "nombre": "Cda. Dutra", "DIS_AV_CMS": 2.752 }, "geometry": { "type": "LineString", "coordinates": [ [ -53.77292, -32.35208 ], [ -53.71458, -32.36042 ] ] } },
{ "type": "Feature", "properties": { "nombre": "Cda. El Pajonal", "DIS_AV_CMS": 8.878 }, "geometry": { "type": "LineString", "coordinates": [ [ -54.68542, -34.71458 ], [ -54.68958, -34.74375 ] ] } },
{ "type": "Feature", "properties": { "nombre": "Cda. Fangosa", "DIS_AV_CMS": 10.57 }, "geometry": { "type": "LineString", "coordinates": [ [ -56.54375, -32.45625 ], [ -56.55208, -32.47292 ] ] } },
{ "type": "Feature", "properties": { "nombre": "Cda. Furtado", "DIS_AV_CMS": 13.091 }, "geometry": { "type": "LineString", "coordinates": [ [ -55.91875, -32.23958 ], [ -55.90208, -32.24375 ], [ -55.87292, -32.29375 ] ] } },
{ "type": "Feature", "properties": { "nombre": "Cda. Gemino", "DIS_AV_CMS": 5.211 }, "geometry": { "type": "LineString", "coordinates": [ [ -56.25625, -34.45625 ], [ -56.26042, -34.45625 ] ] } },
{ "type": "Feature", "properties": { "nombre": "Cda. Grande", "DIS_AV_CMS": 276.051 }, "geometry": { "type": "MultiLineString", "coordinates": [ [ [ -57.73958, -31.18125 ], [ -57.76042, -31.17708 ] ], [ [ -57.18958, -32.47708 ], [ -57.19792, -32.51719 ], [ -57.17292, -32.54792 ] ], [ [ -56.41458, -31.32292 ], [ -56.42708, -31.33125 ] ], [ [ -56.01042, -31.94375 ], [ -55.97552, -31.93542 ], [ -55.96458, -31.94375 ] ], [ [ -55.48125, -32.39792 ], [ -55.47708, -32.41458 ] ], [ [ -55.24792, -33.66875 ], [ -55.20208, -33.68125 ] ], [ [ -54.80625, -32.46458 ], [ -54.86875, -32.44792 ] ], [ [ -54.43542, -33.61875 ], [ -54.37708, -33.61042 ] ], [ [ -54.06458, -33.44375 ], [ -54.04948, -33.41615 ], [ -54.02708, -33.40625 ] ], [ [ -53.89792, -32.96042 ], [ -53.85208, -33.0125 ], [ -53.86458, -33.03125 ], [ -53.88125, -33.01875 ] ], [ [ -53.46458, -32.63542 ], [ -53.40625, -32.67292 ], [ -53.36875, -32.71458 ] ] ] } },
{ "type": "Feature", "properties": { "nombre": "Cda. Grande I", "DIS_AV_CMS": 1.575 }, "geometry": { "type": "LineString", "coordinates": [ [ -54.40208, -32.03958 ], [ -54.41458, -32.02708 ] ] } },
{ "type": "Feature", "properties": { "nombre": "Cda. Gruta Del Guaviyú", "DIS_AV_CMS": 4.133 }, "geometry": { "type": "LineString", "coordinates": [ [ -56.41458, -31.00625 ], [ -56.44792, -31.06458 ] ] } },
{ "type": "Feature", "properties": { "nombre": "Cda. Guardia Vieja", "DIS_AV_CMS": 17.886 }, "geometry": { "type": "LineString", "coordinates": [ [ -57.27708, -34.28125 ], [ -57.28958, -34.29375 ] ] } },
{ "type": "Feature", "properties": { "nombre": "Cda. Hermosa", "DIS_AV_CMS": 6.043 }, "geometry": { "type": "LineString", "coordinates": [ [ -58.26458, -33.91458 ], [ -58.26875, -33.91875 ] ] } },
{ "type": "Feature", "properties": { "nombre": "Cda. Honda", "DIS_AV_CMS": 13.956 }, "geometry": { "type": "MultiLineString", "coordinates": [ [ [ -57.89375, -33.79375 ], [ -57.90208, -33.78125 ] ], [ [ -57.73958, -31.27708 ], [ -57.75208, -31.26458 ] ], [ [ -56.61042, -31.76875 ], [ -56.61875, -31.75625 ] ], [ [ -56.11042, -33.35208 ], [ -56.12292, -33.35208 ] ] ] } },
{ "type": "Feature", "properties": { "nombre": "Cda. Honda II", "DIS_AV_CMS": 3.425 }, "geometry": { "type": "LineString", "coordinates": [ [ -56.47708, -31.51042 ], [ -56.48542, -31.51042 ] ] } },
{ "type": "Feature", "properties": { "nombre": "Cda. Illescas", "DIS_AV_CMS": 3.47 }, "geometry": { "type": "LineString", "coordinates": [ [ -56.63542, -31.95208 ], [ -56.63958, -31.96875 ] ] } },
{ "type": "Feature", "properties": { "nombre": "Cda. Invernada", "DIS_AV_CMS": 10.686 }, "geometry": { "type": "LineString", "coordinates": [ [ -57.12708, -32.66042 ], [ -57.13542, -32.67292 ] ] } },
{ "type": "Feature", "properties": { "nombre": "Cda. Isla De Las Cañas", "DIS_AV_CMS": 2.624 }, "geometry": { "type": "LineString", "coordinates": [ [ -54.28542, -33.65208 ], [ -54.2625, -33.63568 ], [ -54.23125, -33.64375 ] ] } },
{ "type": "Feature", "properties": { "nombre": "Cda. Isletas", "DIS_AV_CMS": 5873.799 }, "geometry": { "type": "LineString", "coordinates": [ [ -57.88125, -30.94792 ], [ -57.88125, -31.00625 ] ] } },
{ "type": "Feature", "properties": { "nombre": "Cda. Ita", "DIS_AV_CMS": 2.141 }, "geometry": { "type": "LineString", "coordinates": [ [ -56.70625, -33.91042 ], [ -56.74375, -33.91458 ] ] } },
{ "type": "Feature", "properties": { "nombre": "Cda. Juncal", "DIS_AV_CMS": 4.166 }, "geometry": { "type": "MultiLineString", "coordinates": [ [ [ -56.01042, -33.08958 ], [ -56.02708, -33.08542 ] ], [ [ -54.19792, -33.62708 ], [ -54.15208, -33.61797 ], [ -54.12292, -33.59375 ] ] ] } },
{ "type": "Feature", "properties": { "nombre": "Cda. La Centinela", "DIS_AV_CMS": 5.925 }, "geometry": { "type": "LineString", "coordinates": [ [ -54.48542, -34.21458 ], [ -54.48542, -34.19792 ] ] } },
{ "type": "Feature", "properties": { "nombre": "Cda. La Lana", "DIS_AV_CMS": 82.957 }, "geometry": { "type": "LineString", "coordinates": [ [ -56.15625, -34.36458 ], [ -56.15625, -34.38542 ] ] } },
{ "type": "Feature", "properties": { "nombre": "Cda. La Palma", "DIS_AV_CMS": 64.435 }, "geometry": { "type": "LineString", "coordinates": [ [ -53.78958, -32.76042 ], [ -53.76042, -32.76458 ] ] } },
{ "type": "Feature", "properties": { "nombre": "Cda. La Totora", "DIS_AV_CMS": 2.003 }, "geometry": { "type": "LineString", "coordinates": [ [ -57.88125, -34.31875 ], [ -57.89792, -34.32708 ] ] } },
{ "type": "Feature", "properties": { "nombre": "Cda. Laureles", "DIS_AV_CMS": 5.282 }, "geometry": { "type": "LineString", "coordinates": [ [ -56.47708, -32.32708 ], [ -56.48125, -32.33125 ] ] } },
{ "type": "Feature", "properties": { "nombre": "Cda. Liborio", "DIS_AV_CMS": 4.938 }, "geometry": { "type": "LineString", "coordinates": [ [ -55.38958, -33.48542 ], [ -55.40625, -33.48125 ] ] } },
{ "type": "Feature", "properties": { "nombre": "Cda. Lunarejo Chico", "DIS_AV_CMS": 3.251 }, "geometry": { "type": "LineString", "coordinates": [ [ -56.01042, -31.27708 ], [ -55.99792, -31.28958 ] ] } },
{ "type": "Feature", "properties": { "nombre": "Cda. Lázaro", "DIS_AV_CMS": 62.098 }, "geometry": { "type": "LineString", "coordinates": [ [ -55.96042, -34.27708 ], [ -56.00208, -34.27708 ] ] } },
{ "type": "Feature", "properties": { "nombre": "Cda. Machín", "DIS_AV_CMS": 93.675 }, "geometry": { "type": "LineString", "coordinates": [ [ -56.15625, -34.38542 ], [ -56.16042, -34.38958 ] ] } },
{ "type": "Feature", "properties": { "nombre": "Cda. Mala", "DIS_AV_CMS": 15.729 }, "geometry": { "type": "LineString", "coordinates": [ [ -57.86458, -34.21875 ], [ -57.88125, -34.22292 ] ] } },
{ "type": "Feature", "properties": { "nombre": "Cda. Malacara", "DIS_AV_CMS": 22.279 }, "geometry": { "type": "LineString", "coordinates": [ [ -55.79375, -31.28125 ], [ -55.79792, -31.31458 ] ] } },
{ "type": "Feature", "properties": { "nombre": "Cda. Manantiales", "DIS_AV_CMS": 12.126 }, "geometry": { "type": "MultiLineString", "coordinates": [ [ [ -57.18542, -31.30625 ], [ -57.18125, -31.27708 ] ], [ [ -57.00625, -31.40625 ], [ -57.01458, -31.37292 ] ], [ [ -56.79375, -31.91458 ], [ -56.83542, -31.92708 ] ], [ [ -55.63125, -32.99375 ], [ -55.63958, -32.96042 ] ] ] } },
{ "type": "Feature", "properties": { "nombre": "Cda. Manantiales I", "DIS_AV_CMS": 7.345 }, "geometry": { "type": "LineString", "coordinates": [ [ -57.59375, -30.84375 ], [ -57.63776, -30.80026 ], [ -57.66042, -30.79792 ] ] } },
{ "type": "Feature", "properties": { "nombre": "Cda. Mataojitos", "DIS_AV_CMS": 37.623 }, "geometry": { "type": "LineString", "coordinates": [ [ -54.59375, -33.23958 ], [ -54.57292, -33.25625 ] ] } },
{ "type": "Feature", "properties": { "nombre": "Cda. Mataojo", "DIS_AV_CMS": 2.263 }, "geometry": { "type": "MultiLineString", "coordinates": [ [ [ -57.57292, -31.97292 ], [ -57.58125, -31.97708 ] ], [ [ -56.99792, -30.67708 ], [ -56.99401, -30.65677 ], [ -57.01875, -30.60625 ] ] ] } },
{ "type": "Feature", "properties": { "nombre": "Cda. Matutina", "DIS_AV_CMS": 29.868 }, "geometry": { "type": "LineString", "coordinates": [ [ -56.81042, -31.47708 ], [ -56.82708, -31.46458 ] ] } },
{ "type": "Feature", "properties": { "nombre": "Cda. Mazangano", "DIS_AV_CMS": 586.738 }, "geometry": { "type": "LineString", "coordinates": [ [ -57.00208, -33.02292 ], [ -57.01042, -33.02292 ] ] } },
{ "type": "Feature", "properties": { "nombre": "Cda. Mendoza", "DIS_AV_CMS": 2.496 }, "geometry": { "type": "LineString", "coordinates": [ [ -55.72708, -33.95625 ], [ -55.76458, -33.96875 ] ] } },
{ "type": "Feature", "properties": { "nombre": "Cda. Mendozal", "DIS_AV_CMS": 2.603 }, "geometry": { "type": "LineString", "coordinates": [ [ -57.76458, -33.42708 ], [ -57.76458, -33.40625 ] ] } },
{ "type": "Feature", "properties": { "nombre": "Cda. Mimbre Solo", "DIS_AV_CMS": 8.608 }, "geometry": { "type": "LineString", "coordinates": [ [ -57.38542, -34.26875 ], [ -57.37708, -34.27292 ] ] } },
{ "type": "Feature", "properties": { "nombre": "Cda. Molles", "DIS_AV_CMS": 35.703 }, "geometry": { "type": "LineString", "coordinates": [ [ -57.01458, -31.33125 ], [ -57.02708, -31.34375 ] ] } },
{ "type": "Feature", "properties": { "nombre": "Cda. Ombucitos", "DIS_AV_CMS": 2.861 }, "geometry": { "type": "LineString", "coordinates": [ [ -53.97292, -32.01875 ], [ -53.95625, -32.03542 ] ] } },
{ "type": "Feature", "properties": { "nombre": "Cda. Pantanosa", "DIS_AV_CMS": 26.144 }, "geometry": { "type": "MultiLineString", "coordinates": [ [ [ -57.90208, -32.31458 ], [ -57.93542, -32.31458 ] ], [ [ -57.41458, -33.71875 ], [ -57.38958, -33.65313 ], [ -57.39375, -33.57708 ] ], [ [ -57.23125, -32.60625 ], [ -57.23542, -32.62292 ] ], [ [ -57.14375, -30.92708 ], [ -57.17292, -30.93958 ] ], [ [ -56.66042, -31.98958 ], [ -56.66875, -32.00208 ] ], [ [ -56.39375, -31.91458 ], [ -56.41875, -31.98125 ] ], [ [ -55.84792, -33.47708 ], [ -55.84792, -33.46042 ] ], [ [ -54.35625, -34.40208 ], [ -54.35625, -34.42708 ] ] ] } },
{ "type": "Feature", "properties": { "nombre": "Cda. Patricios", "DIS_AV_CMS": 31.822 }, "geometry": { "type": "LineString", "coordinates": [ [ -56.75208, -34.16875 ], [ -56.7487, -34.18151 ], [ -56.76458, -34.19375 ] ] } },
{ "type": "Feature", "properties": { "nombre": "Cda. Pelada", "DIS_AV_CMS": 2.042 }, "geometry": { "type": "LineString", "coordinates": [ [ -55.30625, -31.53542 ], [ -55.31458, -31.53125 ] ] } },
{ "type": "Feature", "properties": { "nombre": "Cda. Perro Viejo", "DIS_AV_CMS": 226.461 }, "geometry": { "type": "LineString", "coordinates": [ [ -57.62292, -30.95208 ], [ -57.65208, -30.95208 ] ] } },
{ "type": "Feature", "properties": { "nombre": "Cda. Piedras", "DIS_AV_CMS": 21.246 }, "geometry": { "type": "LineString", "coordinates": [ [ -57.23958, -32.07708 ], [ -57.26042, -32.07708 ] ] } },
{ "type": "Feature", "properties": { "nombre": "Cda. Piedras Blancas", "DIS_AV_CMS": 1.641 }, "geometry": { "type": "LineString", "coordinates": [ [ -57.95625, -33.96875 ], [ -57.99792, -33.96042 ] ] } },
{ "type": "Feature", "properties": { "nombre": "Cda. Piedras De Afilar", "DIS_AV_CMS": 1.386 }, "geometry": { "type": "LineString", "coordinates": [ [ -57.26042, -33.83958 ], [ -57.24792, -33.82292 ] ] } },
{ "type": "Feature", "properties": { "nombre": "Cda. Quebrachal", "DIS_AV_CMS": 2.892 }, "geometry": { "type": "LineString", "coordinates": [ [ -57.51042, -34.38958 ], [ -57.50208, -34.40208 ] ] } },
{ "type": "Feature", "properties": { "nombre": "Cda. Rodeo", "DIS_AV_CMS": 15.486 }, "geometry": { "type": "LineString", "coordinates": [ [ -57.85625, -34.21042 ], [ -57.86458, -34.21875 ] ] } },
{ "type": "Feature", "properties": { "nombre": "Cda. Salamanca", "DIS_AV_CMS": 31.382 }, "geometry": { "type": "LineString", "coordinates": [ [ -54.11458, -33.76875 ], [ -54.06354, -33.71354 ], [ -54.06042, -33.68125 ] ] } },
{ "type": "Feature", "properties": { "nombre": "Cda. San Gabriel", "DIS_AV_CMS": 1.968 }, "geometry": { "type": "LineString", "coordinates": [ [ -57.32708, -32.48958 ], [ -57.33854, -32.52188 ], [ -57.35885, -32.52552 ], [ -57.37135, -32.55469 ], [ -57.38958, -32.55625 ] ] } },
{ "type": "Feature", "properties": { "nombre": "Cda. Sarandí", "DIS_AV_CMS": 204.346 }, "geometry": { "type": "MultiLineString", "coordinates": [ [ [ -57.33958, -31.16875 ], [ -57.33542, -31.14792 ] ], [ [ -57.12292, -30.15625 ], [ -57.13542, -30.17292 ] ], [ [ -56.84792, -31.33125 ], [ -56.84792, -31.31875 ] ], [ [ -56.79792, -32.64375 ], [ -56.73125, -32.70625 ] ], [ [ -54.29792, -33.66458 ], [ -54.28542, -33.65208 ] ], [ [ -54.22292, -32.00625 ], [ -54.23958, -31.99375 ] ], [ [ -54.23125, -33.64375 ], [ -54.19792, -33.62708 ] ], [ [ -54.03125, -33.65625 ], [ -53.98125, -33.66875 ] ], [ [ -53.36875, -32.71458 ], [ -53.36745, -32.73932 ], [ -53.34792, -32.76042 ] ] ] } },
{ "type": "Feature", "properties": { "nombre": "Cda. Sauce", "DIS_AV_CMS": 10.654 }, "geometry": { "type": "MultiLineString", "coordinates": [ [ [ -57.67708, -31.58542 ], [ -57.68542, -31.57292 ] ], [ [ -56.93125, -31.03958 ], [ -56.95208, -31.03958 ] ] ] } },
{ "type": "Feature", "properties": { "nombre": "Cda. Sauce Solo", "DIS_AV_CMS": 1.242 }, "geometry": { "type": "LineString", "coordinates": [ [ -54.80208, -32.09792 ], [ -54.76875, -32.12292 ] ] } },
{ "type": "Feature", "properties": { "nombre": "Cda. Sifredí", "DIS_AV_CMS": 8.881 }, "geometry": { "type": "LineString", "coordinates": [ [ -57.71042, -32.53125 ], [ -57.74792, -32.53958 ] ] } },
{ "type": "Feature", "properties": { "nombre": "Cda. Sombrerito", "DIS_AV_CMS": 6094.254 }, "geometry": { "type": "LineString", "coordinates": [ [ -58.04375, -31.76042 ], [ -58.07708, -31.81042 ] ] } },
{ "type": "Feature", "properties": { "nombre": "Cda. Sotelo", "DIS_AV_CMS": 4.553 }, "geometry": { "type": "LineString", "coordinates": [ [ -56.22708, -34.55208 ], [ -56.23542, -34.54792 ] ] } },
{ "type": "Feature", "properties": { "nombre": "Cda. Tacurú Chico", "DIS_AV_CMS": 20.971 }, "geometry": { "type": "LineString", "coordinates": [ [ -55.22708, -32.25625 ], [ -55.23125, -32.26042 ] ] } },
{ "type": "Feature", "properties": { "nombre": "Cda. Tajamar", "DIS_AV_CMS": 8.065 }, "geometry": { "type": "LineString", "coordinates": [ [ -57.66875, -31.46042 ], [ -57.68125, -31.47292 ] ] } },
{ "type": "Feature", "properties": { "nombre": "Cda. Tala", "DIS_AV_CMS": 9.491 }, "geometry": { "type": "LineString", "coordinates": [ [ -55.64792, -32.76042 ], [ -55.65625, -32.75208 ] ] } },
{ "type": "Feature", "properties": { "nombre": "Cda. Talita", "DIS_AV_CMS": 19.672 }, "geometry": { "type": "LineString", "coordinates": [ [ -56.51458, -33.52708 ], [ -56.53125, -33.49375 ] ] } },
{ "type": "Feature", "properties": { "nombre": "Cda. Timboa", "DIS_AV_CMS": 10.683 }, "geometry": { "type": "LineString", "coordinates": [ [ -56.32292, -31.07292 ], [ -56.35625, -31.07708 ] ] } },
{ "type": "Feature", "properties": { "nombre": "Cda. Totora", "DIS_AV_CMS": 5.459 }, "geometry": { "type": "LineString", "coordinates": [ [ -57.62292, -34.08125 ], [ -57.65208, -34.10208 ] ] } },
{ "type": "Feature", "properties": { "nombre": "Cda. Tupambaé", "DIS_AV_CMS": 232.77 }, "geometry": { "type": "LineString", "coordinates": [ [ -57.73125, -30.95625 ], [ -57.79792, -30.93542 ] ] } },
{ "type": "Feature", "properties": { "nombre": "Cda. Uñas De Gato", "DIS_AV_CMS": 4.503 }, "geometry": { "type": "LineString", "coordinates": [ [ -53.70208, -33.08542 ], [ -53.6651, -33.1099 ], [ -53.66042, -33.13542 ] ] } },
{ "type": "Feature", "properties": { "nombre": "Cda. Yacaré", "DIS_AV_CMS": 4.021 }, "geometry": { "type": "LineString", "coordinates": [ [ -57.91875, -31.99792 ], [ -57.95208, -32.02292 ] ] } },
{ "type": "Feature", "properties": { "nombre": "Cda. Zanja Barrosa", "DIS_AV_CMS": 11.522 }, "geometry": { "type": "LineString", "coordinates": [ [ -54.75208, -34.16042 ], [ -54.75052, -34.14635 ], [ -54.72708, -34.13542 ] ] } },
{ "type": "Feature", "properties": { "nombre": "Cda. Zanja De La Carpincha", "DIS_AV_CMS": 2.827 }, "geometry": { "type": "LineString", "coordinates": [ [ -54.00625, -32.25208 ], [ -54.02708, -32.28542 ] ] } },
{ "type": "Feature", "properties": { "nombre": "Cda. Zanja De La Chacra", "DIS_AV_CMS": 2.259 }, "geometry": { "type": "LineString", "coordinates": [ [ -56.76875, -30.66458 ], [ -56.79792, -30.63542 ] ] } },
{ "type": "Feature", "properties": { "nombre": "Cda. Zanja De Las Tunas", "DIS_AV_CMS": 7.301 }, "geometry": { "type": "LineString", "coordinates": [ [ -57.09792, -30.93958 ], [ -57.16406, -30.95938 ], [ -57.19792, -30.95208 ] ] } },
{ "type": "Feature", "properties": { "nombre": "Cda. Zanja De Los Carpinchos", "DIS_AV_CMS": 5.337 }, "geometry": { "type": "LineString", "coordinates": [ [ -57.05208, -30.53958 ], [ -57.05208, -30.53542 ] ] } },
{ "type": "Feature", "properties": { "nombre": "Cda. Zanja De Los Juncos", "DIS_AV_CMS": 2.902 }, "geometry": { "type": "LineString", "coordinates": [ [ -57.39375, -30.83125 ], [ -57.40208, -30.83125 ] ] } },
{ "type": "Feature", "properties": { "nombre": "Cda. Zanja De Toledo", "DIS_AV_CMS": 35.009 }, "geometry": { "type": "LineString", "coordinates": [ [ -56.13958, -30.71458 ], [ -56.15208, -30.70625 ] ] } },
{ "type": "Feature", "properties": { "nombre": "Cda. Zanja Del Espinillar", "DIS_AV_CMS": 43.977 }, "geometry": { "type": "LineString", "coordinates": [ [ -57.18125, -30.39792 ], [ -57.19792, -30.33542 ] ] } },
{ "type": "Feature", "properties": { "nombre": "Cda. Zanja Del Juncal", "DIS_AV_CMS": 12.535 }, "geometry": { "type": "LineString", "coordinates": [ [ -57.18125, -31.27708 ], [ -57.18958, -31.24375 ] ] } },
{ "type": "Feature", "properties": { "nombre": "Cda. Zanja Del Ombú", "DIS_AV_CMS": 6.451 }, "geometry": { "type": "LineString", "coordinates": [ [ -57.07292, -30.92292 ], [ -57.09792, -30.93958 ] ] } },
{ "type": "Feature", "properties": { "nombre": "Cda. Zanja Del Quebracho", "DIS_AV_CMS": 35.394 }, "geometry": { "type": "LineString", "coordinates": [ [ -56.15208, -30.70625 ], [ -56.13958, -30.68542 ] ] } },
{ "type": "Feature", "properties": { "nombre": "Cda. Zanja Del Sauce", "DIS_AV_CMS": 5540.659 }, "geometry": { "type": "MultiLineString", "coordinates": [ [ [ -57.62292, -30.28958 ], [ -57.6362, -30.3401 ], [ -57.66875, -30.36042 ] ], [ [ -57.13958, -30.28125 ], [ -57.18125, -30.28542 ] ], [ [ -57.09792, -30.46458 ], [ -57.13958, -30.46042 ], [ -57.16458, -30.43958 ] ] ] } },
{ "type": "Feature", "properties": { "nombre": "Cda. Zanja Honda", "DIS_AV_CMS": 8.284 }, "geometry": { "type": "MultiLineString", "coordinates": [ [ [ -57.81042, -31.79792 ], [ -57.86042, -31.81875 ] ], [ [ -57.51875, -30.37708 ], [ -57.53125, -30.36458 ] ], [ [ -57.41875, -31.98542 ], [ -57.44792, -32.01042 ] ], [ [ -54.67708, -31.61458 ], [ -54.66458, -31.61875 ] ], [ [ -54.17292, -34.40208 ], [ -54.16042, -34.41458 ] ] ] } },
{ "type": "Feature", "properties": { "nombre": "Cda. Zapará", "DIS_AV_CMS": 12.747 }, "geometry": { "type": "LineString", "coordinates": [ [ -56.04375, -31.66875 ], [ -56.02708, -31.67708 ] ] } },
{ "type": "Feature", "properties": { "nombre": "Cda. Zárate", "DIS_AV_CMS": 56.846 }, "geometry": { "type": "LineString", "coordinates": [ [ -56.65625, -34.41875 ], [ -56.66458, -34.43542 ] ] } },
{ "type": "Feature", "properties": { "nombre": "Cda. Ñandubay", "DIS_AV_CMS": 33.475 }, "geometry": { "type": "MultiLineString", "coordinates": [ [ [ -57.81875, -33.56875 ], [ -57.84792, -33.58125 ] ], [ [ -55.26458, -31.94375 ], [ -55.33073, -31.98438 ], [ -55.35208, -31.98125 ] ] ] } },
{ "type": "Feature", "properties": { "nombre": "Gajo Del Coronilla", "DIS_AV_CMS": 2.628 }, "geometry": { "type": "LineString", "coordinates": [ [ -55.31458, -31.53125 ], [ -55.33958, -31.52292 ] ] } },
{ "type": "Feature", "properties": { "nombre": "Gajo Del De Las Cañas", "DIS_AV_CMS": 2.636 }, "geometry": { "type": "LineString", "coordinates": [ [ -56.00625, -31.38125 ], [ -55.99375, -31.38958 ] ] } },
{ "type": "Feature", "properties": { "nombre": "Gajo Del De Los Molles", "DIS_AV_CMS": 1.387 }, "geometry": { "type": "LineString", "coordinates": [ [ -56.83125, -32.99792 ], [ -56.85625, -32.97292 ] ] } },
{ "type": "Feature", "properties": { "nombre": "Gajo Del Tacuarembó Chico", "DIS_AV_CMS": 4.594 }, "geometry": { "type": "LineString", "coordinates": [ [ -56.26042, -31.63125 ], [ -56.23906, -31.62292 ], [ -56.16042, -31.63125 ] ] } },
{ "type": "Feature", "properties": { "nombre": "Gajo Norte Del San Luis", "DIS_AV_CMS": 2.902 }, "geometry": { "type": "LineString", "coordinates": [ [ -54.59375, -31.45208 ], [ -54.56042, -31.48125 ] ] } },
{ "type": "Feature", "properties": { "nombre": "Gajo Norte Del Tres Cruces", "DIS_AV_CMS": 2.906 }, "geometry": { "type": "LineString", "coordinates": [ [ -56.08958, -31.40625 ], [ -56.07135, -31.44531 ], [ -56.02708, -31.46875 ], [ -56.03125, -31.48958 ] ] } },
{ "type": "Feature", "properties": { "nombre": "Gajo Sur Del Tres Cruces", "DIS_AV_CMS": 2.04 }, "geometry": { "type": "LineString", "coordinates": [ [ -56.13125, -31.50208 ], [ -56.10208, -31.51458 ] ] } },
{ "type": "Feature", "properties": { "nombre": "Laguna De Castillos", "DIS_AV_CMS": 1.679 }, "geometry": { "type": "LineString", "coordinates": [ [ -53.99375, -34.26042 ], [ -53.92292, -34.26458 ] ] } },
{ "type": "Feature", "properties": { "nombre": "Laguna Del Sauce", "DIS_AV_CMS": 11.504 }, "geometry": { "type": "MultiLineString", "coordinates": [ [ [ -55.11458, -34.83958 ], [ -55.07708, -34.85625 ] ], [ [ -55.08958, -34.73542 ], [ -55.05703, -34.78438 ], [ -55.05625, -34.84635 ], [ -55.07708, -34.86042 ] ] ] } },
{ "type": "Feature", "properties": { "nombre": "Laguna Negra", "DIS_AV_CMS": 4.078 }, "geometry": { "type": "LineString", "coordinates": [ [ -53.73542, -34.14375 ], [ -53.70104, -34.11276 ], [ -53.69375, -33.93958 ] ] } },
{ "type": "Feature", "properties": { "nombre": "Riacho Román", "DIS_AV_CMS": 1.592 }, "geometry": { "type": "LineString", "coordinates": [ [ -58.08958, -32.84375 ], [ -58.11875, -32.82708 ] ] } },
{ "type": "Feature", "properties": { "nombre": "Rincón Bravo", "DIS_AV_CMS": 2.233 }, "geometry": { "type": "LineString", "coordinates": [ [ -53.69375, -33.66458 ], [ -53.69375, -33.65625 ] ] } },
{ "type": "Feature", "properties": { "nombre": "Río Arapey Chico", "DIS_AV_CMS": 223.052 }, "geometry": { "type": "MultiLineString", "coordinates": [ [ [ -57.50625, -30.95625 ], [ -57.51458, -30.94792 ] ], [ [ -57.30208, -30.93542 ], [ -57.35625, -30.93125 ], [ -57.35208, -30.91458 ] ], [ [ -57.26458, -30.96042 ], [ -57.27292, -30.95625 ] ], [ [ -57.12708, -31.03958 ], [ -57.16927, -31.0263 ], [ -57.17708, -31.01042 ] ], [ [ -56.95208, -31.03958 ], [ -56.98125, -31.03958 ] ], [ [ -56.86875, -31.04792 ], [ -56.89583, -31.03568 ], [ -56.93125, -31.03958 ] ], [ [ -56.73542, -31.04792 ], [ -56.85625, -31.04375 ] ], [ [ -56.67708, -31.02292 ], [ -56.68542, -31.03125 ] ] ] } },
{ "type": "Feature", "properties": { "nombre": "Río Arapey Grande", "DIS_AV_CMS": 227.729 }, "geometry": { "type": "MultiLineString", "coordinates": [ [ [ -57.66458, -30.95208 ], [ -57.68958, -30.96875 ] ], [ [ -57.56875, -30.93958 ], [ -57.59557, -30.96406 ], [ -57.62292, -30.95208 ] ], [ [ -57.51458, -30.94792 ], [ -57.56042, -30.93542 ] ], [ [ -57.50625, -31.01042 ], [ -57.50208, -30.99792 ], [ -57.52708, -30.98542 ], [ -57.50625, -30.95625 ] ], [ [ -57.42292, -31.01042 ], [ -57.43958, -31.00208 ] ], [ [ -57.31458, -31.11458 ], [ -57.32292, -31.08542 ], [ -57.34792, -31.06458 ], [ -57.37031, -31.07292 ], [ -57.38125, -31.06458 ] ], [ [ -57.31875, -31.13542 ], [ -57.31458, -31.11458 ] ], [ [ -57.24792, -31.15625 ], [ -57.26042, -31.16042 ], [ -57.30208, -31.11458 ], [ -57.31458, -31.11458 ] ], [ [ -57.10208, -31.22708 ], [ -57.12656, -31.21146 ], [ -57.15651, -31.21797 ], [ -57.17708, -31.18542 ] ], [ [ -57.04375, -31.23125 ], [ -57.08542, -31.23542 ] ], [ [ -56.80625, -31.14375 ], [ -56.83984, -31.16745 ], [ -56.86042, -31.15208 ], [ -56.90208, -31.16042 ] ], [ [ -56.72708, -31.16042 ], [ -56.77552, -31.16458 ], [ -56.80208, -31.14375 ] ], [ [ -56.62292, -31.15208 ], [ -56.65625, -31.16458 ] ], [ [ -56.57708, -31.11458 ], [ -56.60208, -31.11875 ] ], [ [ -56.44792, -31.06458 ], [ -56.50156, -31.06068 ], [ -56.54375, -31.09375 ] ], [ [ -56.38542, -31.06458 ], [ -56.43542, -31.08125 ] ], [ [ -56.35625, -31.04375 ], [ -56.38542, -31.06458 ] ], [ [ -56.35625, -31.07708 ], [ -56.38542, -31.06458 ] ], [ [ -56.28542, -31.08958 ], [ -56.32292, -31.07292 ] ], [ [ -56.16875, -31.14375 ], [ -56.17292, -31.13125 ] ] ] } },
{ "type": "Feature", "properties": { "nombre": "Río Cebollatí", "DIS_AV_CMS": 336.998 }, "geometry": { "type": "MultiLineString", "coordinates": [ [ [ -55.10625, -33.69375 ], [ -55.08594, -33.68125 ], [ -55.05469, -33.69115 ], [ -55.04792, -33.70625 ] ], [ [ -54.98958, -33.71042 ], [ -54.98542, -33.71458 ] ], [ [ -54.95208, -33.70208 ], [ -54.90521, -33.70313 ], [ -54.91016, -33.7263 ], [ -54.88958, -33.73958 ], [ -54.90208, -33.76042 ] ], [ [ -54.91042, -33.78542 ], [ -54.87708, -33.77708 ], [ -54.85208, -33.79792 ], [ -54.83542, -33.78542 ] ], [ [ -54.67708, -33.79792 ], [ -54.67292, -33.79375 ] ], [ [ -54.41458, -33.66458 ], [ -54.36771, -33.61771 ], [ -54.31875, -33.61719 ], [ -54.28542, -33.58542 ] ], [ [ -54.24375, -33.47708 ], [ -54.21875, -33.48958 ] ], [ [ -54.22292, -33.51875 ], [ -54.21875, -33.48958 ] ], [ [ -54.21875, -33.48958 ], [ -54.19401, -33.4776 ], [ -54.14792, -33.48125 ], [ -54.13125, -33.46042 ] ], [ [ -54.11042, -33.44375 ], [ -54.06458, -33.44375 ] ], [ [ -53.98958, -33.38125 ], [ -53.96797, -33.34401 ], [ -53.94792, -33.33125 ], [ -53.91224, -33.33151 ], [ -53.87292, -33.28958 ] ], [ [ -53.86875, -33.27708 ], [ -53.84792, -33.25781 ], [ -53.83906, -33.26771 ], [ -53.81458, -33.25625 ] ], [ [ -53.80625, -33.23125 ], [ -53.79531, -33.20365 ], [ -53.74531, -33.18281 ], [ -53.72682, -33.1888 ], [ -53.71875, -33.17708 ] ], [ [ -53.67708, -33.16875 ], [ -53.64375, -33.16042 ] ], [ [ -53.66042, -33.13542 ], [ -53.64375, -33.16042 ] ], [ [ -53.64375, -33.16042 ], [ -53.6237, -33.14036 ], [ -53.61042, -33.17292 ] ] ] } },
{ "type": "Feature", "properties": { "nombre": "Río Cuareim", "DIS_AV_CMS": 326.488 }, "geometry": { "type": "MultiLineString", "coordinates": [ [ [ -57.26875, -30.28542 ], [ -57.28229, -30.29375 ], [ -57.29948, -30.27708 ], [ -57.36667, -30.27318 ], [ -57.39375, -30.30208 ], [ -57.41719, -30.30208 ], [ -57.42135, -30.27448 ], [ -57.46458, -30.26458 ], [ -57.53542, -30.28125 ], [ -57.56849, -30.25573 ], [ -57.55625, -30.22656 ], [ -57.56693, -30.20859 ], [ -57.625, -30.18568 ], [ -57.64375, -30.19375 ] ], [ [ -57.14792, -30.10208 ], [ -57.13464, -30.13594 ], [ -57.11458, -30.14792 ] ], [ [ -57.10208, -30.05625 ], [ -57.08125, -30.10365 ], [ -57.10208, -30.13958 ] ], [ [ -57.00625, -30.06042 ], [ -57.00469, -30.07865 ], [ -56.97708, -30.09375 ], [ -57.01042, -30.10625 ] ], [ [ -56.90208, -30.11042 ], [ -56.90625, -30.10625 ] ], [ [ -56.83542, -30.19375 ], [ -56.87031, -30.12552 ], [ -56.90208, -30.11042 ] ], [ [ -56.87708, -30.04792 ], [ -56.88958, -30.10208 ], [ -56.90208, -30.11042 ] ], [ [ -56.58125, -30.25625 ], [ -56.61927, -30.2513 ], [ -56.66042, -30.19792 ], [ -56.69323, -30.20182 ], [ -56.71094, -30.17734 ], [ -56.77292, -30.1638 ], [ -56.78385, -30.15208 ], [ -56.77865, -30.12969 ], [ -56.80885, -30.10365 ], [ -56.83125, -30.10208 ] ], [ [ -56.53542, -30.36458 ], [ -56.54974, -30.3487 ], [ -56.53958, -30.32708 ], [ -56.56823, -30.29453 ], [ -56.61875, -30.29375 ] ], [ [ -56.45625, -30.39375 ], [ -56.47135, -30.38542 ], [ -56.48958, -30.39792 ] ], [ [ -56.44375, -30.38958 ], [ -56.45625, -30.39375 ] ], [ [ -56.43958, -30.42292 ], [ -56.45625, -30.39375 ] ], [ [ -56.34792, -30.49792 ], [ -56.37708, -30.50208 ], [ -56.39766, -30.47656 ], [ -56.38958, -30.46042 ] ], [ [ -56.33542, -30.49792 ], [ -56.34792, -30.49792 ] ], [ [ -56.33958, -30.53542 ], [ -56.33281, -30.52552 ], [ -56.34792, -30.49792 ] ], [ [ -56.28958, -30.53125 ], [ -56.29792, -30.51875 ] ], [ [ -56.26875, -30.52708 ], [ -56.28958, -30.53125 ] ], [ [ -56.13958, -30.68542 ], [ -56.16302, -30.66563 ], [ -56.17865, -30.61302 ], [ -56.21875, -30.60625 ], [ -56.22865, -30.57969 ], [ -56.26146, -30.56693 ], [ -56.28958, -30.53125 ] ], [ [ -56.12708, -30.73542 ], [ -56.12786, -30.71823 ], [ -56.13958, -30.71458 ] ], [ [ -55.82292, -30.83542 ], [ -55.86875, -30.81458 ], [ -55.8901, -30.82188 ], [ -55.98542, -30.80964 ], [ -55.99375, -30.78958 ], [ -56.0526, -30.77604 ], [ -56.06719, -30.74948 ], [ -56.08932, -30.75495 ], [ -56.10208, -30.73958 ] ] ] } },
{ "type": "Feature", "properties": { "nombre": "Río Daymán", "DIS_AV_CMS": 5982.112 }, "geometry": { "type": "MultiLineString", "coordinates": [ [ [ -57.86875, -31.45625 ], [ -57.91875, -31.45625 ], [ -57.94948, -31.47031 ], [ -57.9362, -31.5013 ], [ -58.00313, -31.48542 ], [ -58.03958, -31.50208 ] ], [ [ -57.80625, -31.47708 ], [ -57.81042, -31.48125 ] ], [ [ -57.75208, -31.53125 ], [ -57.76875, -31.51875 ] ], [ [ -57.68542, -31.57292 ], [ -57.71094, -31.56458 ], [ -57.73125, -31.57292 ] ], [ [ -57.44375, -31.65625 ], [ -57.45208, -31.64792 ] ], [ [ -57.33958, -31.69375 ], [ -57.36042, -31.67708 ] ], [ [ -57.18542, -31.76458 ], [ -57.23958, -31.75208 ] ], [ [ -57.10625, -31.77708 ], [ -57.13542, -31.78542 ] ], [ [ -57.04375, -31.78542 ], [ -57.07708, -31.78542 ] ], [ [ -56.96875, -31.79375 ], [ -57.01875, -31.78542 ] ], [ [ -56.90625, -31.80208 ], [ -56.96042, -31.79792 ] ] ] } },
{ "type": "Feature", "properties": { "nombre": "Río Negro", "DIS_AV_CMS": 951.743 }, "geometry": { "type": "MultiLineString", "coordinates": [ [ [ -58.28958, -33.38125 ], [ -58.35208, -33.38542 ] ], [ [ -58.13125, -33.30208 ], [ -58.16094, -33.31016 ], [ -58.21953, -33.29531 ], [ -58.24792, -33.35625 ] ], [ [ -58.01458, -33.22708 ], [ -58.03125, -33.23958 ], [ -58.12057, -33.23021 ], [ -58.13542, -33.24375 ], [ -58.12708, -33.29792 ] ], [ [ -57.86875, -33.08958 ], [ -57.94531, -33.08281 ], [ -57.96042, -33.13542 ], [ -58.03906, -33.11484 ], [ -58.05182, -33.13151 ], [ -58.04375, -33.16458 ] ], [ [ -57.69375, -33.06042 ], [ -57.71719, -33.06042 ], [ -57.73958, -33.03958 ], [ -57.78906, -33.05625 ], [ -57.86719, -33.01875 ], [ -57.88151, -33.04323 ], [ -57.93542, -33.05703 ], [ -57.95625, -33.07708 ] ], [ [ -57.63542, -33.08125 ], [ -57.67708, -33.06458 ] ], [ [ -57.53958, -33.00625 ], [ -57.62031, -33.04115 ], [ -57.62031, -33.07344 ], [ -57.63542, -33.08125 ] ], [ [ -57.63125, -33.09375 ], [ -57.63542, -33.08125 ] ], [ [ -57.55208, -32.96042 ], [ -57.53958, -33.00625 ] ], [ [ -57.38958, -33.06875 ], [ -57.43073, -33.08932 ], [ -57.46042, -33.02292 ], [ -57.53958, -33.00625 ] ], [ [ -57.20208, -33.13542 ], [ -57.21979, -33.14375 ], [ -57.24375, -33.12708 ] ], [ [ -57.16042, -33.03125 ], [ -57.18958, -33.05208 ] ], [ [ -57.18542, -33.06042 ], [ -57.14479, -33.08021 ], [ -57.13542, -33.12292 ] ], [ [ -57.10208, -32.99375 ], [ -57.11875, -33.00208 ] ], [ [ -56.96458, -33.02292 ], [ -56.97292, -33.03125 ], [ -57.00208, -33.02292 ] ], [ [ -56.87292, -32.96458 ], [ -56.90182, -32.9724 ], [ -56.93281, -32.93542 ], [ -56.95625, -32.95625 ] ], [ [ -56.86042, -32.90625 ], [ -56.87708, -32.92708 ] ], [ [ -56.82292, -32.90208 ], [ -56.8151, -32.91432 ], [ -56.83125, -32.91875 ] ], [ [ -56.79375, -32.84792 ], [ -56.80052, -32.87552 ], [ -56.83125, -32.87708 ] ], [ [ -56.81458, -32.81458 ], [ -56.79375, -32.84792 ] ], [ [ -56.73125, -32.83542 ], [ -56.73958, -32.84792 ], [ -56.79375, -32.84792 ] ], [ [ -56.68542, -32.79792 ], [ -56.70208, -32.82604 ], [ -56.69635, -32.84219 ], [ -56.73125, -32.83542 ] ], [ [ -56.73125, -32.78958 ], [ -56.73125, -32.83542 ] ], [ [ -56.67292, -32.78542 ], [ -56.68542, -32.79792 ] ], [ [ -56.63958, -32.86042 ], [ -56.65885, -32.85339 ], [ -56.65781, -32.81719 ], [ -56.68542, -32.79792 ] ], [ [ -56.40625, -32.86875 ], [ -56.43646, -32.85938 ], [ -56.45365, -32.81042 ], [ -56.475, -32.81849 ], [ -56.48802, -32.80208 ], [ -56.50677, -32.82292 ], [ -56.5349, -32.81302 ], [ -56.56719, -32.83958 ], [ -56.56068, -32.81094 ], [ -56.58125, -32.80625 ] ], [ [ -56.40208, -32.81458 ], [ -56.41042, -32.81875 ] ], [ [ -56.26875, -32.83542 ], [ -56.33125, -32.81458 ] ], [ [ -56.19375, -32.71042 ], [ -56.20625, -32.75208 ] ], [ [ -56.16458, -32.68542 ], [ -56.17708, -32.69375 ] ], [ [ -55.77708, -32.58958 ], [ -55.81198, -32.59531 ], [ -55.82083, -32.62135 ], [ -55.95625, -32.61875 ] ], [ [ -55.79792, -32.49375 ], [ -55.77708, -32.50625 ] ], [ [ -55.77708, -32.50625 ], [ -55.75208, -32.52031 ], [ -55.76979, -32.55729 ], [ -55.79635, -32.56302 ], [ -55.77708, -32.58958 ] ], [ [ -55.75625, -32.61042 ], [ -55.77708, -32.58958 ] ], [ [ -55.65208, -32.48958 ], [ -55.68411, -32.53099 ], [ -55.70573, -32.52344 ], [ -55.7151, -32.49401 ], [ -55.77708, -32.50625 ] ], [ [ -55.42292, -32.46458 ], [ -55.43646, -32.42604 ], [ -55.47708, -32.41458 ], [ -55.49271, -32.4724 ], [ -55.47708, -32.49792 ], [ -55.56875, -32.49375 ] ], [ [ -55.34792, -32.43542 ], [ -55.38698, -32.44531 ], [ -55.39115, -32.46615 ], [ -55.41458, -32.47292 ] ], [ [ -55.14792, -32.46875 ], [ -55.16354, -32.45625 ], [ -55.17969, -32.46458 ], [ -55.21875, -32.45208 ] ], [ [ -55.14375, -32.51458 ], [ -55.14792, -32.46875 ] ], [ [ -54.97708, -32.43542 ], [ -55.0625, -32.47682 ], [ -55.14792, -32.46875 ] ], [ [ -54.76458, -32.11042 ], [ -54.77526, -32.14948 ], [ -54.81302, -32.20182 ], [ -54.80625, -32.23542 ] ], [ [ -54.68958, -32.11875 ], [ -54.71198, -32.10208 ], [ -54.76458, -32.11042 ] ], [ [ -54.72292, -32.08125 ], [ -54.76458, -32.11042 ] ], [ [ -54.57708, -32.07708 ], [ -54.58932, -32.09688 ], [ -54.62708, -32.11458 ] ], [ [ -54.54792, -32.00208 ], [ -54.54453, -32.02057 ], [ -54.56458, -32.05208 ] ], [ [ -54.43542, -31.84375 ], [ -54.49792, -31.83125 ] ], [ [ -54.46042, -31.74375 ], [ -54.49792, -31.72292 ] ], [ [ -54.46458, -31.66875 ], [ -54.48542, -31.70625 ] ], [ [ -54.46875, -31.62708 ], [ -54.46458, -31.66875 ] ], [ [ -54.39375, -31.67708 ], [ -54.46458, -31.66875 ] ], [ [ -54.43542, -31.41042 ], [ -54.38984, -31.5 ], [ -54.42292, -31.57188 ], [ -54.39792, -31.61875 ], [ -54.40573, -31.63464 ], [ -54.46458, -31.66875 ] ], [ [ -54.40625, -31.37708 ], [ -54.43125, -31.39792 ] ] ] } },
{ "type": "Feature", "properties": { "nombre": "Río Olimar Chico", "DIS_AV_CMS": 28.429 }, "geometry": { "type": "MultiLineString", "coordinates": [ [ [ -55.05625, -33.34375 ], [ -55.03958, -33.35208 ], [ -55.02969, -33.33958 ], [ -55.01719, -33.34792 ], [ -55.00208, -33.33958 ], [ -54.95104, -33.36875 ], [ -54.91745, -33.34818 ], [ -54.88151, -33.35156 ], [ -54.87448, -33.33281 ], [ -54.82708, -33.31875 ], [ -54.81042, -33.33542 ] ], [ [ -54.78958, -33.34375 ], [ -54.75469, -33.33385 ], [ -54.74375, -33.30703 ], [ -54.71615, -33.32708 ], [ -54.67708, -33.31875 ], [ -54.65234, -33.29505 ], [ -54.61875, -33.31458 ], [ -54.57969, -33.29792 ], [ -54.55208, -33.31458 ] ], [ [ -54.53542, -33.28958 ], [ -54.54271, -33.27656 ], [ -54.52813, -33.26927 ], [ -54.51875, -33.22708 ] ] ] } },
{ "type": "Feature", "properties": { "nombre": "Río Olimar Grande", "DIS_AV_CMS": 177.795 }, "geometry": { "type": "MultiLineString", "coordinates": [ [ [ -54.89375, -32.99792 ], [ -54.85469, -33.01875 ], [ -54.83542, -33.00208 ] ], [ [ -54.81458, -33.01458 ], [ -54.75703, -33.05573 ], [ -54.76953, -33.1026 ], [ -54.79948, -33.11198 ], [ -54.81615, -33.13385 ], [ -54.86458, -33.08958 ] ], [ [ -54.81875, -33.01042 ], [ -54.81458, -33.01458 ] ], [ [ -54.81042, -32.95625 ], [ -54.79583, -32.99063 ], [ -54.81458, -33.01458 ] ], [ [ -54.70208, -33.20625 ], [ -54.68958, -33.21042 ] ], [ [ -54.67708, -33.20625 ], [ -54.59375, -33.23958 ] ], [ [ -54.54375, -33.23958 ], [ -54.53125, -33.22708 ] ], [ [ -54.50625, -33.22292 ], [ -54.48802, -33.22135 ], [ -54.47005, -33.19974 ], [ -54.45625, -33.20625 ] ], [ [ -54.42708, -33.23958 ], [ -54.40677, -33.23568 ], [ -54.3349, -33.28516 ], [ -54.32292, -33.27708 ] ], [ [ -54.33125, -33.26458 ], [ -54.32292, -33.27708 ] ], [ [ -54.32292, -33.27708 ], [ -54.28229, -33.29375 ], [ -54.17292, -33.27292 ], [ -54.15781, -33.28125 ], [ -54.05885, -33.26719 ], [ -53.9599, -33.23125 ], [ -53.89375, -33.27292 ] ], [ [ -53.87292, -33.28958 ], [ -53.86875, -33.27708 ] ] ] } },
{ "type": "Feature", "properties": { "nombre": "Río Queguay Chico", "DIS_AV_CMS": 26.63 }, "geometry": { "type": "MultiLineString", "coordinates": [ [ [ -57.35625, -32.08542 ], [ -57.39792, -32.08958 ] ], [ [ -57.26042, -32.07708 ], [ -57.29401, -32.10547 ], [ -57.32292, -32.09375 ] ], [ [ -57.16875, -32.07292 ], [ -57.23958, -32.07708 ] ], [ [ -57.12292, -32.05625 ], [ -57.16042, -32.06875 ] ], [ [ -56.99375, -32.03958 ], [ -57.06667, -32.03984 ], [ -57.07708, -32.05208 ] ], [ [ -56.98125, -32.04375 ], [ -56.98542, -32.04375 ] ], [ [ -56.91042, -31.97708 ], [ -56.92214, -31.98229 ], [ -56.92708, -32.01042 ] ], [ [ -56.83542, -31.92708 ], [ -56.85625, -31.94792 ] ], [ [ -56.77708, -31.90625 ], [ -56.79375, -31.91458 ] ] ] } },
{ "type": "Feature", "properties": { "nombre": "Río Queguay Grande", "DIS_AV_CMS": 156.078 }, "geometry": { "type": "MultiLineString", "coordinates": [ [ [ -58.07708, -32.12292 ], [ -58.09115, -32.12552 ], [ -58.09375, -32.10625 ] ], [ [ -57.84375, -32.11875 ], [ -57.86432, -32.10339 ], [ -57.89115, -32.12292 ], [ -57.95208, -32.13464 ], [ -57.96875, -32.10885 ], [ -57.95208, -32.08958 ], [ -57.99427, -32.06875 ], [ -58.03958, -32.09375 ] ], [ [ -57.84375, -32.13958 ], [ -57.84375, -32.11875 ] ], [ [ -57.80208, -32.09792 ], [ -57.84375, -32.11875 ] ], [ [ -57.67708, -32.16875 ], [ -57.69453, -32.1487 ], [ -57.71875, -32.14792 ], [ -57.73385, -32.16823 ], [ -57.76719, -32.16875 ], [ -57.79219, -32.14115 ], [ -57.81875, -32.14792 ] ], [ [ -57.60208, -32.17708 ], [ -57.66458, -32.18125 ] ], [ [ -57.44792, -32.16875 ], [ -57.4724, -32.15729 ], [ -57.55339, -32.16849 ], [ -57.57708, -32.15208 ] ], [ [ -57.44792, -32.18125 ], [ -57.44792, -32.16875 ] ], [ [ -57.23125, -32.16875 ], [ -57.24792, -32.19792 ], [ -57.28411, -32.19401 ], [ -57.29688, -32.20625 ], [ -57.36771, -32.16875 ], [ -57.38021, -32.17708 ], [ -57.44792, -32.16875 ] ], [ [ -57.18958, -32.16042 ], [ -57.22708, -32.16875 ] ], [ [ -57.13125, -32.16875 ], [ -57.14792, -32.16875 ] ], [ [ -57.02708, -32.19792 ], [ -57.07292, -32.17448 ], [ -57.11042, -32.18542 ] ], [ [ -56.90625, -32.24375 ], [ -56.95208, -32.21458 ], [ -56.98229, -32.21797 ], [ -57.01042, -32.20208 ] ], [ [ -56.86458, -32.24375 ], [ -56.89792, -32.24792 ], [ -56.86458, -32.21875 ] ], [ [ -56.81042, -32.28125 ], [ -56.84792, -32.26042 ] ], [ [ -56.58542, -32.20625 ], [ -56.61875, -32.21042 ] ], [ [ -56.56458, -32.17292 ], [ -56.57292, -32.18958 ] ], [ [ -56.55625, -32.15625 ], [ -56.56042, -32.16875 ] ], [ [ -56.46042, -31.99792 ], [ -56.44792, -32.03542 ], [ -56.48542, -32.04792 ], [ -56.49792, -32.08125 ] ], [ [ -56.42708, -32.00625 ], [ -56.43958, -32.02708 ] ], [ [ -56.34792, -31.85625 ], [ -56.38125, -31.88125 ] ] ] } },
{ "type": "Feature", "properties": { "nombre": "Río Rosario", "DIS_AV_CMS": 31.142 }, "geometry": { "type": "MultiLineString", "coordinates": [ [ [ -57.33958, -34.31875 ], [ -57.32708, -34.32292 ], [ -57.28958, -34.29375 ] ], [ [ -57.31875, -34.36042 ], [ -57.33125, -34.39792 ] ], [ [ -57.25208, -34.26458 ], [ -57.27708, -34.28125 ] ], [ [ -57.21458, -34.07292 ], [ -57.2224, -34.08516 ], [ -57.19115, -34.12969 ], [ -57.15781, -34.14635 ], [ -57.14375, -34.18542 ] ], [ [ -57.15625, -34.22292 ], [ -57.20208, -34.26875 ] ], [ [ -57.14375, -34.18542 ], [ -57.16042, -34.21875 ] ], [ [ -57.10208, -34.15208 ], [ -57.14375, -34.18542 ] ] ] } },
{ "type": "Feature", "properties": { "nombre": "Río San José", "DIS_AV_CMS": 70.195 }, "geometry": { "type": "MultiLineString", "coordinates": [ [ [ -56.89375, -33.86875 ], [ -56.85625, -33.90625 ] ], [ [ -56.85208, -33.91042 ], [ -56.83958, -33.98958 ] ], [ [ -56.83958, -34.03125 ], [ -56.80208, -34.07292 ] ], [ [ -56.81042, -33.95625 ], [ -56.83958, -33.98958 ] ], [ [ -56.83958, -33.98958 ], [ -56.83542, -33.99792 ] ], [ [ -56.78125, -34.12708 ], [ -56.77708, -34.14375 ] ], [ [ -56.78125, -34.10208 ], [ -56.77708, -34.11458 ] ], [ [ -56.76042, -34.21042 ], [ -56.73646, -34.21354 ], [ -56.72292, -34.24375 ] ], [ [ -56.72292, -34.24375 ], [ -56.73958, -34.28125 ] ], [ [ -56.70625, -34.15625 ], [ -56.73125, -34.19115 ], [ -56.70625, -34.23281 ], [ -56.72292, -34.24375 ] ], [ [ -56.71458, -34.31458 ], [ -56.69036, -34.3224 ], [ -56.69375, -34.34792 ], [ -56.67708, -34.36458 ] ], [ [ -56.66042, -34.47708 ], [ -56.64375, -34.49375 ] ], [ [ -56.58542, -34.51875 ], [ -56.56875, -34.54792 ] ], [ [ -56.54375, -34.56875 ], [ -56.53542, -34.56875 ] ] ] } },
{ "type": "Feature", "properties": { "nombre": "Río San Juan", "DIS_AV_CMS": 24.599 }, "geometry": { "type": "MultiLineString", "coordinates": [ [ [ -57.93958, -34.23958 ], [ -57.95625, -34.24792 ] ], [ [ -57.74375, -34.16875 ], [ -57.81458, -34.20625 ] ], [ [ -57.66458, -34.20208 ], [ -57.74375, -34.16875 ] ], [ [ -57.67708, -34.13125 ], [ -57.74375, -34.16875 ] ], [ [ -57.65208, -34.10208 ], [ -57.65625, -34.10625 ] ], [ [ -57.53958, -34.01042 ], [ -57.58542, -34.06875 ] ] ] } },
{ "type": "Feature", "properties": { "nombre": "Río San Luis", "DIS_AV_CMS": 54.125 }, "geometry": { "type": "MultiLineString", "coordinates": [ [ [ -53.80625, -33.62708 ], [ -53.79323, -33.63047 ], [ -53.76849, -33.60286 ], [ -53.73854, -33.60625 ], [ -53.71875, -33.59375 ] ], [ [ -53.69375, -33.54792 ], [ -53.66458, -33.56042 ] ], [ [ -53.66875, -33.56458 ], [ -53.66458, -33.56042 ] ], [ [ -53.66458, -33.56042 ], [ -53.63125, -33.53958 ] ], [ [ -53.59792, -33.55208 ], [ -53.57708, -33.55625 ] ], [ [ -53.55625, -33.53958 ], [ -53.53958, -33.52292 ] ] ] } },
{ "type": "Feature", "properties": { "nombre": "Río San Salvador", "DIS_AV_CMS": 51.998 }, "geometry": { "type": "MultiLineString", "coordinates": [ [ [ -58.36042, -33.53125 ], [ -58.38125, -33.49375 ] ], [ [ -58.22708, -33.51875 ], [ -58.23958, -33.52708 ] ], [ [ -58.15625, -33.57708 ], [ -58.17083, -33.53776 ], [ -58.22708, -33.51875 ] ], [ [ -58.16042, -33.50208 ], [ -58.22682, -33.50286 ], [ -58.22708, -33.51875 ] ], [ [ -58.11042, -33.60625 ], [ -58.13542, -33.60625 ] ], [ [ -57.91042, -33.64792 ], [ -58.0099, -33.66771 ], [ -58.0224, -33.64063 ], [ -58.06458, -33.65208 ] ], [ [ -58.06458, -33.65208 ], [ -58.09115, -33.62031 ], [ -58.06823, -33.61146 ], [ -58.0224, -33.62266 ], [ -57.99792, -33.60625 ] ], [ [ -57.90208, -33.78125 ], [ -57.94792, -33.78125 ], [ -57.96458, -33.76458 ], [ -57.95313, -33.7474 ], [ -57.96875, -33.71875 ], [ -57.98542, -33.70208 ], [ -58.02292, -33.69792 ], [ -58.06458, -33.65208 ] ], [ [ -57.86458, -33.81458 ], [ -57.89375, -33.79375 ] ], [ [ -57.84792, -33.81458 ], [ -57.86042, -33.81042 ] ], [ [ -57.81875, -33.81042 ], [ -57.83542, -33.81042 ] ], [ [ -57.67708, -33.87708 ], [ -57.71016, -33.87656 ], [ -57.74792, -33.81875 ], [ -57.78125, -33.81042 ] ], [ [ -57.54792, -33.87708 ], [ -57.61797, -33.86901 ], [ -57.64375, -33.88125 ] ] ] } },
{ "type": "Feature", "properties": { "nombre": "Río Santa Lucía", "DIS_AV_CMS": 259.692 }, "geometry": { "type": "MultiLineString", "coordinates": [ [ [ -56.48125, -34.62708 ], [ -56.47708, -34.64792 ] ], [ [ -56.47292, -34.57708 ], [ -56.48125, -34.60625 ] ], [ [ -56.47292, -34.65208 ], [ -56.43958, -34.68542 ] ], [ [ -56.39375, -34.50208 ], [ -56.39219, -34.51302 ], [ -56.43958, -34.53542 ] ], [ [ -56.42292, -34.40625 ], [ -56.39375, -34.43125 ] ], [ [ -56.35208, -34.35625 ], [ -56.38385, -34.36719 ], [ -56.38542, -34.40625 ] ], [ [ -56.33125, -34.70625 ], [ -56.35391, -34.7224 ], [ -56.36042, -34.76042 ] ], [ [ -56.29792, -34.35625 ], [ -56.33958, -34.34792 ] ], [ [ -56.23542, -34.36875 ], [ -56.26458, -34.36042 ], [ -56.27865, -34.37135 ], [ -56.29792, -34.36042 ] ], [ [ -56.09792, -34.27292 ], [ -56.10208, -34.28958 ] ], [ [ -56.01042, -34.23958 ], [ -56.06458, -34.25625 ] ], [ [ -55.91042, -34.28542 ], [ -55.93672, -34.28932 ], [ -55.96042, -34.27708 ] ], [ [ -55.68125, -34.21458 ], [ -55.73125, -34.21458 ] ], [ [ -55.56042, -34.21458 ], [ -55.56458, -34.21875 ] ], [ [ -55.52708, -34.22292 ], [ -55.56042, -34.21458 ] ], [ [ -55.48542, -34.17292 ], [ -55.54688, -34.19688 ], [ -55.56042, -34.21458 ] ], [ [ -55.44792, -34.26458 ], [ -55.46042, -34.26458 ] ], [ [ -55.33542, -34.28958 ], [ -55.34792, -34.28125 ] ], [ [ -55.23125, -34.27708 ], [ -55.26458, -34.26875 ], [ -55.29792, -34.29375 ], [ -55.31875, -34.28542 ] ], [ [ -55.17708, -34.22292 ], [ -55.20625, -34.26042 ] ] ] } },
{ "type": "Feature", "properties": { "nombre": "Río Santa Lucía Chico", "DIS_AV_CMS": 155.238 }, "geometry": { "type": "MultiLineString", "coordinates": [ [ [ -56.33958, -34.34792 ], [ -56.35208, -34.35625 ] ], [ [ -56.17708, -34.06458 ], [ -56.21719, -34.11302 ], [ -56.23542, -34.16458 ], [ -56.29792, -34.22292 ], [ -56.30208, -34.26042 ], [ -56.34271, -34.30573 ], [ -56.33542, -34.32708 ] ], [ [ -56.11042, -34.00208 ], [ -56.13828, -34.00234 ], [ -56.15938, -34.01771 ], [ -56.16458, -34.04792 ] ], [ [ -56.04792, -33.98125 ], [ -56.07292, -33.99375 ] ], [ [ -55.94792, -33.96042 ], [ -55.97135, -33.95625 ], [ -55.98958, -33.96875 ] ], [ [ -55.76458, -33.96875 ], [ -55.81276, -33.97214 ], [ -55.83698, -33.95208 ], [ -55.91875, -33.96042 ] ] ] } },
{ "type": "Feature", "properties": { "nombre": "Río Tacuarembó", "DIS_AV_CMS": 275.759 }, "geometry": { "type": "MultiLineString", "coordinates": [ [ [ -55.80625, -31.33125 ], [ -55.81042, -31.39375 ] ], [ [ -55.79792, -31.31458 ], [ -55.80625, -31.32292 ] ], [ [ -55.71458, -31.11875 ], [ -55.72135, -31.15052 ], [ -55.75208, -31.15286 ], [ -55.76458, -31.16458 ], [ -55.75625, -31.17292 ], [ -55.77708, -31.18125 ], [ -55.76458, -31.22708 ], [ -55.79375, -31.23958 ], [ -55.79375, -31.28125 ] ], [ [ -55.77292, -31.51042 ], [ -55.72917, -31.53438 ], [ -55.68542, -31.53542 ] ], [ [ -55.74375, -31.10625 ], [ -55.71458, -31.11875 ] ], [ [ -55.67708, -31.06875 ], [ -55.6862, -31.09427 ], [ -55.71458, -31.11875 ] ], [ [ -55.68125, -31.54375 ], [ -55.66875, -31.58125 ] ], [ [ -55.66458, -31.58958 ], [ -55.66875, -31.61146 ], [ -55.65208, -31.64375 ] ], [ [ -55.65625, -31.66042 ], [ -55.65208, -31.68542 ] ], [ [ -55.58125, -32.04792 ], [ -55.55208, -32.13125 ] ], [ [ -55.54792, -32.13542 ], [ -55.48125, -32.17292 ] ], [ [ -55.51458, -32.00208 ], [ -55.53542, -31.98958 ] ], [ [ -55.53542, -31.76875 ], [ -55.51458, -31.79792 ] ], [ [ -55.48958, -31.90625 ], [ -55.51458, -31.95208 ] ], [ [ -55.51042, -31.80208 ], [ -55.48542, -31.82708 ] ], [ [ -55.48542, -32.35625 ], [ -55.47292, -32.38438 ], [ -55.48125, -32.39792 ] ], [ [ -55.47292, -31.85208 ], [ -55.48125, -31.86875 ] ], [ [ -55.44792, -32.17292 ], [ -55.44271, -32.18438 ], [ -55.46042, -32.19375 ] ], [ [ -55.40625, -32.30208 ], [ -55.41458, -32.33125 ] ] ] } },
{ "type": "Feature", "properties": { "nombre": "Río Tacuarí", "DIS_AV_CMS": 91.164 }, "geometry": { "type": "MultiLineString", "coordinates": [ [ [ -54.38958, -32.55208 ], [ -54.39792, -32.52448 ], [ -54.38125, -32.5026 ], [ -54.39271, -32.45938 ], [ -54.34063, -32.43958 ], [ -54.28542, -32.45208 ] ], [ [ -54.23542, -32.43958 ], [ -54.23125, -32.44375 ] ], [ [ -54.19792, -32.44792 ], [ -54.17292, -32.46042 ], [ -54.17135, -32.49479 ], [ -54.15677, -32.5138 ], [ -54.13698, -32.51302 ], [ -54.13958, -32.52708 ] ], [ [ -54.12708, -32.53125 ], [ -54.10365, -32.52292 ], [ -54.04792, -32.54375 ] ], [ [ -54.03125, -32.55625 ], [ -54.0388, -32.57708 ], [ -54.00339, -32.61432 ], [ -54.01875, -32.63542 ], [ -53.98958, -32.64792 ] ], [ [ -53.97708, -32.68125 ], [ -53.96615, -32.70052 ], [ -53.93542, -32.71458 ] ], [ [ -53.91042, -32.72292 ], [ -53.89375, -32.75208 ] ], [ [ -53.87708, -32.73542 ], [ -53.88125, -32.76042 ], [ -53.86068, -32.77214 ], [ -53.8375, -32.77682 ], [ -53.81458, -32.76458 ] ], [ [ -53.75208, -32.76875 ], [ -53.73542, -32.76875 ] ], [ [ -53.70208, -32.76458 ], [ -53.6401, -32.75208 ], [ -53.58542, -32.77292 ] ], [ [ -53.48542, -32.74375 ], [ -53.48542, -32.76042 ] ], [ [ -53.47708, -32.76458 ], [ -53.42865, -32.75625 ], [ -53.37135, -32.78125 ], [ -53.34792, -32.76042 ], [ -53.11042, -32.77292 ] ] ] } },
{ "type": "Feature", "properties": { "nombre": "Río Uruguay", "DIS_AV_CMS": 6422.978 }, "geometry": { "type": "MultiLineString", "coordinates": [ [ [ -58.29792, -31.88542 ], [ -58.19375, -31.91042 ], [ -58.1651, -31.94479 ], [ -58.15208, -32.00625 ] ], [ [ -58.22708, -32.35625 ], [ -58.19115, -32.35885 ], [ -58.18542, -32.41875 ] ], [ [ -58.22292, -32.51875 ], [ -58.19792, -32.45625 ], [ -58.21875, -32.44375 ] ], [ [ -58.19375, -32.48542 ], [ -58.14375, -32.67708 ] ], [ [ -58.15208, -31.83125 ], [ -58.18542, -31.86458 ] ], [ [ -58.15208, -32.01875 ], [ -58.16042, -32.10625 ], [ -58.17708, -32.11875 ] ], [ [ -58.11042, -32.23125 ], [ -58.10286, -32.30938 ], [ -58.14792, -32.36458 ] ], [ [ -58.14375, -32.71042 ], [ -58.14375, -32.74792 ] ], [ [ -58.13958, -32.76875 ], [ -58.13542, -32.80208 ] ], [ [ -58.09375, -32.78542 ], [ -58.13542, -32.80208 ] ], [ [ -58.13542, -32.80208 ], [ -58.12708, -32.83542 ] ], [ [ -58.12708, -32.90625 ], [ -58.11875, -32.91042 ] ], [ [ -58.11875, -32.82708 ], [ -58.12708, -32.83542 ] ], [ [ -58.12708, -32.83542 ], [ -58.11875, -32.91042 ] ], [ [ -58.07708, -31.81042 ], [ -58.12708, -31.82708 ] ], [ [ -58.12708, -31.41875 ], [ -58.07865, -31.44219 ], [ -58.08125, -31.48125 ], [ -58.03958, -31.50208 ] ], [ [ -58.11875, -32.91042 ], [ -58.10208, -32.94375 ] ], [ [ -58.06458, -31.73958 ], [ -58.05052, -31.73125 ], [ -58.03958, -31.73958 ] ], [ [ -58.05625, -31.60625 ], [ -58.02865, -31.61042 ], [ -58.00938, -31.59792 ], [ -57.98542, -31.61042 ] ], [ [ -58.04792, -31.39792 ], [ -58.03542, -31.42292 ] ], [ [ -58.03958, -31.73958 ], [ -58.04375, -31.76042 ] ], [ [ -58.03542, -31.42292 ], [ -58.04375, -31.42708 ] ], [ [ -58.02292, -31.71042 ], [ -58.03958, -31.73958 ] ], [ [ -57.98542, -31.34792 ], [ -57.98125, -31.38542 ], [ -58.03542, -31.42292 ] ], [ [ -58.03125, -31.50625 ], [ -57.9862, -31.57266 ], [ -57.98542, -31.61042 ] ], [ [ -58.00625, -31.66875 ], [ -58.00625, -31.67708 ] ], [ [ -58.00625, -31.27292 ], [ -57.95625, -31.29375 ], [ -57.93542, -31.26042 ] ], [ [ -57.98542, -31.61042 ], [ -57.98542, -31.62292 ] ], [ [ -57.96875, -31.20625 ], [ -57.93542, -31.26042 ] ], [ [ -57.91042, -31.23958 ], [ -57.93542, -31.26042 ] ], [ [ -57.88958, -30.55208 ], [ -57.88125, -30.55625 ] ], [ [ -57.79792, -30.93542 ], [ -57.82448, -30.93229 ], [ -57.84375, -30.91042 ], [ -57.88125, -30.94792 ] ], [ [ -57.88125, -30.58125 ], [ -57.87292, -30.60208 ] ], [ [ -57.83958, -30.46875 ], [ -57.86875, -30.50104 ], [ -57.87708, -30.54375 ] ], [ [ -57.87292, -31.03958 ], [ -57.87292, -31.08542 ] ], [ [ -57.85625, -30.61875 ], [ -57.83542, -30.67292 ], [ -57.83125, -30.65625 ] ], [ [ -57.82292, -30.73958 ], [ -57.81458, -30.75208 ] ], [ [ -57.81458, -30.71458 ], [ -57.81458, -30.75208 ] ], [ [ -57.81458, -30.75208 ], [ -57.81042, -30.83958 ] ], [ [ -57.79375, -30.82708 ], [ -57.79844, -30.87526 ], [ -57.81042, -30.88542 ] ], [ [ -57.81042, -30.44375 ], [ -57.83542, -30.46458 ], [ -57.80208, -30.48125 ] ], [ [ -57.74375, -30.40625 ], [ -57.79792, -30.44375 ] ], [ [ -57.66875, -30.36042 ], [ -57.74375, -30.40625 ] ], [ [ -57.74375, -30.35625 ], [ -57.74375, -30.40625 ] ], [ [ -57.62708, -30.16458 ], [ -57.63542, -30.17708 ], [ -57.56042, -30.16875 ] ], [ [ -57.52708, -30.18542 ], [ -57.56042, -30.16875 ] ], [ [ -57.45208, -30.09792 ], [ -57.56042, -30.16875 ] ], [ [ -57.32292, -29.96875 ], [ -57.35078, -30.00469 ], [ -57.39922, -30.02448 ], [ -57.43125, -30.06042 ] ], [ [ -57.32292, -29.88542 ], [ -57.32292, -29.93958 ] ], [ [ -57.24375, -29.78958 ], [ -57.30208, -29.84792 ] ] ] } },
{ "type": "Feature", "properties": { "nombre": "Río Yaguarón", "DIS_AV_CMS": 146.571 }, "geometry": { "type": "MultiLineString", "coordinates": [ [ [ -53.98542, -31.90625 ], [ -53.95208, -31.93125 ] ], [ [ -53.92292, -31.86042 ], [ -53.93203, -31.90625 ], [ -53.95208, -31.93125 ] ], [ [ -53.95208, -31.93125 ], [ -53.89115, -31.99219 ], [ -53.85521, -31.99896 ], [ -53.84792, -32.01875 ], [ -53.88125, -32.02292 ] ], [ [ -53.83958, -31.83125 ], [ -53.86198, -31.83281 ], [ -53.87839, -31.86016 ], [ -53.91875, -31.85208 ] ], [ [ -53.79792, -32.05208 ], [ -53.77552, -32.07292 ], [ -53.74635, -32.07865 ], [ -53.73958, -32.10625 ] ], [ [ -53.71042, -32.09375 ], [ -53.73958, -32.10625 ] ], [ [ -53.73958, -32.10625 ], [ -53.70729, -32.20104 ], [ -53.67708, -32.23125 ] ], [ [ -53.63958, -32.17292 ], [ -53.67708, -32.23125 ] ], [ [ -53.67708, -32.23125 ], [ -53.6763, -32.25599 ], [ -53.66042, -32.27292 ] ], [ [ -53.64375, -32.29792 ], [ -53.65521, -32.31406 ], [ -53.64792, -32.31875 ] ], [ [ -53.63958, -32.33958 ], [ -53.63542, -32.35625 ] ], [ [ -53.62292, -32.38958 ], [ -53.61458, -32.40208 ] ], [ [ -53.61458, -32.41042 ], [ -53.58281, -32.45052 ], [ -53.56458, -32.45208 ] ], [ [ -53.51042, -32.41042 ], [ -53.45625, -32.51458 ] ], [ [ -53.43542, -32.49375 ], [ -53.45625, -32.51458 ] ], [ [ -53.45625, -32.51458 ], [ -53.43125, -32.54792 ] ], [ [ -53.42292, -32.55625 ], [ -53.39349, -32.5849 ], [ -53.36979, -32.57188 ], [ -53.35677, -32.5888 ], [ -53.33177, -32.58568 ], [ -53.28646, -32.61875 ], [ -53.25182, -32.60286 ], [ -53.23281, -32.62969 ], [ -53.17708, -32.65208 ] ] ] } },
{ "type": "Feature", "properties": { "nombre": "Río Yí", "DIS_AV_CMS": 290.041 }, "geometry": { "type": "MultiLineString", "coordinates": [ [ [ -56.91458, -33.18125 ], [ -56.98542, -33.18125 ], [ -57.00781, -33.16042 ], [ -57.01953, -33.1763 ], [ -57.0651, -33.17604 ], [ -57.11875, -33.12292 ] ], [ [ -56.89792, -33.13125 ], [ -56.91458, -33.18125 ] ], [ [ -56.83542, -33.27708 ], [ -56.83542, -33.26458 ], [ -56.85833, -33.25729 ], [ -56.84792, -33.23281 ], [ -56.87109, -33.2 ], [ -56.91458, -33.18125 ] ], [ [ -56.74375, -33.28542 ], [ -56.76875, -33.26458 ] ], [ [ -56.65208, -33.33125 ], [ -56.67813, -33.29271 ], [ -56.72708, -33.26875 ] ], [ [ -56.48958, -33.37292 ], [ -56.52969, -33.36042 ], [ -56.5651, -33.37292 ], [ -56.62708, -33.36042 ] ], [ [ -56.41042, -33.38125 ], [ -56.43646, -33.38958 ], [ -56.46458, -33.37708 ] ], [ [ -56.36458, -33.35208 ], [ -56.38021, -33.37474 ], [ -56.41042, -33.38125 ] ], [ [ -56.36875, -33.43542 ], [ -56.38802, -33.42448 ], [ -56.41042, -33.38125 ] ], [ [ -56.11458, -33.48542 ], [ -56.13125, -33.49375 ], [ -56.19219, -33.46042 ], [ -56.23385, -33.48958 ], [ -56.26016, -33.46823 ], [ -56.25286, -33.45156 ], [ -56.27708, -33.43542 ], [ -56.33125, -33.43958 ] ], [ [ -55.96875, -33.41875 ], [ -55.99427, -33.41563 ], [ -56.00208, -33.42708 ] ], [ [ -55.90625, -33.41875 ], [ -55.93125, -33.40625 ] ], [ [ -55.76875, -33.39375 ], [ -55.88958, -33.43125 ] ], [ [ -55.71042, -33.34792 ], [ -55.76042, -33.37708 ] ], [ [ -55.64375, -33.36875 ], [ -55.64792, -33.36875 ] ], [ [ -55.49375, -33.28542 ], [ -55.53073, -33.28568 ], [ -55.55625, -33.31875 ], [ -55.57708, -33.31875 ] ], [ [ -55.45208, -33.28125 ], [ -55.48125, -33.28125 ] ], [ [ -55.43542, -33.27292 ], [ -55.44792, -33.27708 ] ], [ [ -55.38542, -33.23542 ], [ -55.42708, -33.25208 ] ], [ [ -55.35625, -33.26042 ], [ -55.38542, -33.23542 ] ], [ [ -55.34792, -33.22292 ], [ -55.38542, -33.23542 ] ], [ [ -55.31875, -33.20208 ], [ -55.33542, -33.21042 ] ], [ [ -55.27292, -33.23125 ], [ -55.31875, -33.20208 ] ], [ [ -55.23542, -33.18542 ], [ -55.25365, -33.20208 ], [ -55.26875, -33.19375 ], [ -55.31875, -33.20208 ] ] ] } }
]
}
